方块ID: 0, 注册名称: minecraft:air, 未本地化名称: tile.air
分析方块纹理类型:
面 0 纹理为null
面 1 纹理为null
面 2 纹理为null
面 3 纹理为null
面 4 纹理为null
面 5 纹理为null
结果: 所有面纹理均为null，可能使用完全自定义渲染
方块ID: 1, 注册名称: minecraft:stone, 未本地化名称: tile.stone
分析方块纹理类型:
面 0 纹理: stone
面 1 纹理: stone
面 2 纹理: stone
面 3 纹理: stone
面 4 纹理: stone
面 5 纹理: stone
结果: 所有面使用相同纹理，标准方块
方块ID: 2, 注册名称: minecraft:grass, 未本地化名称: tile.grass
分析方块纹理类型:
面 0 纹理: dirt
面 1 纹理: grass_top
面 2 纹理: grass_side
面 3 纹理: grass_side
面 4 纹理: grass_side
面 5 纹理: grass_side
结果: 不同面使用不同纹理，方向性方块
方块ID: 3, 注册名称: minecraft:dirt, 未本地化名称: tile.dirt
分析方块纹理类型:
面 0 纹理: dirt
面 1 纹理: dirt
面 2 纹理: dirt
面 3 纹理: dirt
面 4 纹理: dirt
面 5 纹理: dirt
结果: 所有面使用相同纹理，标准方块
方块ID: 4, 注册名称: minecraft:cobblestone, 未本地化名称: tile.stonebrick
分析方块纹理类型:
面 0 纹理: cobblestone
面 1 纹理: cobblestone
面 2 纹理: cobblestone
面 3 纹理: cobblestone
面 4 纹理: cobblestone
面 5 纹理: cobblestone
结果: 所有面使用相同纹理，标准方块
方块ID: 5, 注册名称: minecraft:planks, 未本地化名称: tile.wood
分析方块纹理类型:
面 0 纹理: planks_oak
面 1 纹理: planks_oak
面 2 纹理: planks_oak
面 3 纹理: planks_oak
面 4 纹理: planks_oak
面 5 纹理: planks_oak
结果: 所有面使用相同纹理，标准方块
方块ID: 6, 注册名称: minecraft:sapling, 未本地化名称: tile.sapling
分析方块纹理类型:
面 0 纹理: sapling_oak
面 1 纹理: sapling_oak
面 2 纹理: sapling_oak
面 3 纹理: sapling_oak
面 4 纹理: sapling_oak
面 5 纹理: sapling_oak
结果: 所有面使用相同纹理，标准方块
方块ID: 7, 注册名称: minecraft:bedrock, 未本地化名称: tile.bedrock
分析方块纹理类型:
面 0 纹理: bedrock
面 1 纹理: bedrock
面 2 纹理: bedrock
面 3 纹理: bedrock
面 4 纹理: bedrock
面 5 纹理: bedrock
结果: 所有面使用相同纹理，标准方块
方块ID: 8, 注册名称: minecraft:flowing_water, 未本地化名称: tile.water
分析方块纹理类型:
面 0 纹理: water_still
面 1 纹理: water_still
面 2 纹理: water_flow
面 3 纹理: water_flow
面 4 纹理: water_flow
面 5 纹理: water_flow
结果: 不同面使用不同纹理，方向性方块
方块ID: 9, 注册名称: minecraft:water, 未本地化名称: tile.water
分析方块纹理类型:
面 0 纹理: water_still
面 1 纹理: water_still
面 2 纹理: water_flow
面 3 纹理: water_flow
面 4 纹理: water_flow
面 5 纹理: water_flow
结果: 不同面使用不同纹理，方向性方块
方块ID: 10, 注册名称: minecraft:flowing_lava, 未本地化名称: tile.lava
分析方块纹理类型:
面 0 纹理: lava_still
面 1 纹理: lava_still
面 2 纹理: lava_flow
面 3 纹理: lava_flow
面 4 纹理: lava_flow
面 5 纹理: lava_flow
结果: 不同面使用不同纹理，方向性方块
方块ID: 11, 注册名称: minecraft:lava, 未本地化名称: tile.lava
分析方块纹理类型:
面 0 纹理: lava_still
面 1 纹理: lava_still
面 2 纹理: lava_flow
面 3 纹理: lava_flow
面 4 纹理: lava_flow
面 5 纹理: lava_flow
结果: 不同面使用不同纹理，方向性方块
方块ID: 12, 注册名称: minecraft:sand, 未本地化名称: tile.sand
分析方块纹理类型:
面 0 纹理: sand
面 1 纹理: sand
面 2 纹理: sand
面 3 纹理: sand
面 4 纹理: sand
面 5 纹理: sand
结果: 所有面使用相同纹理，标准方块
方块ID: 13, 注册名称: minecraft:gravel, 未本地化名称: tile.gravel
分析方块纹理类型:
面 0 纹理: gravel
面 1 纹理: gravel
面 2 纹理: gravel
面 3 纹理: gravel
面 4 纹理: gravel
面 5 纹理: gravel
结果: 所有面使用相同纹理，标准方块
方块ID: 14, 注册名称: minecraft:gold_ore, 未本地化名称: tile.oreGold
分析方块纹理类型:
面 0 纹理: gold_ore
面 1 纹理: gold_ore
面 2 纹理: gold_ore
面 3 纹理: gold_ore
面 4 纹理: gold_ore
面 5 纹理: gold_ore
结果: 所有面使用相同纹理，标准方块
方块ID: 15, 注册名称: minecraft:iron_ore, 未本地化名称: tile.oreIron
分析方块纹理类型:
面 0 纹理: iron_ore
面 1 纹理: iron_ore
面 2 纹理: iron_ore
面 3 纹理: iron_ore
面 4 纹理: iron_ore
面 5 纹理: iron_ore
结果: 所有面使用相同纹理，标准方块
方块ID: 16, 注册名称: minecraft:coal_ore, 未本地化名称: tile.oreCoal
分析方块纹理类型:
面 0 纹理: coal_ore
面 1 纹理: coal_ore
面 2 纹理: coal_ore
面 3 纹理: coal_ore
面 4 纹理: coal_ore
面 5 纹理: coal_ore
结果: 所有面使用相同纹理，标准方块
方块ID: 17, 注册名称: minecraft:log, 未本地化名称: tile.log
分析方块纹理类型:
面 0 纹理: log_oak_top
面 1 纹理: log_oak_top
面 2 纹理: log_oak
面 3 纹理: log_oak
面 4 纹理: log_oak
面 5 纹理: log_oak
结果: 不同面使用不同纹理，方向性方块
方块ID: 18, 注册名称: minecraft:leaves, 未本地化名称: tile.leaves
分析方块纹理类型:
面 0 纹理: leaves_oak
面 1 纹理: leaves_oak
面 2 纹理: leaves_oak
面 3 纹理: leaves_oak
面 4 纹理: leaves_oak
面 5 纹理: leaves_oak
结果: 所有面使用相同纹理，标准方块
方块ID: 19, 注册名称: minecraft:sponge, 未本地化名称: tile.sponge
分析方块纹理类型:
面 0 纹理: sponge
面 1 纹理: sponge
面 2 纹理: sponge
面 3 纹理: sponge
面 4 纹理: sponge
面 5 纹理: sponge
结果: 所有面使用相同纹理，标准方块
方块ID: 20, 注册名称: minecraft:glass, 未本地化名称: tile.glass
分析方块纹理类型:
面 0 纹理: glass
面 1 纹理: glass
面 2 纹理: glass
面 3 纹理: glass
面 4 纹理: glass
面 5 纹理: glass
结果: 所有面使用相同纹理，标准方块
方块ID: 21, 注册名称: minecraft:lapis_ore, 未本地化名称: tile.oreLapis
分析方块纹理类型:
面 0 纹理: lapis_ore
面 1 纹理: lapis_ore
面 2 纹理: lapis_ore
面 3 纹理: lapis_ore
面 4 纹理: lapis_ore
面 5 纹理: lapis_ore
结果: 所有面使用相同纹理，标准方块
方块ID: 22, 注册名称: minecraft:lapis_block, 未本地化名称: tile.blockLapis
分析方块纹理类型:
面 0 纹理: lapis_block
面 1 纹理: lapis_block
面 2 纹理: lapis_block
面 3 纹理: lapis_block
面 4 纹理: lapis_block
面 5 纹理: lapis_block
结果: 所有面使用相同纹理，标准方块
方块ID: 23, 注册名称: minecraft:dispenser, 未本地化名称: tile.dispenser
分析方块纹理类型:
面 0 纹理: dispenser_front_vertical
面 1 纹理: furnace_top
面 2 纹理: furnace_top
面 3 纹理: furnace_top
面 4 纹理: furnace_top
面 5 纹理: furnace_top
结果: 不同面使用不同纹理，方向性方块
方块ID: 24, 注册名称: minecraft:sandstone, 未本地化名称: tile.sandStone
分析方块纹理类型:
面 0 纹理: sandstone_bottom
面 1 纹理: sandstone_top
面 2 纹理: sandstone_normal
面 3 纹理: sandstone_normal
面 4 纹理: sandstone_normal
面 5 纹理: sandstone_normal
结果: 不同面使用不同纹理，方向性方块
方块ID: 25, 注册名称: minecraft:noteblock, 未本地化名称: tile.musicBlock
分析方块纹理类型:
面 0 纹理: noteblock
面 1 纹理: noteblock
面 2 纹理: noteblock
面 3 纹理: noteblock
面 4 纹理: noteblock
面 5 纹理: noteblock
结果: 所有面使用相同纹理，标准方块
方块ID: 26, 注册名称: minecraft:bed, 未本地化名称: tile.bed
分析方块纹理类型:
面 0 纹理: planks_oak
面 1 纹理: bed_feet_top
面 2 纹理: bed_feet_end
面 3 纹理: bed_feet_top
面 4 纹理: bed_feet_side
面 5 纹理: bed_feet_side
结果: 不同面使用不同纹理，方向性方块
方块ID: 27, 注册名称: minecraft:golden_rail, 未本地化名称: tile.goldenRail
分析方块纹理类型:
面 0 纹理: rail_golden
面 1 纹理: rail_golden
面 2 纹理: rail_golden
面 3 纹理: rail_golden
面 4 纹理: rail_golden
面 5 纹理: rail_golden
结果: 所有面使用相同纹理，标准方块
方块ID: 28, 注册名称: minecraft:detector_rail, 未本地化名称: tile.detectorRail
分析方块纹理类型:
面 0 纹理: rail_detector
面 1 纹理: rail_detector
面 2 纹理: rail_detector
面 3 纹理: rail_detector
面 4 纹理: rail_detector
面 5 纹理: rail_detector
结果: 所有面使用相同纹理，标准方块
方块ID: 29, 注册名称: minecraft:sticky_piston, 未本地化名称: tile.pistonStickyBase
分析方块纹理类型:
面 0 纹理: piston_top_sticky
面 1 纹理: piston_bottom
面 2 纹理: piston_side
面 3 纹理: piston_side
面 4 纹理: piston_side
面 5 纹理: piston_side
结果: 不同面使用不同纹理，方向性方块
方块ID: 30, 注册名称: minecraft:web, 未本地化名称: tile.web
分析方块纹理类型:
面 0 纹理: web
面 1 纹理: web
面 2 纹理: web
面 3 纹理: web
面 4 纹理: web
面 5 纹理: web
结果: 所有面使用相同纹理，标准方块
方块ID: 31, 注册名称: minecraft:tallgrass, 未本地化名称: tile.tallgrass
分析方块纹理类型:
面 0 纹理: deadbush
面 1 纹理: deadbush
面 2 纹理: deadbush
面 3 纹理: deadbush
面 4 纹理: deadbush
面 5 纹理: deadbush
结果: 所有面使用相同纹理，标准方块
方块ID: 32, 注册名称: minecraft:deadbush, 未本地化名称: tile.deadbush
分析方块纹理类型:
面 0 纹理: deadbush
面 1 纹理: deadbush
面 2 纹理: deadbush
面 3 纹理: deadbush
面 4 纹理: deadbush
面 5 纹理: deadbush
结果: 所有面使用相同纹理，标准方块
方块ID: 33, 注册名称: minecraft:piston, 未本地化名称: tile.pistonBase
分析方块纹理类型:
面 0 纹理: piston_top_normal
面 1 纹理: piston_bottom
面 2 纹理: piston_side
面 3 纹理: piston_side
面 4 纹理: piston_side
面 5 纹理: piston_side
结果: 不同面使用不同纹理，方向性方块
方块ID: 34, 注册名称: minecraft:piston_head, 未本地化名称: tile.null
分析方块纹理类型:
面 0 纹理: piston_top_normal
面 1 纹理: piston_top_normal
面 2 纹理: piston_side
面 3 纹理: piston_side
面 4 纹理: piston_side
面 5 纹理: piston_side
结果: 不同面使用不同纹理，方向性方块
方块ID: 35, 注册名称: minecraft:wool, 未本地化名称: tile.cloth
分析方块纹理类型:
面 0 纹理: wool_colored_white
面 1 纹理: wool_colored_white
面 2 纹理: wool_colored_white
面 3 纹理: wool_colored_white
面 4 纹理: wool_colored_white
面 5 纹理: wool_colored_white
结果: 所有面使用相同纹理，标准方块
方块ID: 36, 注册名称: minecraft:piston_extension, 未本地化名称: tile.null
分析方块纹理类型:
面 0 纹理: piston_top_normal
面 1 纹理: piston_top_normal
面 2 纹理: piston_top_normal
面 3 纹理: piston_top_normal
面 4 纹理: piston_top_normal
面 5 纹理: piston_top_normal
结果: 所有面使用相同纹理，标准方块
方块ID: 37, 注册名称: minecraft:yellow_flower, 未本地化名称: tile.flower1
分析方块纹理类型:
面 0 纹理: flower_dandelion
面 1 纹理: flower_dandelion
面 2 纹理: flower_dandelion
面 3 纹理: flower_dandelion
面 4 纹理: flower_dandelion
面 5 纹理: flower_dandelion
结果: 所有面使用相同纹理，标准方块
方块ID: 38, 注册名称: minecraft:red_flower, 未本地化名称: tile.flower2
分析方块纹理类型:
面 0 纹理: flower_rose
面 1 纹理: flower_rose
面 2 纹理: flower_rose
面 3 纹理: flower_rose
面 4 纹理: flower_rose
面 5 纹理: flower_rose
结果: 所有面使用相同纹理，标准方块
方块ID: 39, 注册名称: minecraft:brown_mushroom, 未本地化名称: tile.mushroom
分析方块纹理类型:
面 0 纹理: mushroom_brown
面 1 纹理: mushroom_brown
面 2 纹理: mushroom_brown
面 3 纹理: mushroom_brown
面 4 纹理: mushroom_brown
面 5 纹理: mushroom_brown
结果: 所有面使用相同纹理，标准方块
方块ID: 40, 注册名称: minecraft:red_mushroom, 未本地化名称: tile.mushroom
分析方块纹理类型:
面 0 纹理: mushroom_red
面 1 纹理: mushroom_red
面 2 纹理: mushroom_red
面 3 纹理: mushroom_red
面 4 纹理: mushroom_red
面 5 纹理: mushroom_red
结果: 所有面使用相同纹理，标准方块
方块ID: 41, 注册名称: minecraft:gold_block, 未本地化名称: tile.blockGold
分析方块纹理类型:
面 0 纹理: gold_block
面 1 纹理: gold_block
面 2 纹理: gold_block
面 3 纹理: gold_block
面 4 纹理: gold_block
面 5 纹理: gold_block
结果: 所有面使用相同纹理，标准方块
方块ID: 42, 注册名称: minecraft:iron_block, 未本地化名称: tile.blockIron
分析方块纹理类型:
面 0 纹理: iron_block
面 1 纹理: iron_block
面 2 纹理: iron_block
面 3 纹理: iron_block
面 4 纹理: iron_block
面 5 纹理: iron_block
结果: 所有面使用相同纹理，标准方块
方块ID: 43, 注册名称: minecraft:double_stone_slab, 未本地化名称: tile.stoneSlab
分析方块纹理类型:
面 0 纹理: stone_slab_top
面 1 纹理: stone_slab_top
面 2 纹理: stone_slab_side
面 3 纹理: stone_slab_side
面 4 纹理: stone_slab_side
面 5 纹理: stone_slab_side
结果: 不同面使用不同纹理，方向性方块
方块ID: 44, 注册名称: minecraft:stone_slab, 未本地化名称: tile.stoneSlab
分析方块纹理类型:
面 0 纹理: stone_slab_top
面 1 纹理: stone_slab_top
面 2 纹理: stone_slab_side
面 3 纹理: stone_slab_side
面 4 纹理: stone_slab_side
面 5 纹理: stone_slab_side
结果: 不同面使用不同纹理，方向性方块
方块ID: 45, 注册名称: minecraft:brick_block, 未本地化名称: tile.brick
分析方块纹理类型:
面 0 纹理: brick
面 1 纹理: brick
面 2 纹理: brick
面 3 纹理: brick
面 4 纹理: brick
面 5 纹理: brick
结果: 所有面使用相同纹理，标准方块
方块ID: 46, 注册名称: minecraft:tnt, 未本地化名称: tile.tnt
分析方块纹理类型:
面 0 纹理: tnt_bottom
面 1 纹理: tnt_top
面 2 纹理: tnt_side
面 3 纹理: tnt_side
面 4 纹理: tnt_side
面 5 纹理: tnt_side
结果: 不同面使用不同纹理，方向性方块
方块ID: 47, 注册名称: minecraft:bookshelf, 未本地化名称: tile.bookshelf
分析方块纹理类型:
面 0 纹理: planks_oak
面 1 纹理: planks_oak
面 2 纹理: bookshelf
面 3 纹理: bookshelf
面 4 纹理: bookshelf
面 5 纹理: bookshelf
结果: 不同面使用不同纹理，方向性方块
方块ID: 48, 注册名称: minecraft:mossy_cobblestone, 未本地化名称: tile.stoneMoss
分析方块纹理类型:
面 0 纹理: cobblestone_mossy
面 1 纹理: cobblestone_mossy
面 2 纹理: cobblestone_mossy
面 3 纹理: cobblestone_mossy
面 4 纹理: cobblestone_mossy
面 5 纹理: cobblestone_mossy
结果: 所有面使用相同纹理，标准方块
方块ID: 49, 注册名称: minecraft:obsidian, 未本地化名称: tile.obsidian
分析方块纹理类型:
面 0 纹理: obsidian
面 1 纹理: obsidian
面 2 纹理: obsidian
面 3 纹理: obsidian
面 4 纹理: obsidian
面 5 纹理: obsidian
结果: 所有面使用相同纹理，标准方块
方块ID: 50, 注册名称: minecraft:torch, 未本地化名称: tile.torch
分析方块纹理类型:
面 0 纹理: torch_on
面 1 纹理: torch_on
面 2 纹理: torch_on
面 3 纹理: torch_on
面 4 纹理: torch_on
面 5 纹理: torch_on
结果: 所有面使用相同纹理，标准方块
方块ID: 51, 注册名称: minecraft:fire, 未本地化名称: tile.fire
分析方块纹理类型:
面 0 纹理: fire_layer_0
面 1 纹理: fire_layer_0
面 2 纹理: fire_layer_0
面 3 纹理: fire_layer_0
面 4 纹理: fire_layer_0
面 5 纹理: fire_layer_0
结果: 所有面使用相同纹理，标准方块
方块ID: 52, 注册名称: minecraft:mob_spawner, 未本地化名称: tile.mobSpawner
分析方块纹理类型:
面 0 纹理: mob_spawner
面 1 纹理: mob_spawner
面 2 纹理: mob_spawner
面 3 纹理: mob_spawner
面 4 纹理: mob_spawner
面 5 纹理: mob_spawner
结果: 所有面使用相同纹理，标准方块
方块ID: 53, 注册名称: minecraft:oak_stairs, 未本地化名称: tile.stairsWood
分析方块纹理类型:
面 0 纹理: planks_oak
面 1 纹理: planks_oak
面 2 纹理: planks_oak
面 3 纹理: planks_oak
面 4 纹理: planks_oak
面 5 纹理: planks_oak
结果: 所有面使用相同纹理，标准方块
方块ID: 54, 注册名称: minecraft:chest, 未本地化名称: tile.chest
分析方块纹理类型:
面 0 纹理: planks_oak
面 1 纹理: planks_oak
面 2 纹理: planks_oak
面 3 纹理: planks_oak
面 4 纹理: planks_oak
面 5 纹理: planks_oak
结果: 所有面使用相同纹理，标准方块
方块ID: 55, 注册名称: minecraft:redstone_wire, 未本地化名称: tile.redstoneDust
分析方块纹理类型:
面 0 纹理: redstone_dust_cross
面 1 纹理: redstone_dust_cross
面 2 纹理: redstone_dust_cross
面 3 纹理: redstone_dust_cross
面 4 纹理: redstone_dust_cross
面 5 纹理: redstone_dust_cross
结果: 所有面使用相同纹理，标准方块
方块ID: 56, 注册名称: minecraft:diamond_ore, 未本地化名称: tile.oreDiamond
分析方块纹理类型:
面 0 纹理: diamond_ore
面 1 纹理: diamond_ore
面 2 纹理: diamond_ore
面 3 纹理: diamond_ore
面 4 纹理: diamond_ore
面 5 纹理: diamond_ore
结果: 所有面使用相同纹理，标准方块
方块ID: 57, 注册名称: minecraft:diamond_block, 未本地化名称: tile.blockDiamond
分析方块纹理类型:
面 0 纹理: diamond_block
面 1 纹理: diamond_block
面 2 纹理: diamond_block
面 3 纹理: diamond_block
面 4 纹理: diamond_block
面 5 纹理: diamond_block
结果: 所有面使用相同纹理，标准方块
方块ID: 58, 注册名称: minecraft:crafting_table, 未本地化名称: tile.workbench
分析方块纹理类型:
面 0 纹理: planks_oak
面 1 纹理: crafting_table_top
面 2 纹理: crafting_table_front
面 3 纹理: crafting_table_side
面 4 纹理: crafting_table_front
面 5 纹理: crafting_table_side
结果: 不同面使用不同纹理，方向性方块
方块ID: 59, 注册名称: minecraft:wheat, 未本地化名称: tile.crops
分析方块纹理类型:
面 0 纹理: wheat_stage_0
面 1 纹理: wheat_stage_0
面 2 纹理: wheat_stage_0
面 3 纹理: wheat_stage_0
面 4 纹理: wheat_stage_0
面 5 纹理: wheat_stage_0
结果: 所有面使用相同纹理，标准方块
方块ID: 60, 注册名称: minecraft:farmland, 未本地化名称: tile.farmland
分析方块纹理类型:
面 0 纹理: dirt
面 1 纹理: farmland_dry
面 2 纹理: dirt
面 3 纹理: dirt
面 4 纹理: dirt
面 5 纹理: dirt
结果: 不同面使用不同纹理，方向性方块
方块ID: 61, 注册名称: minecraft:furnace, 未本地化名称: tile.furnace
分析方块纹理类型:
面 0 纹理: furnace_top
面 1 纹理: furnace_top
面 2 纹理: furnace_side
面 3 纹理: furnace_side
面 4 纹理: furnace_side
面 5 纹理: furnace_side
结果: 不同面使用不同纹理，方向性方块
方块ID: 62, 注册名称: minecraft:lit_furnace, 未本地化名称: tile.furnace
分析方块纹理类型:
面 0 纹理: furnace_top
面 1 纹理: furnace_top
面 2 纹理: furnace_side
面 3 纹理: furnace_side
面 4 纹理: furnace_side
面 5 纹理: furnace_side
结果: 不同面使用不同纹理，方向性方块
方块ID: 63, 注册名称: minecraft:standing_sign, 未本地化名称: tile.sign
分析方块纹理类型:
面 0 纹理: planks_oak
面 1 纹理: planks_oak
面 2 纹理: planks_oak
面 3 纹理: planks_oak
面 4 纹理: planks_oak
面 5 纹理: planks_oak
结果: 所有面使用相同纹理，标准方块
方块ID: 64, 注册名称: minecraft:wooden_door, 未本地化名称: tile.doorWood
分析方块纹理类型:
面 0 纹理: door_wood_lower
面 1 纹理: door_wood_lower
面 2 纹理: door_wood_lower
面 3 纹理: door_wood_lower
面 4 纹理: door_wood_lower
面 5 纹理: door_wood_lower
结果: 所有面使用相同纹理，标准方块
方块ID: 65, 注册名称: minecraft:ladder, 未本地化名称: tile.ladder
分析方块纹理类型:
面 0 纹理: ladder
面 1 纹理: ladder
面 2 纹理: ladder
面 3 纹理: ladder
面 4 纹理: ladder
面 5 纹理: ladder
结果: 所有面使用相同纹理，标准方块
方块ID: 66, 注册名称: minecraft:rail, 未本地化名称: tile.rail
分析方块纹理类型:
面 0 纹理: rail_normal
面 1 纹理: rail_normal
面 2 纹理: rail_normal
面 3 纹理: rail_normal
面 4 纹理: rail_normal
面 5 纹理: rail_normal
结果: 所有面使用相同纹理，标准方块
方块ID: 67, 注册名称: minecraft:stone_stairs, 未本地化名称: tile.stairsStone
分析方块纹理类型:
面 0 纹理: cobblestone
面 1 纹理: cobblestone
面 2 纹理: cobblestone
面 3 纹理: cobblestone
面 4 纹理: cobblestone
面 5 纹理: cobblestone
结果: 所有面使用相同纹理，标准方块
方块ID: 68, 注册名称: minecraft:wall_sign, 未本地化名称: tile.sign
分析方块纹理类型:
面 0 纹理: planks_oak
面 1 纹理: planks_oak
面 2 纹理: planks_oak
面 3 纹理: planks_oak
面 4 纹理: planks_oak
面 5 纹理: planks_oak
结果: 所有面使用相同纹理，标准方块
方块ID: 69, 注册名称: minecraft:lever, 未本地化名称: tile.lever
分析方块纹理类型:
面 0 纹理: lever
面 1 纹理: lever
面 2 纹理: lever
面 3 纹理: lever
面 4 纹理: lever
面 5 纹理: lever
结果: 所有面使用相同纹理，标准方块
方块ID: 70, 注册名称: minecraft:stone_pressure_plate, 未本地化名称: tile.pressurePlate
分析方块纹理类型:
面 0 纹理: stone
面 1 纹理: stone
面 2 纹理: stone
面 3 纹理: stone
面 4 纹理: stone
面 5 纹理: stone
结果: 所有面使用相同纹理，标准方块
方块ID: 71, 注册名称: minecraft:iron_door, 未本地化名称: tile.doorIron
分析方块纹理类型:
面 0 纹理: door_iron_lower
面 1 纹理: door_iron_lower
面 2 纹理: door_iron_lower
面 3 纹理: door_iron_lower
面 4 纹理: door_iron_lower
面 5 纹理: door_iron_lower
结果: 所有面使用相同纹理，标准方块
方块ID: 72, 注册名称: minecraft:wooden_pressure_plate, 未本地化名称: tile.pressurePlate
分析方块纹理类型:
面 0 纹理: planks_oak
面 1 纹理: planks_oak
面 2 纹理: planks_oak
面 3 纹理: planks_oak
面 4 纹理: planks_oak
面 5 纹理: planks_oak
结果: 所有面使用相同纹理，标准方块
方块ID: 73, 注册名称: minecraft:redstone_ore, 未本地化名称: tile.oreRedstone
分析方块纹理类型:
面 0 纹理: redstone_ore
面 1 纹理: redstone_ore
面 2 纹理: redstone_ore
面 3 纹理: redstone_ore
面 4 纹理: redstone_ore
面 5 纹理: redstone_ore
结果: 所有面使用相同纹理，标准方块
方块ID: 74, 注册名称: minecraft:lit_redstone_ore, 未本地化名称: tile.oreRedstone
分析方块纹理类型:
面 0 纹理: redstone_ore
面 1 纹理: redstone_ore
面 2 纹理: redstone_ore
面 3 纹理: redstone_ore
面 4 纹理: redstone_ore
面 5 纹理: redstone_ore
结果: 所有面使用相同纹理，标准方块
方块ID: 75, 注册名称: minecraft:unlit_redstone_torch, 未本地化名称: tile.notGate
分析方块纹理类型:
面 0 纹理: redstone_torch_off
面 1 纹理: redstone_torch_off
面 2 纹理: redstone_torch_off
面 3 纹理: redstone_torch_off
面 4 纹理: redstone_torch_off
面 5 纹理: redstone_torch_off
结果: 所有面使用相同纹理，标准方块
方块ID: 76, 注册名称: minecraft:redstone_torch, 未本地化名称: tile.notGate
分析方块纹理类型:
面 0 纹理: redstone_torch_on
面 1 纹理: redstone_torch_on
面 2 纹理: redstone_torch_on
面 3 纹理: redstone_torch_on
面 4 纹理: redstone_torch_on
面 5 纹理: redstone_torch_on
结果: 所有面使用相同纹理，标准方块
方块ID: 77, 注册名称: minecraft:stone_button, 未本地化名称: tile.button
分析方块纹理类型:
面 0 纹理: stone
面 1 纹理: stone
面 2 纹理: stone
面 3 纹理: stone
面 4 纹理: stone
面 5 纹理: stone
结果: 所有面使用相同纹理，标准方块
方块ID: 78, 注册名称: minecraft:snow_layer, 未本地化名称: tile.snow
分析方块纹理类型:
面 0 纹理: snow
面 1 纹理: snow
面 2 纹理: snow
面 3 纹理: snow
面 4 纹理: snow
面 5 纹理: snow
结果: 所有面使用相同纹理，标准方块
方块ID: 79, 注册名称: minecraft:ice, 未本地化名称: tile.ice
分析方块纹理类型:
面 0 纹理: ice
面 1 纹理: ice
面 2 纹理: ice
面 3 纹理: ice
面 4 纹理: ice
面 5 纹理: ice
结果: 所有面使用相同纹理，标准方块
方块ID: 80, 注册名称: minecraft:snow, 未本地化名称: tile.snow
分析方块纹理类型:
面 0 纹理: snow
面 1 纹理: snow
面 2 纹理: snow
面 3 纹理: snow
面 4 纹理: snow
面 5 纹理: snow
结果: 所有面使用相同纹理，标准方块
方块ID: 81, 注册名称: minecraft:cactus, 未本地化名称: tile.cactus
分析方块纹理类型:
面 0 纹理: cactus_bottom
面 1 纹理: cactus_top
面 2 纹理: cactus_side
面 3 纹理: cactus_side
面 4 纹理: cactus_side
面 5 纹理: cactus_side
结果: 不同面使用不同纹理，方向性方块
方块ID: 82, 注册名称: minecraft:clay, 未本地化名称: tile.clay
分析方块纹理类型:
面 0 纹理: clay
面 1 纹理: clay
面 2 纹理: clay
面 3 纹理: clay
面 4 纹理: clay
面 5 纹理: clay
结果: 所有面使用相同纹理，标准方块
方块ID: 83, 注册名称: minecraft:reeds, 未本地化名称: tile.reeds
分析方块纹理类型:
面 0 纹理: reeds
面 1 纹理: reeds
面 2 纹理: reeds
面 3 纹理: reeds
面 4 纹理: reeds
面 5 纹理: reeds
结果: 所有面使用相同纹理，标准方块
方块ID: 84, 注册名称: minecraft:jukebox, 未本地化名称: tile.jukebox
分析方块纹理类型:
面 0 纹理: jukebox_side
面 1 纹理: jukebox_top
面 2 纹理: jukebox_side
面 3 纹理: jukebox_side
面 4 纹理: jukebox_side
面 5 纹理: jukebox_side
结果: 不同面使用不同纹理，方向性方块
方块ID: 85, 注册名称: minecraft:fence, 未本地化名称: tile.fence
分析方块纹理类型:
面 0 纹理: planks_oak
面 1 纹理: planks_oak
面 2 纹理: planks_oak
面 3 纹理: planks_oak
面 4 纹理: planks_oak
面 5 纹理: planks_oak
结果: 所有面使用相同纹理，标准方块
方块ID: 86, 注册名称: minecraft:pumpkin, 未本地化名称: tile.pumpkin
分析方块纹理类型:
面 0 纹理: pumpkin_top
面 1 纹理: pumpkin_top
面 2 纹理: pumpkin_side
面 3 纹理: pumpkin_face_off
面 4 纹理: pumpkin_side
面 5 纹理: pumpkin_side
结果: 不同面使用不同纹理，方向性方块
方块ID: 87, 注册名称: minecraft:netherrack, 未本地化名称: tile.hellrock
分析方块纹理类型:
面 0 纹理: netherrack
面 1 纹理: netherrack
面 2 纹理: netherrack
面 3 纹理: netherrack
面 4 纹理: netherrack
面 5 纹理: netherrack
结果: 所有面使用相同纹理，标准方块
方块ID: 88, 注册名称: minecraft:soul_sand, 未本地化名称: tile.hellsand
分析方块纹理类型:
面 0 纹理: soul_sand
面 1 纹理: soul_sand
面 2 纹理: soul_sand
面 3 纹理: soul_sand
面 4 纹理: soul_sand
面 5 纹理: soul_sand
结果: 所有面使用相同纹理，标准方块
方块ID: 89, 注册名称: minecraft:glowstone, 未本地化名称: tile.lightgem
分析方块纹理类型:
面 0 纹理: glowstone
面 1 纹理: glowstone
面 2 纹理: glowstone
面 3 纹理: glowstone
面 4 纹理: glowstone
面 5 纹理: glowstone
结果: 所有面使用相同纹理，标准方块
方块ID: 90, 注册名称: minecraft:portal, 未本地化名称: tile.portal
分析方块纹理类型:
面 0 纹理: portal
面 1 纹理: portal
面 2 纹理: portal
面 3 纹理: portal
面 4 纹理: portal
面 5 纹理: portal
结果: 所有面使用相同纹理，标准方块
方块ID: 91, 注册名称: minecraft:lit_pumpkin, 未本地化名称: tile.litpumpkin
分析方块纹理类型:
面 0 纹理: pumpkin_top
面 1 纹理: pumpkin_top
面 2 纹理: pumpkin_side
面 3 纹理: pumpkin_face_on
面 4 纹理: pumpkin_side
面 5 纹理: pumpkin_side
结果: 不同面使用不同纹理，方向性方块
方块ID: 92, 注册名称: minecraft:cake, 未本地化名称: tile.cake
分析方块纹理类型:
面 0 纹理: cake_bottom
面 1 纹理: cake_top
面 2 纹理: cake_side
面 3 纹理: cake_side
面 4 纹理: cake_side
面 5 纹理: cake_side
结果: 不同面使用不同纹理，方向性方块
方块ID: 93, 注册名称: minecraft:unpowered_repeater, 未本地化名称: tile.diode
分析方块纹理类型:
面 0 纹理: redstone_torch_off
面 1 纹理: repeater_off
面 2 纹理: stone_slab_top
面 3 纹理: stone_slab_top
面 4 纹理: stone_slab_top
面 5 纹理: stone_slab_top
结果: 不同面使用不同纹理，方向性方块
方块ID: 94, 注册名称: minecraft:powered_repeater, 未本地化名称: tile.diode
分析方块纹理类型:
面 0 纹理: redstone_torch_on
面 1 纹理: repeater_on
面 2 纹理: stone_slab_top
面 3 纹理: stone_slab_top
面 4 纹理: stone_slab_top
面 5 纹理: stone_slab_top
结果: 不同面使用不同纹理，方向性方块
方块ID: 95, 注册名称: minecraft:stained_glass, 未本地化名称: tile.stainedGlass
分析方块纹理类型:
面 0 纹理: glass_white
面 1 纹理: glass_white
面 2 纹理: glass_white
面 3 纹理: glass_white
面 4 纹理: glass_white
面 5 纹理: glass_white
结果: 所有面使用相同纹理，标准方块
方块ID: 96, 注册名称: minecraft:trapdoor, 未本地化名称: tile.trapdoor
分析方块纹理类型:
面 0 纹理: trapdoor
面 1 纹理: trapdoor
面 2 纹理: trapdoor
面 3 纹理: trapdoor
面 4 纹理: trapdoor
面 5 纹理: trapdoor
结果: 所有面使用相同纹理，标准方块
方块ID: 97, 注册名称: minecraft:monster_egg, 未本地化名称: tile.monsterStoneEgg
分析方块纹理类型:
面 0 纹理: stone
面 1 纹理: stone
面 2 纹理: stone
面 3 纹理: stone
面 4 纹理: stone
面 5 纹理: stone
结果: 所有面使用相同纹理，标准方块
方块ID: 98, 注册名称: minecraft:stonebrick, 未本地化名称: tile.stonebricksmooth
分析方块纹理类型:
面 0 纹理: stonebrick
面 1 纹理: stonebrick
面 2 纹理: stonebrick
面 3 纹理: stonebrick
面 4 纹理: stonebrick
面 5 纹理: stonebrick
结果: 所有面使用相同纹理，标准方块
方块ID: 99, 注册名称: minecraft:brown_mushroom_block, 未本地化名称: tile.mushroom
分析方块纹理类型:
面 0 纹理: mushroom_block_inside
面 1 纹理: mushroom_block_inside
面 2 纹理: mushroom_block_inside
面 3 纹理: mushroom_block_inside
面 4 纹理: mushroom_block_inside
面 5 纹理: mushroom_block_inside
结果: 所有面使用相同纹理，标准方块
方块ID: 100, 注册名称: minecraft:red_mushroom_block, 未本地化名称: tile.mushroom
分析方块纹理类型:
面 0 纹理: mushroom_block_inside
面 1 纹理: mushroom_block_inside
面 2 纹理: mushroom_block_inside
面 3 纹理: mushroom_block_inside
面 4 纹理: mushroom_block_inside
面 5 纹理: mushroom_block_inside
结果: 所有面使用相同纹理，标准方块
方块ID: 101, 注册名称: minecraft:iron_bars, 未本地化名称: tile.fenceIron
分析方块纹理类型:
面 0 纹理: iron_bars
面 1 纹理: iron_bars
面 2 纹理: iron_bars
面 3 纹理: iron_bars
面 4 纹理: iron_bars
面 5 纹理: iron_bars
结果: 所有面使用相同纹理，标准方块
方块ID: 102, 注册名称: minecraft:glass_pane, 未本地化名称: tile.thinGlass
分析方块纹理类型:
面 0 纹理: glass
面 1 纹理: glass
面 2 纹理: glass
面 3 纹理: glass
面 4 纹理: glass
面 5 纹理: glass
结果: 所有面使用相同纹理，标准方块
方块ID: 103, 注册名称: minecraft:melon_block, 未本地化名称: tile.melon
分析方块纹理类型:
面 0 纹理: melon_top
面 1 纹理: melon_top
面 2 纹理: melon_side
面 3 纹理: melon_side
面 4 纹理: melon_side
面 5 纹理: melon_side
结果: 不同面使用不同纹理，方向性方块
方块ID: 104, 注册名称: minecraft:pumpkin_stem, 未本地化名称: tile.pumpkinStem
分析方块纹理类型:
面 0 纹理: pumpkin_stem_disconnected
面 1 纹理: pumpkin_stem_disconnected
面 2 纹理: pumpkin_stem_disconnected
面 3 纹理: pumpkin_stem_disconnected
面 4 纹理: pumpkin_stem_disconnected
面 5 纹理: pumpkin_stem_disconnected
结果: 所有面使用相同纹理，标准方块
方块ID: 105, 注册名称: minecraft:melon_stem, 未本地化名称: tile.pumpkinStem
分析方块纹理类型:
面 0 纹理: melon_stem_disconnected
面 1 纹理: melon_stem_disconnected
面 2 纹理: melon_stem_disconnected
面 3 纹理: melon_stem_disconnected
面 4 纹理: melon_stem_disconnected
面 5 纹理: melon_stem_disconnected
结果: 所有面使用相同纹理，标准方块
方块ID: 106, 注册名称: minecraft:vine, 未本地化名称: tile.vine
分析方块纹理类型:
面 0 纹理: vine
面 1 纹理: vine
面 2 纹理: vine
面 3 纹理: vine
面 4 纹理: vine
面 5 纹理: vine
结果: 所有面使用相同纹理，标准方块
方块ID: 107, 注册名称: minecraft:fence_gate, 未本地化名称: tile.fenceGate
分析方块纹理类型:
面 0 纹理: planks_oak
面 1 纹理: planks_oak
面 2 纹理: planks_oak
面 3 纹理: planks_oak
面 4 纹理: planks_oak
面 5 纹理: planks_oak
结果: 所有面使用相同纹理，标准方块
方块ID: 108, 注册名称: minecraft:brick_stairs, 未本地化名称: tile.stairsBrick
分析方块纹理类型:
面 0 纹理: brick
面 1 纹理: brick
面 2 纹理: brick
面 3 纹理: brick
面 4 纹理: brick
面 5 纹理: brick
结果: 所有面使用相同纹理，标准方块
方块ID: 109, 注册名称: minecraft:stone_brick_stairs, 未本地化名称: tile.stairsStoneBrickSmooth
分析方块纹理类型:
面 0 纹理: stonebrick
面 1 纹理: stonebrick
面 2 纹理: stonebrick
面 3 纹理: stonebrick
面 4 纹理: stonebrick
面 5 纹理: stonebrick
结果: 所有面使用相同纹理，标准方块
方块ID: 110, 注册名称: minecraft:mycelium, 未本地化名称: tile.mycel
分析方块纹理类型:
面 0 纹理: dirt
面 1 纹理: mycelium_top
面 2 纹理: mycelium_side
面 3 纹理: mycelium_side
面 4 纹理: mycelium_side
面 5 纹理: mycelium_side
结果: 不同面使用不同纹理，方向性方块
方块ID: 111, 注册名称: minecraft:waterlily, 未本地化名称: tile.waterlily
分析方块纹理类型:
面 0 纹理: waterlily
面 1 纹理: waterlily
面 2 纹理: waterlily
面 3 纹理: waterlily
面 4 纹理: waterlily
面 5 纹理: waterlily
结果: 所有面使用相同纹理，标准方块
方块ID: 112, 注册名称: minecraft:nether_brick, 未本地化名称: tile.netherBrick
分析方块纹理类型:
面 0 纹理: nether_brick
面 1 纹理: nether_brick
面 2 纹理: nether_brick
面 3 纹理: nether_brick
面 4 纹理: nether_brick
面 5 纹理: nether_brick
结果: 所有面使用相同纹理，标准方块
方块ID: 113, 注册名称: minecraft:nether_brick_fence, 未本地化名称: tile.netherFence
分析方块纹理类型:
面 0 纹理: nether_brick
面 1 纹理: nether_brick
面 2 纹理: nether_brick
面 3 纹理: nether_brick
面 4 纹理: nether_brick
面 5 纹理: nether_brick
结果: 所有面使用相同纹理，标准方块
方块ID: 114, 注册名称: minecraft:nether_brick_stairs, 未本地化名称: tile.stairsNetherBrick
分析方块纹理类型:
面 0 纹理: nether_brick
面 1 纹理: nether_brick
面 2 纹理: nether_brick
面 3 纹理: nether_brick
面 4 纹理: nether_brick
面 5 纹理: nether_brick
结果: 所有面使用相同纹理，标准方块
方块ID: 115, 注册名称: minecraft:nether_wart, 未本地化名称: tile.netherStalk
分析方块纹理类型:
面 0 纹理: nether_wart_stage_0
面 1 纹理: nether_wart_stage_0
面 2 纹理: nether_wart_stage_0
面 3 纹理: nether_wart_stage_0
面 4 纹理: nether_wart_stage_0
面 5 纹理: nether_wart_stage_0
结果: 所有面使用相同纹理，标准方块
方块ID: 116, 注册名称: minecraft:enchanting_table, 未本地化名称: tile.enchantmentTable
分析方块纹理类型:
面 0 纹理: enchanting_table_bottom
面 1 纹理: enchanting_table_top
面 2 纹理: enchanting_table_side
面 3 纹理: enchanting_table_side
面 4 纹理: enchanting_table_side
面 5 纹理: enchanting_table_side
结果: 不同面使用不同纹理，方向性方块
方块ID: 117, 注册名称: minecraft:brewing_stand, 未本地化名称: tile.brewingStand
分析方块纹理类型:
面 0 纹理: brewing_stand
面 1 纹理: brewing_stand
面 2 纹理: brewing_stand
面 3 纹理: brewing_stand
面 4 纹理: brewing_stand
面 5 纹理: brewing_stand
结果: 所有面使用相同纹理，标准方块
方块ID: 118, 注册名称: minecraft:cauldron, 未本地化名称: tile.cauldron
分析方块纹理类型:
面 0 纹理: cauldron_bottom
面 1 纹理: cauldron_top
面 2 纹理: cauldron_side
面 3 纹理: cauldron_side
面 4 纹理: cauldron_side
面 5 纹理: cauldron_side
结果: 不同面使用不同纹理，方向性方块
方块ID: 119, 注册名称: minecraft:end_portal, 未本地化名称: tile.null
分析方块纹理类型:
面 0 纹理: portal
面 1 纹理: portal
面 2 纹理: portal
面 3 纹理: portal
面 4 纹理: portal
面 5 纹理: portal
结果: 所有面使用相同纹理，标准方块
方块ID: 120, 注册名称: minecraft:end_portal_frame, 未本地化名称: tile.endPortalFrame
分析方块纹理类型:
面 0 纹理: end_stone
面 1 纹理: endframe_top
面 2 纹理: endframe_side
面 3 纹理: endframe_side
面 4 纹理: endframe_side
面 5 纹理: endframe_side
结果: 不同面使用不同纹理，方向性方块
方块ID: 121, 注册名称: minecraft:end_stone, 未本地化名称: tile.whiteStone
分析方块纹理类型:
面 0 纹理: end_stone
面 1 纹理: end_stone
面 2 纹理: end_stone
面 3 纹理: end_stone
面 4 纹理: end_stone
面 5 纹理: end_stone
结果: 所有面使用相同纹理，标准方块
方块ID: 122, 注册名称: minecraft:dragon_egg, 未本地化名称: tile.dragonEgg
分析方块纹理类型:
面 0 纹理: dragon_egg
面 1 纹理: dragon_egg
面 2 纹理: dragon_egg
面 3 纹理: dragon_egg
面 4 纹理: dragon_egg
面 5 纹理: dragon_egg
结果: 所有面使用相同纹理，标准方块
方块ID: 123, 注册名称: minecraft:redstone_lamp, 未本地化名称: tile.redstoneLight
分析方块纹理类型:
面 0 纹理: redstone_lamp_off
面 1 纹理: redstone_lamp_off
面 2 纹理: redstone_lamp_off
面 3 纹理: redstone_lamp_off
面 4 纹理: redstone_lamp_off
面 5 纹理: redstone_lamp_off
结果: 所有面使用相同纹理，标准方块
方块ID: 124, 注册名称: minecraft:lit_redstone_lamp, 未本地化名称: tile.redstoneLight
分析方块纹理类型:
面 0 纹理: redstone_lamp_on
面 1 纹理: redstone_lamp_on
面 2 纹理: redstone_lamp_on
面 3 纹理: redstone_lamp_on
面 4 纹理: redstone_lamp_on
面 5 纹理: redstone_lamp_on
结果: 所有面使用相同纹理，标准方块
方块ID: 125, 注册名称: minecraft:double_wooden_slab, 未本地化名称: tile.woodSlab
分析方块纹理类型:
面 0 纹理: planks_oak
面 1 纹理: planks_oak
面 2 纹理: planks_oak
面 3 纹理: planks_oak
面 4 纹理: planks_oak
面 5 纹理: planks_oak
结果: 所有面使用相同纹理，标准方块
方块ID: 126, 注册名称: minecraft:wooden_slab, 未本地化名称: tile.woodSlab
分析方块纹理类型:
面 0 纹理: planks_oak
面 1 纹理: planks_oak
面 2 纹理: planks_oak
面 3 纹理: planks_oak
面 4 纹理: planks_oak
面 5 纹理: planks_oak
结果: 所有面使用相同纹理，标准方块
方块ID: 127, 注册名称: minecraft:cocoa, 未本地化名称: tile.cocoa
分析方块纹理类型:
面 0 纹理: cocoa_stage_2
面 1 纹理: cocoa_stage_2
面 2 纹理: cocoa_stage_2
面 3 纹理: cocoa_stage_2
面 4 纹理: cocoa_stage_2
面 5 纹理: cocoa_stage_2
结果: 所有面使用相同纹理，标准方块
方块ID: 128, 注册名称: minecraft:sandstone_stairs, 未本地化名称: tile.stairsSandStone
分析方块纹理类型:
面 0 纹理: sandstone_bottom
面 1 纹理: sandstone_top
面 2 纹理: sandstone_normal
面 3 纹理: sandstone_normal
面 4 纹理: sandstone_normal
面 5 纹理: sandstone_normal
结果: 不同面使用不同纹理，方向性方块
方块ID: 129, 注册名称: minecraft:emerald_ore, 未本地化名称: tile.oreEmerald
分析方块纹理类型:
面 0 纹理: emerald_ore
面 1 纹理: emerald_ore
面 2 纹理: emerald_ore
面 3 纹理: emerald_ore
面 4 纹理: emerald_ore
面 5 纹理: emerald_ore
结果: 所有面使用相同纹理，标准方块
方块ID: 130, 注册名称: minecraft:ender_chest, 未本地化名称: tile.enderChest
分析方块纹理类型:
面 0 纹理: obsidian
面 1 纹理: obsidian
面 2 纹理: obsidian
面 3 纹理: obsidian
面 4 纹理: obsidian
面 5 纹理: obsidian
结果: 所有面使用相同纹理，标准方块
方块ID: 131, 注册名称: minecraft:tripwire_hook, 未本地化名称: tile.tripWireSource
分析方块纹理类型:
面 0 纹理: trip_wire_source
面 1 纹理: trip_wire_source
面 2 纹理: trip_wire_source
面 3 纹理: trip_wire_source
面 4 纹理: trip_wire_source
面 5 纹理: trip_wire_source
结果: 所有面使用相同纹理，标准方块
方块ID: 132, 注册名称: minecraft:tripwire, 未本地化名称: tile.tripWire
分析方块纹理类型:
面 0 纹理: trip_wire
面 1 纹理: trip_wire
面 2 纹理: trip_wire
面 3 纹理: trip_wire
面 4 纹理: trip_wire
面 5 纹理: trip_wire
结果: 所有面使用相同纹理，标准方块
方块ID: 133, 注册名称: minecraft:emerald_block, 未本地化名称: tile.blockEmerald
分析方块纹理类型:
面 0 纹理: emerald_block
面 1 纹理: emerald_block
面 2 纹理: emerald_block
面 3 纹理: emerald_block
面 4 纹理: emerald_block
面 5 纹理: emerald_block
结果: 所有面使用相同纹理，标准方块
方块ID: 134, 注册名称: minecraft:spruce_stairs, 未本地化名称: tile.stairsWoodSpruce
分析方块纹理类型:
面 0 纹理: planks_spruce
面 1 纹理: planks_spruce
面 2 纹理: planks_spruce
面 3 纹理: planks_spruce
面 4 纹理: planks_spruce
面 5 纹理: planks_spruce
结果: 所有面使用相同纹理，标准方块
方块ID: 135, 注册名称: minecraft:birch_stairs, 未本地化名称: tile.stairsWoodBirch
分析方块纹理类型:
面 0 纹理: planks_birch
面 1 纹理: planks_birch
面 2 纹理: planks_birch
面 3 纹理: planks_birch
面 4 纹理: planks_birch
面 5 纹理: planks_birch
结果: 所有面使用相同纹理，标准方块
方块ID: 136, 注册名称: minecraft:jungle_stairs, 未本地化名称: tile.stairsWoodJungle
分析方块纹理类型:
面 0 纹理: planks_jungle
面 1 纹理: planks_jungle
面 2 纹理: planks_jungle
面 3 纹理: planks_jungle
面 4 纹理: planks_jungle
面 5 纹理: planks_jungle
结果: 所有面使用相同纹理，标准方块
方块ID: 137, 注册名称: minecraft:command_block, 未本地化名称: tile.commandBlock
分析方块纹理类型:
面 0 纹理: command_block
面 1 纹理: command_block
面 2 纹理: command_block
面 3 纹理: command_block
面 4 纹理: command_block
面 5 纹理: command_block
结果: 所有面使用相同纹理，标准方块
方块ID: 138, 注册名称: minecraft:beacon, 未本地化名称: tile.beacon
分析方块纹理类型:
面 0 纹理: beacon
面 1 纹理: beacon
面 2 纹理: beacon
面 3 纹理: beacon
面 4 纹理: beacon
面 5 纹理: beacon
结果: 所有面使用相同纹理，标准方块
方块ID: 139, 注册名称: minecraft:cobblestone_wall, 未本地化名称: tile.cobbleWall
分析方块纹理类型:
面 0 纹理: cobblestone
面 1 纹理: cobblestone
面 2 纹理: cobblestone
面 3 纹理: cobblestone
面 4 纹理: cobblestone
面 5 纹理: cobblestone
结果: 所有面使用相同纹理，标准方块
方块ID: 140, 注册名称: minecraft:flower_pot, 未本地化名称: tile.flowerPot
分析方块纹理类型:
面 0 纹理: flower_pot
面 1 纹理: flower_pot
面 2 纹理: flower_pot
面 3 纹理: flower_pot
面 4 纹理: flower_pot
面 5 纹理: flower_pot
结果: 所有面使用相同纹理，标准方块
方块ID: 141, 注册名称: minecraft:carrots, 未本地化名称: tile.carrots
分析方块纹理类型:
面 0 纹理: carrots_stage_0
面 1 纹理: carrots_stage_0
面 2 纹理: carrots_stage_0
面 3 纹理: carrots_stage_0
面 4 纹理: carrots_stage_0
面 5 纹理: carrots_stage_0
结果: 所有面使用相同纹理，标准方块
方块ID: 142, 注册名称: minecraft:potatoes, 未本地化名称: tile.potatoes
分析方块纹理类型:
面 0 纹理: potatoes_stage_0
面 1 纹理: potatoes_stage_0
面 2 纹理: potatoes_stage_0
面 3 纹理: potatoes_stage_0
面 4 纹理: potatoes_stage_0
面 5 纹理: potatoes_stage_0
结果: 所有面使用相同纹理，标准方块
方块ID: 143, 注册名称: minecraft:wooden_button, 未本地化名称: tile.button
分析方块纹理类型:
面 0 纹理: planks_oak
面 1 纹理: planks_oak
面 2 纹理: planks_oak
面 3 纹理: planks_oak
面 4 纹理: planks_oak
面 5 纹理: planks_oak
结果: 所有面使用相同纹理，标准方块
方块ID: 144, 注册名称: minecraft:skull, 未本地化名称: tile.skull
分析方块纹理类型:
面 0 纹理: soul_sand
面 1 纹理: soul_sand
面 2 纹理: soul_sand
面 3 纹理: soul_sand
面 4 纹理: soul_sand
面 5 纹理: soul_sand
结果: 所有面使用相同纹理，标准方块
方块ID: 145, 注册名称: minecraft:anvil, 未本地化名称: tile.anvil
分析方块纹理类型:
面 0 纹理: anvil_base
面 1 纹理: anvil_base
面 2 纹理: anvil_base
面 3 纹理: anvil_base
面 4 纹理: anvil_base
面 5 纹理: anvil_base
结果: 所有面使用相同纹理，标准方块
方块ID: 146, 注册名称: minecraft:trapped_chest, 未本地化名称: tile.chestTrap
分析方块纹理类型:
面 0 纹理: planks_oak
面 1 纹理: planks_oak
面 2 纹理: planks_oak
面 3 纹理: planks_oak
面 4 纹理: planks_oak
面 5 纹理: planks_oak
结果: 所有面使用相同纹理，标准方块
方块ID: 147, 注册名称: minecraft:light_weighted_pressure_plate, 未本地化名称: tile.weightedPlate_light
分析方块纹理类型:
面 0 纹理: gold_block
面 1 纹理: gold_block
面 2 纹理: gold_block
面 3 纹理: gold_block
面 4 纹理: gold_block
面 5 纹理: gold_block
结果: 所有面使用相同纹理，标准方块
方块ID: 148, 注册名称: minecraft:heavy_weighted_pressure_plate, 未本地化名称: tile.weightedPlate_heavy
分析方块纹理类型:
面 0 纹理: iron_block
面 1 纹理: iron_block
面 2 纹理: iron_block
面 3 纹理: iron_block
面 4 纹理: iron_block
面 5 纹理: iron_block
结果: 所有面使用相同纹理，标准方块
方块ID: 149, 注册名称: minecraft:unpowered_comparator, 未本地化名称: tile.comparator
分析方块纹理类型:
面 0 纹理: redstone_torch_off
面 1 纹理: comparator_off
面 2 纹理: stone_slab_top
面 3 纹理: stone_slab_top
面 4 纹理: stone_slab_top
面 5 纹理: stone_slab_top
结果: 不同面使用不同纹理，方向性方块
方块ID: 150, 注册名称: minecraft:powered_comparator, 未本地化名称: tile.comparator
分析方块纹理类型:
面 0 纹理: redstone_torch_on
面 1 纹理: comparator_on
面 2 纹理: stone_slab_top
面 3 纹理: stone_slab_top
面 4 纹理: stone_slab_top
面 5 纹理: stone_slab_top
结果: 不同面使用不同纹理，方向性方块
方块ID: 151, 注册名称: minecraft:daylight_detector, 未本地化名称: tile.daylightDetector
分析方块纹理类型:
面 0 纹理: daylight_detector_side
面 1 纹理: daylight_detector_top
面 2 纹理: daylight_detector_side
面 3 纹理: daylight_detector_side
面 4 纹理: daylight_detector_side
面 5 纹理: daylight_detector_side
结果: 不同面使用不同纹理，方向性方块
方块ID: 152, 注册名称: minecraft:redstone_block, 未本地化名称: tile.blockRedstone
分析方块纹理类型:
面 0 纹理: redstone_block
面 1 纹理: redstone_block
面 2 纹理: redstone_block
面 3 纹理: redstone_block
面 4 纹理: redstone_block
面 5 纹理: redstone_block
结果: 所有面使用相同纹理，标准方块
方块ID: 153, 注册名称: minecraft:quartz_ore, 未本地化名称: tile.netherquartz
分析方块纹理类型:
面 0 纹理: quartz_ore
面 1 纹理: quartz_ore
面 2 纹理: quartz_ore
面 3 纹理: quartz_ore
面 4 纹理: quartz_ore
面 5 纹理: quartz_ore
结果: 所有面使用相同纹理，标准方块
方块ID: 154, 注册名称: minecraft:hopper, 未本地化名称: tile.hopper
分析方块纹理类型:
面 0 纹理: hopper_outside
面 1 纹理: hopper_top
面 2 纹理: hopper_outside
面 3 纹理: hopper_outside
面 4 纹理: hopper_outside
面 5 纹理: hopper_outside
结果: 不同面使用不同纹理，方向性方块
方块ID: 155, 注册名称: minecraft:quartz_block, 未本地化名称: tile.quartzBlock
分析方块纹理类型:
面 0 纹理: quartz_block_bottom
面 1 纹理: quartz_block_top
面 2 纹理: quartz_block_side
面 3 纹理: quartz_block_side
面 4 纹理: quartz_block_side
面 5 纹理: quartz_block_side
结果: 不同面使用不同纹理，方向性方块
方块ID: 156, 注册名称: minecraft:quartz_stairs, 未本地化名称: tile.stairsQuartz
分析方块纹理类型:
面 0 纹理: quartz_block_bottom
面 1 纹理: quartz_block_top
面 2 纹理: quartz_block_side
面 3 纹理: quartz_block_side
面 4 纹理: quartz_block_side
面 5 纹理: quartz_block_side
结果: 不同面使用不同纹理，方向性方块
方块ID: 157, 注册名称: minecraft:activator_rail, 未本地化名称: tile.activatorRail
分析方块纹理类型:
面 0 纹理: rail_activator
面 1 纹理: rail_activator
面 2 纹理: rail_activator
面 3 纹理: rail_activator
面 4 纹理: rail_activator
面 5 纹理: rail_activator
结果: 所有面使用相同纹理，标准方块
方块ID: 158, 注册名称: minecraft:dropper, 未本地化名称: tile.dropper
分析方块纹理类型:
面 0 纹理: dropper_front_vertical
面 1 纹理: furnace_top
面 2 纹理: furnace_top
面 3 纹理: furnace_top
面 4 纹理: furnace_top
面 5 纹理: furnace_top
结果: 不同面使用不同纹理，方向性方块
方块ID: 159, 注册名称: minecraft:stained_hardened_clay, 未本地化名称: tile.clayHardenedStained
分析方块纹理类型:
面 0 纹理: hardened_clay_stained_white
面 1 纹理: hardened_clay_stained_white
面 2 纹理: hardened_clay_stained_white
面 3 纹理: hardened_clay_stained_white
面 4 纹理: hardened_clay_stained_white
面 5 纹理: hardened_clay_stained_white
结果: 所有面使用相同纹理，标准方块
方块ID: 160, 注册名称: minecraft:stained_glass_pane, 未本地化名称: tile.thinStainedGlass
分析方块纹理类型:
面 0 纹理: glass_white
面 1 纹理: glass_white
面 2 纹理: glass_white
面 3 纹理: glass_white
面 4 纹理: glass_white
面 5 纹理: glass_white
结果: 所有面使用相同纹理，标准方块
方块ID: 161, 注册名称: minecraft:leaves2, 未本地化名称: tile.leaves
分析方块纹理类型:
面 0 纹理: leaves_acacia
面 1 纹理: leaves_acacia
面 2 纹理: leaves_acacia
面 3 纹理: leaves_acacia
面 4 纹理: leaves_acacia
面 5 纹理: leaves_acacia
结果: 所有面使用相同纹理，标准方块
方块ID: 162, 注册名称: minecraft:log2, 未本地化名称: tile.log
分析方块纹理类型:
面 0 纹理: log_acacia_top
面 1 纹理: log_acacia_top
面 2 纹理: log_acacia
面 3 纹理: log_acacia
面 4 纹理: log_acacia
面 5 纹理: log_acacia
结果: 不同面使用不同纹理，方向性方块
方块ID: 163, 注册名称: minecraft:acacia_stairs, 未本地化名称: tile.stairsWoodAcacia
分析方块纹理类型:
面 0 纹理: planks_acacia
面 1 纹理: planks_acacia
面 2 纹理: planks_acacia
面 3 纹理: planks_acacia
面 4 纹理: planks_acacia
面 5 纹理: planks_acacia
结果: 所有面使用相同纹理，标准方块
方块ID: 164, 注册名称: minecraft:dark_oak_stairs, 未本地化名称: tile.stairsWoodDarkOak
分析方块纹理类型:
面 0 纹理: planks_big_oak
面 1 纹理: planks_big_oak
面 2 纹理: planks_big_oak
面 3 纹理: planks_big_oak
面 4 纹理: planks_big_oak
面 5 纹理: planks_big_oak
结果: 所有面使用相同纹理，标准方块
方块ID: 165, 注册名称: BambooMod:bamboo, 未本地化名称: tile.bamboo
分析方块纹理类型:
面 0 纹理: bamboo:bamboo
面 1 纹理: bamboo:bamboo
面 2 纹理: bamboo:bamboo
面 3 纹理: bamboo:bamboo
面 4 纹理: bamboo:bamboo
面 5 纹理: bamboo:bamboo
结果: 所有面使用相同纹理，标准方块
方块ID: 166, 注册名称: BambooMod:bamboosingle, 未本地化名称: tile.bamboosingle
分析方块纹理类型:
面 0 纹理: bamboo:bamboosingle
面 1 纹理: bamboo:bamboosingle
面 2 纹理: bamboo:bamboosingle
面 3 纹理: bamboo:bamboosingle
面 4 纹理: bamboo:bamboosingle
面 5 纹理: bamboo:bamboosingle
结果: 所有面使用相同纹理，标准方块
方块ID: 167, 注册名称: BambooMod:bamboo2, 未本地化名称: tile.bamboo2
分析方块纹理类型:
面 0 纹理: bamboo:bamboo
面 1 纹理: bamboo:bamboo
面 2 纹理: bamboo:bamboo
面 3 纹理: bamboo:bamboo
面 4 纹理: bamboo:bamboo
面 5 纹理: bamboo:bamboo
结果: 所有面使用相同纹理，标准方块
方块ID: 168, 注册名称: BambooMod:blockbambooshoot, 未本地化名称: tile.blockbambooshoot
分析方块纹理类型:
面 0 纹理: bamboo:bambooshoot
面 1 纹理: bamboo:bambooshoot
面 2 纹理: bamboo:bambooshoot
面 3 纹理: bamboo:bambooshoot
面 4 纹理: bamboo:bambooshoot
面 5 纹理: bamboo:bambooshoot
结果: 所有面使用相同纹理，标准方块
方块ID: 169, 注册名称: BambooMod:singleTexDeco, 未本地化名称: tile.singleTexDeco
分析方块纹理类型:
面 0 纹理: bamboo:bamboo
面 1 纹理: bamboo:bamboo
面 2 纹理: bamboo:bamboo
面 3 纹理: bamboo:bamboo
面 4 纹理: bamboo:bamboo
面 5 纹理: bamboo:bamboo
结果: 所有面使用相同纹理，标准方块
方块ID: 170, 注册名称: minecraft:hay_block, 未本地化名称: tile.hayBlock
分析方块纹理类型:
面 0 纹理: hay_block_top
面 1 纹理: hay_block_top
面 2 纹理: hay_block_side
面 3 纹理: hay_block_side
面 4 纹理: hay_block_side
面 5 纹理: hay_block_side
结果: 不同面使用不同纹理，方向性方块
方块ID: 171, 注册名称: minecraft:carpet, 未本地化名称: tile.woolCarpet
分析方块纹理类型:
面 0 纹理: wool_colored_white
面 1 纹理: wool_colored_white
面 2 纹理: wool_colored_white
面 3 纹理: wool_colored_white
面 4 纹理: wool_colored_white
面 5 纹理: wool_colored_white
结果: 所有面使用相同纹理，标准方块
方块ID: 172, 注册名称: minecraft:hardened_clay, 未本地化名称: tile.clayHardened
分析方块纹理类型:
面 0 纹理: hardened_clay
面 1 纹理: hardened_clay
面 2 纹理: hardened_clay
面 3 纹理: hardened_clay
面 4 纹理: hardened_clay
面 5 纹理: hardened_clay
结果: 所有面使用相同纹理，标准方块
方块ID: 173, 注册名称: minecraft:coal_block, 未本地化名称: tile.blockCoal
分析方块纹理类型:
面 0 纹理: coal_block
面 1 纹理: coal_block
面 2 纹理: coal_block
面 3 纹理: coal_block
面 4 纹理: coal_block
面 5 纹理: coal_block
结果: 所有面使用相同纹理，标准方块
方块ID: 174, 注册名称: minecraft:packed_ice, 未本地化名称: tile.icePacked
分析方块纹理类型:
面 0 纹理: ice_packed
面 1 纹理: ice_packed
面 2 纹理: ice_packed
面 3 纹理: ice_packed
面 4 纹理: ice_packed
面 5 纹理: ice_packed
结果: 所有面使用相同纹理，标准方块
方块ID: 175, 注册名称: minecraft:double_plant, 未本地化名称: tile.doublePlant
分析方块纹理类型:
面 0 纹理: double_plant_sunflower_bottom
面 1 纹理: double_plant_sunflower_bottom
面 2 纹理: double_plant_sunflower_bottom
面 3 纹理: double_plant_sunflower_bottom
面 4 纹理: double_plant_sunflower_bottom
面 5 纹理: double_plant_sunflower_bottom
结果: 所有面使用相同纹理，标准方块
方块ID: 176, 注册名称: BambooMod:kitunebi, 未本地化名称: tile.kitunebi
分析方块纹理类型:
面 0 纹理: bamboo:kitunebi
面 1 纹理: bamboo:kitunebi
面 2 纹理: bamboo:kitunebi
面 3 纹理: bamboo:kitunebi
面 4 纹理: bamboo:kitunebi
面 5 纹理: bamboo:kitunebi
结果: 所有面使用相同纹理，标准方块
方块ID: 177, 注册名称: BambooMod:jpChest, 未本地化名称: tile.jpChest
分析方块纹理类型:
面 0 纹理: bamboo:jpchest_o
面 1 纹理: bamboo:jpchest_o
面 2 纹理: bamboo:jpchest_o
面 3 纹理: bamboo:jpchest_f
面 4 纹理: bamboo:jpchest_o
面 5 纹理: bamboo:jpchest_o
结果: 不同面使用不同纹理，方向性方块
方块ID: 178, 注册名称: BambooMod:dirSquare, 未本地化名称: tile.dirSquare
分析方块纹理类型:
面 0 纹理: bamboo:tatami_x
面 1 纹理: bamboo:tatami_x
面 2 纹理: bamboo:tatami_x
面 3 纹理: bamboo:tatami_x
面 4 纹理: bamboo:tatami_x
面 5 纹理: bamboo:tatami_x
结果: 所有面使用相同纹理，标准方块
方块ID: 179, 注册名称: BambooMod:halfDirSquare, 未本地化名称: tile.halfDirSquare
分析方块纹理类型:
面 0 纹理: bamboo:tatami_x
面 1 纹理: bamboo:tatami_x
面 2 纹理: bamboo:tatami_x
面 3 纹理: bamboo:tatami_x
面 4 纹理: bamboo:tatami_x
面 5 纹理: bamboo:tatami_x
结果: 所有面使用相同纹理，标准方块
方块ID: 180, 注册名称: BambooMod:andon, 未本地化名称: tile.andon
分析方块纹理类型:
面 0 纹理: wool_colored_white
面 1 纹理: wool_colored_white
面 2 纹理: wool_colored_white
面 3 纹理: wool_colored_white
面 4 纹理: wool_colored_white
面 5 纹理: wool_colored_white
结果: 所有面使用相同纹理，标准方块
方块ID: 181, 注册名称: BambooMod:bambooPanel, 未本地化名称: tile.bambooPanel
分析方块纹理类型:
面 0 纹理: bamboo:bamboopane
面 1 纹理: bamboo:bamboopane
面 2 纹理: bamboo:bamboopane
面 3 纹理: bamboo:bamboopane
面 4 纹理: bamboo:bamboopane
面 5 纹理: bamboo:bamboopane
结果: 所有面使用相同纹理，标准方块
方块ID: 182, 注册名称: BambooMod:sakuraLeaves, 未本地化名称: tile.sakuraLeaves
分析方块纹理类型:
面 0 纹理: bamboo:broadleaf
面 1 纹理: bamboo:broadleaf
面 2 纹理: bamboo:broadleaf
面 3 纹理: bamboo:broadleaf
面 4 纹理: bamboo:broadleaf
面 5 纹理: bamboo:broadleaf
结果: 所有面使用相同纹理，标准方块
方块ID: 183, 注册名称: BambooMod:sakuraSapling, 未本地化名称: tile.sakuraSapling
分析方块纹理类型:
面 0 纹理: bamboo:sakura
面 1 纹理: bamboo:sakura
面 2 纹理: bamboo:sakura
面 3 纹理: bamboo:sakura
面 4 纹理: bamboo:sakura
面 5 纹理: bamboo:sakura
结果: 所有面使用相同纹理，标准方块
方块ID: 184, 注册名称: BambooMod:kayabukiRoof, 未本地化名称: tile.kayabukiRoof
分析方块纹理类型:
面 0 纹理: bamboo:kaya_x
面 1 纹理: bamboo:kaya_x
面 2 纹理: bamboo:kaya_x
面 3 纹理: bamboo:kaya_x
面 4 纹理: bamboo:kaya_x
面 5 纹理: bamboo:kaya_x
结果: 所有面使用相同纹理，标准方块
方块ID: 185, 注册名称: BambooMod:spaWater, 未本地化名称: tile.spaWater
分析方块纹理类型:
面 0 纹理: water_still
面 1 纹理: water_still
面 2 纹理: water_flow
面 3 纹理: water_flow
面 4 纹理: water_flow
面 5 纹理: water_flow
结果: 不同面使用不同纹理，方向性方块
方块ID: 186, 注册名称: BambooMod:spaUnit, 未本地化名称: tile.spaUnit
分析方块纹理类型:
面 0 纹理: piston_bottom
面 1 纹理: piston_top_normal
面 2 纹理: piston_bottom
面 3 纹理: piston_bottom
面 4 纹理: piston_bottom
面 5 纹理: piston_bottom
结果: 不同面使用不同纹理，方向性方块
方块ID: 187, 注册名称: BambooMod:sakuraLog, 未本地化名称: tile.sakuraLog
分析方块纹理类型:
面 0 纹理: bamboo:sakuralog_t
面 1 纹理: bamboo:sakuralog_t
面 2 纹理: bamboo:sakuralog_s
面 3 纹理: bamboo:sakuralog_s
面 4 纹理: bamboo:sakuralog_s
面 5 纹理: bamboo:sakuralog_s
结果: 不同面使用不同纹理，方向性方块
方块ID: 188, 注册名称: BambooMod:delude_width, 未本地化名称: tile.delude_width
分析方块纹理类型:
面 0 纹理: bamboo:delude
面 1 纹理: bamboo:delude
面 2 纹理: bamboo:delude
面 3 纹理: bamboo:delude
面 4 纹理: bamboo:delude
面 5 纹理: bamboo:delude
结果: 所有面使用相同纹理，标准方块
方块ID: 189, 注册名称: BambooMod:delude_height, 未本地化名称: tile.delude_height
分析方块纹理类型:
面 0 纹理: bamboo:delude
面 1 纹理: bamboo:delude
面 2 纹理: bamboo:delude
面 3 纹理: bamboo:delude
面 4 纹理: bamboo:delude
面 5 纹理: bamboo:delude
结果: 所有面使用相同纹理，标准方块
方块ID: 190, 注册名称: BambooMod:delude_stair, 未本地化名称: tile.delude_stair
分析方块纹理类型:
面 0 纹理: bamboo:delude
面 1 纹理: bamboo:delude
面 2 纹理: bamboo:delude
面 3 纹理: bamboo:delude
面 4 纹理: bamboo:delude
面 5 纹理: bamboo:delude
结果: 所有面使用相同纹理，标准方块
方块ID: 191, 注册名称: BambooMod:campfire, 未本地化名称: tile.campfire
分析方块纹理类型:
面 0 纹理: wool_colored_black
面 1 纹理: wool_colored_black
面 2 纹理: wool_colored_black
面 3 纹理: wool_colored_black
面 4 纹理: wool_colored_black
面 5 纹理: wool_colored_black
结果: 所有面使用相同纹理，标准方块
方块ID: 192, 注册名称: BambooMod:deco, 未本地化名称: tile.deco
分析方块纹理类型:
面 0 纹理: bamboo:plaster
面 1 纹理: bamboo:plaster
面 2 纹理: bamboo:plaster
面 3 纹理: bamboo:plaster
面 4 纹理: bamboo:plaster
面 5 纹理: bamboo:plaster
结果: 所有面使用相同纹理，标准方块
方块ID: 193, 注册名称: BambooMod:halfDeco, 未本地化名称: tile.halfDeco
分析方块纹理类型:
面 0 纹理: bamboo:plaster
面 1 纹理: bamboo:plaster
面 2 纹理: bamboo:plaster
面 3 纹理: bamboo:plaster
面 4 纹理: bamboo:plaster
面 5 纹理: bamboo:plaster
结果: 所有面使用相同纹理，标准方块
方块ID: 194, 注册名称: BambooMod:twoDirDeco, 未本地化名称: tile.twoDirDeco
分析方块纹理类型:
面 0 纹理: bamboo:yoroiita_x
面 1 纹理: bamboo:yoroiita_x
面 2 纹理: bamboo:yoroiita_x
面 3 纹理: bamboo:yoroiita_x
面 4 纹理: bamboo:yoroiita_x
面 5 纹理: bamboo:yoroiita_x
结果: 所有面使用相同纹理，标准方块
方块ID: 195, 注册名称: BambooMod:halfTwoDirDeco, 未本地化名称: tile.halfTwoDirDeco
分析方块纹理类型:
面 0 纹理: bamboo:yoroiita_x
面 1 纹理: bamboo:yoroiita_x
面 2 纹理: bamboo:yoroiita_x
面 3 纹理: bamboo:yoroiita_x
面 4 纹理: bamboo:yoroiita_x
面 5 纹理: bamboo:yoroiita_x
结果: 所有面使用相同纹理，标准方块
方块ID: 196, 注册名称: BambooMod:kawara_stair, 未本地化名称: tile.kawara_stair
分析方块纹理类型:
面 0 纹理: bamboo:kawara
面 1 纹理: bamboo:kawara
面 2 纹理: bamboo:kawara
面 3 纹理: bamboo:kawara
面 4 纹理: bamboo:kawara
面 5 纹理: bamboo:kawara
结果: 所有面使用相同纹理，标准方块
方块ID: 197, 注册名称: BambooMod:wara_stair, 未本地化名称: tile.wara_stair
分析方块纹理类型:
面 0 纹理: bamboo:wara_y
面 1 纹理: bamboo:wara_y
面 2 纹理: bamboo:wara_y
面 3 纹理: bamboo:wara_y
面 4 纹理: bamboo:wara_y
面 5 纹理: bamboo:wara_y
结果: 所有面使用相同纹理，标准方块
方块ID: 198, 注册名称: BambooMod:decoCarpet, 未本地化名称: tile.decoCarpet
分析方块纹理类型:
面 0 纹理: bamboo:tatami_x
面 1 纹理: bamboo:tatami_x
面 2 纹理: bamboo:tatami_x
面 3 纹理: bamboo:tatami_x
面 4 纹理: bamboo:tatami_x
面 5 纹理: bamboo:tatami_x
结果: 所有面使用相同纹理，标准方块
方块ID: 199, 注册名称: BambooMod:thickSakuraPillar, 未本地化名称: tile.thickSakuraPillar
分析方块纹理类型:
面 0 纹理: bamboo:sakuraplank_x
面 1 纹理: bamboo:sakuraplank_x
面 2 纹理: bamboo:sakuraplank_x
面 3 纹理: bamboo:sakuraplank_x
面 4 纹理: bamboo:sakuraplank_x
面 5 纹理: bamboo:sakuraplank_x
结果: 所有面使用相同纹理，标准方块
方块ID: 200, 注册名称: BambooMod:thinSakuraPillar, 未本地化名称: tile.thinSakuraPillar
分析方块纹理类型:
面 0 纹理: bamboo:sakuraplank_x
面 1 纹理: bamboo:sakuraplank_x
面 2 纹理: bamboo:sakuraplank_x
面 3 纹理: bamboo:sakuraplank_x
面 4 纹理: bamboo:sakuraplank_x
面 5 纹理: bamboo:sakuraplank_x
结果: 所有面使用相同纹理，标准方块
方块ID: 201, 注册名称: BambooMod:thickOrcPillar, 未本地化名称: tile.thickOrcPillar
分析方块纹理类型:
面 0 纹理: planks_oak
面 1 纹理: planks_oak
面 2 纹理: planks_oak
面 3 纹理: planks_oak
面 4 纹理: planks_oak
面 5 纹理: planks_oak
结果: 所有面使用相同纹理，标准方块
方块ID: 202, 注册名称: BambooMod:thinOrcPillar, 未本地化名称: tile.thinOrcPillar
分析方块纹理类型:
面 0 纹理: planks_oak
面 1 纹理: planks_oak
面 2 纹理: planks_oak
面 3 纹理: planks_oak
面 4 纹理: planks_oak
面 5 纹理: planks_oak
结果: 所有面使用相同纹理，标准方块
方块ID: 203, 注册名称: BambooMod:thickSprucePillar, 未本地化名称: tile.thickSprucePillar
分析方块纹理类型:
面 0 纹理: log_spruce
面 1 纹理: log_spruce
面 2 纹理: log_spruce
面 3 纹理: log_spruce
面 4 纹理: log_spruce
面 5 纹理: log_spruce
结果: 所有面使用相同纹理，标准方块
方块ID: 204, 注册名称: BambooMod:thinSprucePillar, 未本地化名称: tile.thinSprucePillar
分析方块纹理类型:
面 0 纹理: log_spruce
面 1 纹理: log_spruce
面 2 纹理: log_spruce
面 3 纹理: log_spruce
面 4 纹理: log_spruce
面 5 纹理: log_spruce
结果: 所有面使用相同纹理，标准方块
方块ID: 205, 注册名称: BambooMod:thickBirchPillar, 未本地化名称: tile.thickBirchPillar
分析方块纹理类型:
面 0 纹理: log_birch
面 1 纹理: log_birch
面 2 纹理: log_birch
面 3 纹理: log_birch
面 4 纹理: log_birch
面 5 纹理: log_birch
结果: 所有面使用相同纹理，标准方块
方块ID: 206, 注册名称: BambooMod:thinBirchPillar, 未本地化名称: tile.thinBirchPillar
分析方块纹理类型:
面 0 纹理: log_birch
面 1 纹理: log_birch
面 2 纹理: log_birch
面 3 纹理: log_birch
面 4 纹理: log_birch
面 5 纹理: log_birch
结果: 所有面使用相同纹理，标准方块
方块ID: 207, 注册名称: BambooMod:delude_plate, 未本地化名称: tile.delude_plate
分析方块纹理类型:
面 0 纹理: bamboo:delude
面 1 纹理: bamboo:delude
面 2 纹理: bamboo:delude
面 3 纹理: bamboo:delude
面 4 纹理: bamboo:delude
面 5 纹理: bamboo:delude
结果: 所有面使用相同纹理，标准方块
方块ID: 208, 注册名称: BambooMod:ricePlant, 未本地化名称: tile.ricePlant
分析方块纹理类型:
面 0 纹理: bamboo:riceplant_stage_0
面 1 纹理: bamboo:riceplant_stage_0
面 2 纹理: bamboo:riceplant_stage_0
面 3 纹理: bamboo:riceplant_stage_0
面 4 纹理: bamboo:riceplant_stage_0
面 5 纹理: bamboo:riceplant_stage_0
结果: 所有面使用相同纹理，标准方块
方块ID: 209, 注册名称: BambooMod:bambooMillStone, 未本地化名称: tile.bambooMillStone
分析方块纹理类型:
面 0 纹理: wool_colored_gray
面 1 纹理: wool_colored_gray
面 2 纹理: wool_colored_gray
面 3 纹理: wool_colored_gray
面 4 纹理: wool_colored_gray
面 5 纹理: wool_colored_gray
结果: 所有面使用相同纹理，标准方块
方块ID: 210, 注册名称: BambooMod:bambooMoss, 未本地化名称: tile.bambooMoss
分析方块纹理类型:
面 0 纹理: bamboo:moss
面 1 纹理: bamboo:moss
面 2 纹理: bamboo:moss
面 3 纹理: bamboo:moss
面 4 纹理: bamboo:moss
面 5 纹理: bamboo:moss
结果: 所有面使用相同纹理，标准方块
方块ID: 211, 注册名称: BambooMod:bambooMultiPot, 未本地化名称: tile.bambooMultiPot
分析方块纹理类型:
面 0 纹理: flower_pot
面 1 纹理: flower_pot
面 2 纹理: flower_pot
面 3 纹理: flower_pot
面 4 纹理: flower_pot
面 5 纹理: flower_pot
结果: 所有面使用相同纹理，标准方块
方块ID: 212, 注册名称: BambooMod:blobkbroom, 未本地化名称: tile.blobkbroom
分析方块纹理类型:
面 0 纹理: bamboo:broom_straight
面 1 纹理: bamboo:broom_straight
面 2 纹理: bamboo:broom_straight
面 3 纹理: bamboo:broom_straight
面 4 纹理: bamboo:broom_straight
面 5 纹理: bamboo:broom_straight
结果: 所有面使用相同纹理，标准方块
方块ID: 213, 注册名称: BambooMod:bamboohuton, 未本地化名称: tile.bamboohuton
分析方块纹理类型:
面 0 纹理: wool_colored_white
面 1 纹理: wool_colored_white
面 2 纹理: wool_colored_white
面 3 纹理: wool_colored_white
面 4 纹理: wool_colored_white
面 5 纹理: wool_colored_white
结果: 所有面使用相同纹理，标准方块
方块ID: 214, 注册名称: BambooMod:bamboomultiblock, 未本地化名称: tile.bamboomultiblock
分析方块纹理类型:
面 0 纹理: bamboo:multiblock
面 1 纹理: bamboo:multiblock
面 2 纹理: bamboo:multiblock
面 3 纹理: bamboo:multiblock
面 4 纹理: bamboo:multiblock
面 5 纹理: bamboo:multiblock
结果: 所有面使用相同纹理，标准方块
方块ID: 215, 注册名称: BambooMod:alphamultiblock, 未本地化名称: tile.alphamultiblock
分析方块纹理类型:
面 0 纹理: bamboo:alphamultiblock
面 1 纹理: bamboo:alphamultiblock
面 2 纹理: bamboo:alphamultiblock
面 3 纹理: bamboo:alphamultiblock
面 4 纹理: bamboo:alphamultiblock
面 5 纹理: bamboo:alphamultiblock
结果: 所有面使用相同纹理，标准方块
方块ID: 216, 注册名称: BambooMod:sakuracarpet, 未本地化名称: tile.sakuracarpet
分析方块纹理类型:
面 0 纹理: bamboo:sakuracarpet
面 1 纹理: bamboo:sakuracarpet
面 2 纹理: bamboo:sakuracarpet
面 3 纹理: bamboo:sakuracarpet
面 4 纹理: bamboo:sakuracarpet
面 5 纹理: bamboo:sakuracarpet
结果: 所有面使用相同纹理，标准方块
方块ID: 217, 注册名称: BambooMod:decoPlaster, 未本地化名称: tile.decoPlaster
分析方块纹理类型:
面 0 纹理: bamboo:decoplaster_i_0
面 1 纹理: bamboo:decoplaster_i_0
面 2 纹理: bamboo:plaster
面 3 纹理: bamboo:plaster
面 4 纹理: bamboo:plaster
面 5 纹理: bamboo:plaster
结果: 不同面使用不同纹理，方向性方块
方块ID: 218, 注册名称: BambooMod:decoCurvePlaster, 未本地化名称: tile.decoCurvePlaster
分析方块纹理类型:
面 0 纹理: bamboo:decoplaster_l_0
面 1 纹理: bamboo:decoplaster_l_0
面 2 纹理: bamboo:plaster
面 3 纹理: bamboo:plaster
面 4 纹理: bamboo:plaster
面 5 纹理: bamboo:plaster
结果: 不同面使用不同纹理，方向性方块
方块ID: 219, 注册名称: BambooMod:decoDCurvePlaster, 未本地化名称: tile.decoDCurvePlaster
分析方块纹理类型:
面 0 纹理: bamboo:decoplaster_d_0
面 1 纹理: bamboo:decoplaster_d_0
面 2 纹理: bamboo:plaster
面 3 纹理: bamboo:plaster
面 4 纹理: bamboo:plaster
面 5 纹理: bamboo:plaster
结果: 不同面使用不同纹理，方向性方块
方块ID: 220, 注册名称: BambooMod:seaweed, 未本地化名称: tile.seaweed
分析方块纹理类型:
面 0 纹理: bamboo:seaweed_stage_0
面 1 纹理: bamboo:seaweed_stage_0
面 2 纹理: bamboo:seaweed_stage_0
面 3 纹理: bamboo:seaweed_stage_0
面 4 纹理: bamboo:seaweed_stage_0
面 5 纹理: bamboo:seaweed_stage_0
结果: 所有面使用相同纹理，标准方块
方块ID: 221, 注册名称: BambooMod:beanPlant, 未本地化名称: tile.beanPlant
分析方块纹理类型:
面 0 纹理: bamboo:beanplant_stage_0
面 1 纹理: bamboo:beanplant_stage_0
面 2 纹理: bamboo:beanplant_stage_0
面 3 纹理: bamboo:beanplant_stage_0
面 4 纹理: bamboo:beanplant_stage_0
面 5 纹理: bamboo:beanplant_stage_0
结果: 所有面使用相同纹理，标准方块
方块ID: 222, 注册名称: BambooMod:tomatoPlant, 未本地化名称: tile.tomatoPlant
分析方块纹理类型:
面 0 纹理: bamboo:tomato_stage_0
面 1 纹理: bamboo:tomato_stage_0
面 2 纹理: bamboo:tomato_stage_0
面 3 纹理: bamboo:tomato_stage_0
面 4 纹理: bamboo:tomato_stage_0
面 5 纹理: bamboo:tomato_stage_0
结果: 所有面使用相同纹理，标准方块
方块ID: 223, 注册名称: BambooMod:villagerBlock, 未本地化名称: tile.villagerBlock
分析方块纹理类型:
面 0 纹理: soul_sand
面 1 纹理: soul_sand
面 2 纹理: soul_sand
面 3 纹理: soul_sand
面 4 纹理: soul_sand
面 5 纹理: soul_sand
结果: 所有面使用相同纹理，标准方块
方块ID: 224, 注册名称: BambooMod:crossLamp, 未本地化名称: tile.crossLamp
分析方块纹理类型:
面 0 纹理: bamboo:kagaribi
面 1 纹理: bamboo:kagaribi
面 2 纹理: bamboo:kagaribi
面 3 纹理: bamboo:kagaribi
面 4 纹理: bamboo:kagaribi
面 5 纹理: bamboo:kagaribi
结果: 所有面使用相同纹理，标准方块
方块ID: 225, 注册名称: BambooMod:bambooLiangThick, 未本地化名称: tile.bambooLiangThick
分析方块纹理类型:
面 0 纹理: bamboo:sakuralog_s
面 1 纹理: bamboo:sakuralog_s
面 2 纹理: bamboo:sakuralog_s
面 3 纹理: bamboo:sakuralog_s
面 4 纹理: bamboo:sakuralog_s
面 5 纹理: bamboo:sakuralog_s
结果: 所有面使用相同纹理，标准方块
方块ID: 226, 注册名称: BambooMod:bambooLiangVLogThick, 未本地化名称: tile.bambooLiangVLogThick
分析方块纹理类型:
面 0 纹理: log_oak
面 1 纹理: log_oak
面 2 纹理: log_oak
面 3 纹理: log_oak
面 4 纹理: log_oak
面 5 纹理: log_oak
结果: 所有面使用相同纹理，标准方块
方块ID: 227, 注册名称: BambooMod:bambooLiangVLog2Thick, 未本地化名称: tile.bambooLiangVLog2Thick
分析方块纹理类型:
面 0 纹理: log_acacia
面 1 纹理: log_acacia
面 2 纹理: log_acacia
面 3 纹理: log_acacia
面 4 纹理: log_acacia
面 5 纹理: log_acacia
结果: 所有面使用相同纹理，标准方块
方块ID: 228, 注册名称: BambooMod:bambooLiangVWoodThick, 未本地化名称: tile.bambooLiangVWoodThick
分析方块纹理类型:
面 0 纹理: planks_oak
面 1 纹理: planks_oak
面 2 纹理: planks_oak
面 3 纹理: planks_oak
面 4 纹理: planks_oak
面 5 纹理: planks_oak
结果: 所有面使用相同纹理，标准方块
方块ID: 229, 注册名称: BambooMod:bambooLiangThin, 未本地化名称: tile.bambooLiangThin
分析方块纹理类型:
面 0 纹理: bamboo:sakuralog_s
面 1 纹理: bamboo:sakuralog_s
面 2 纹理: bamboo:sakuralog_s
面 3 纹理: bamboo:sakuralog_s
面 4 纹理: bamboo:sakuralog_s
面 5 纹理: bamboo:sakuralog_s
结果: 所有面使用相同纹理，标准方块
方块ID: 230, 注册名称: BambooMod:bambooLiangVLogThin, 未本地化名称: tile.bambooLiangVLogThin
分析方块纹理类型:
面 0 纹理: log_oak
面 1 纹理: log_oak
面 2 纹理: log_oak
面 3 纹理: log_oak
面 4 纹理: log_oak
面 5 纹理: log_oak
结果: 所有面使用相同纹理，标准方块
方块ID: 231, 注册名称: BambooMod:bambooLiangVLog2Thin, 未本地化名称: tile.bambooLiangVLog2Thin
分析方块纹理类型:
面 0 纹理: log_acacia
面 1 纹理: log_acacia
面 2 纹理: log_acacia
面 3 纹理: log_acacia
面 4 纹理: log_acacia
面 5 纹理: log_acacia
结果: 所有面使用相同纹理，标准方块
方块ID: 232, 注册名称: BambooMod:bambooLiangVWoodThin, 未本地化名称: tile.bambooLiangVWoodThin
分析方块纹理类型:
面 0 纹理: planks_oak
面 1 纹理: planks_oak
面 2 纹理: planks_oak
面 3 纹理: planks_oak
面 4 纹理: planks_oak
面 5 纹理: planks_oak
结果: 所有面使用相同纹理，标准方块
方块ID: 233, 注册名称: BambooMod:maneki, 未本地化名称: tile.maneki
分析方块纹理类型:
面 0 纹理: wool_colored_red
面 1 纹理: wool_colored_red
面 2 纹理: wool_colored_red
面 3 纹理: wool_colored_red
面 4 纹理: wool_colored_red
面 5 纹理: wool_colored_red
结果: 所有面使用相同纹理，标准方块
方块ID: 234, 注册名称: customnpcs:npcRedstoneBlock, 未本地化名称: tile.npcRedstoneBlock
分析方块纹理类型:
面 0 纹理: customnpcs:npcRedstoneBlock
面 1 纹理: customnpcs:npcRedstoneBlock
面 2 纹理: customnpcs:npcRedstoneBlock
面 3 纹理: customnpcs:npcRedstoneBlock
面 4 纹理: customnpcs:npcRedstoneBlock
面 5 纹理: customnpcs:npcRedstoneBlock
结果: 所有面使用相同纹理，标准方块
方块ID: 235, 注册名称: customnpcs:npcCarpentyBench, 未本地化名称: tile.npcCarpentyBench
分析方块纹理类型:
面 0 纹理为null
面 1 纹理为null
面 2 纹理为null
面 3 纹理为null
面 4 纹理为null
面 5 纹理为null
结果: 所有面纹理均为null，可能使用完全自定义渲染
方块ID: 236, 注册名称: customnpcs:npcMailbox, 未本地化名称: tile.npcMailbox
分析方块纹理类型:
面 0 纹理: soul_sand
面 1 纹理: soul_sand
面 2 纹理: soul_sand
面 3 纹理: soul_sand
面 4 纹理: soul_sand
面 5 纹理: soul_sand
结果: 所有面使用相同纹理，标准方块
方块ID: 237, 注册名称: customnpcs:npcWaypoint, 未本地化名称: tile.npcLocationBlock
分析方块纹理类型:
面 0 纹理: customnpcs:npcWaypoint
面 1 纹理: customnpcs:npcWaypoint
面 2 纹理: customnpcs:npcWaypoint
面 3 纹理: customnpcs:npcWaypoint
面 4 纹理: customnpcs:npcWaypoint
面 5 纹理: customnpcs:npcWaypoint
结果: 所有面使用相同纹理，标准方块
方块ID: 238, 注册名称: customnpcs:npcBorder, 未本地化名称: tile.npcBorder
分析方块纹理类型:
面 0 纹理: iron_block
面 1 纹理: customnpcs:npcBorder
面 2 纹理: iron_block
面 3 纹理: iron_block
面 4 纹理: iron_block
面 5 纹理: iron_block
结果: 不同面使用不同纹理，方向性方块
方块ID: 239, 注册名称: customnpcs:npcBloodBlock, 未本地化名称: tile.npcBloodBlock
分析方块纹理类型:
面 0 纹理: customnpcs:npcBloodBlock
面 1 纹理: customnpcs:npcBloodBlock2
面 2 纹理: customnpcs:npcBloodBlock3
面 3 纹理: customnpcs:npcBloodBlock
面 4 纹理: customnpcs:npcBloodBlock2
面 5 纹理: customnpcs:npcBloodBlock3
结果: 不同面使用不同纹理，方向性方块
方块ID: 240, 注册名称: customnpcs:npcBanner, 未本地化名称: tile.npcBanner
分析方块纹理类型:
面 0 纹理: planks_oak
面 1 纹理: planks_oak
面 2 纹理: planks_oak
面 3 纹理: planks_oak
面 4 纹理: planks_oak
面 5 纹理: planks_oak
结果: 所有面使用相同纹理，标准方块
方块ID: 241, 注册名称: customnpcs:npcWallBanner, 未本地化名称: tile.npcWallBanner
分析方块纹理类型:
面 0 纹理: planks_oak
面 1 纹理: planks_oak
面 2 纹理: planks_oak
面 3 纹理: planks_oak
面 4 纹理: planks_oak
面 5 纹理: planks_oak
结果: 所有面使用相同纹理，标准方块
方块ID: 242, 注册名称: customnpcs:npcTallLamp, 未本地化名称: tile.npcTallLamp
分析方块纹理类型:
面 0 纹理: planks_oak
面 1 纹理: planks_oak
面 2 纹理: planks_oak
面 3 纹理: planks_oak
面 4 纹理: planks_oak
面 5 纹理: planks_oak
结果: 所有面使用相同纹理，标准方块
方块ID: 243, 注册名称: customnpcs:npcChair, 未本地化名称: tile.npcChair
分析方块纹理类型:
面 0 纹理: planks_oak
面 1 纹理: planks_oak
面 2 纹理: planks_oak
面 3 纹理: planks_oak
面 4 纹理: planks_oak
面 5 纹理: planks_oak
结果: 所有面使用相同纹理，标准方块
方块ID: 244, 注册名称: customnpcs:npcCrate, 未本地化名称: tile.npcCrate
分析方块纹理类型:
面 0 纹理: planks_oak
面 1 纹理: planks_oak
面 2 纹理: planks_oak
面 3 纹理: planks_oak
面 4 纹理: planks_oak
面 5 纹理: planks_oak
结果: 所有面使用相同纹理，标准方块
方块ID: 245, 注册名称: customnpcs:npcWeaponRack, 未本地化名称: tile.npcWeaponRack
分析方块纹理类型:
面 0 纹理: planks_oak
面 1 纹理: planks_oak
面 2 纹理: planks_oak
面 3 纹理: planks_oak
面 4 纹理: planks_oak
面 5 纹理: planks_oak
结果: 所有面使用相同纹理，标准方块
方块ID: 246, 注册名称: customnpcs:npcCouchWool, 未本地化名称: tile.npcCouchWool
分析方块纹理类型:
面 0 纹理: planks_oak
面 1 纹理: planks_oak
面 2 纹理: planks_oak
面 3 纹理: planks_oak
面 4 纹理: planks_oak
面 5 纹理: planks_oak
结果: 所有面使用相同纹理，标准方块
方块ID: 247, 注册名称: customnpcs:npcCouchWood, 未本地化名称: tile.npcCouchWood
分析方块纹理类型:
面 0 纹理: planks_oak
面 1 纹理: planks_oak
面 2 纹理: planks_oak
面 3 纹理: planks_oak
面 4 纹理: planks_oak
面 5 纹理: planks_oak
结果: 所有面使用相同纹理，标准方块
方块ID: 248, 注册名称: customnpcs:npcTable, 未本地化名称: tile.npcTable
分析方块纹理类型:
面 0 纹理: planks_oak
面 1 纹理: planks_oak
面 2 纹理: planks_oak
面 3 纹理: planks_oak
面 4 纹理: planks_oak
面 5 纹理: planks_oak
结果: 所有面使用相同纹理，标准方块
方块ID: 249, 注册名称: customnpcs:npcStool, 未本地化名称: tile.npcStool
分析方块纹理类型:
面 0 纹理: planks_oak
面 1 纹理: planks_oak
面 2 纹理: planks_oak
面 3 纹理: planks_oak
面 4 纹理: planks_oak
面 5 纹理: planks_oak
结果: 所有面使用相同纹理，标准方块
方块ID: 250, 注册名称: customnpcs:npcPlaceholder, 未本地化名称: tile.npcPlaceholder
分析方块纹理类型:
面 0 纹理: customnpcs:placeholder_0
面 1 纹理: customnpcs:placeholder_0
面 2 纹理: customnpcs:placeholder_0
面 3 纹理: customnpcs:placeholder_0
面 4 纹理: customnpcs:placeholder_0
面 5 纹理: customnpcs:placeholder_0
结果: 所有面使用相同纹理，标准方块
方块ID: 251, 注册名称: customnpcs:npcBigSign, 未本地化名称: tile.npcBigSign
分析方块纹理类型:
面 0 纹理: planks_oak
面 1 纹理: planks_oak
面 2 纹理: planks_oak
面 3 纹理: planks_oak
面 4 纹理: planks_oak
面 5 纹理: planks_oak
结果: 所有面使用相同纹理，标准方块
方块ID: 252, 注册名称: customnpcs:npcBarrel, 未本地化名称: tile.npcBarrel
分析方块纹理类型:
面 0 纹理: planks_oak
面 1 纹理: planks_oak
面 2 纹理: planks_oak
面 3 纹理: planks_oak
面 4 纹理: planks_oak
面 5 纹理: planks_oak
结果: 所有面使用相同纹理，标准方块
方块ID: 253, 注册名称: customnpcs:npcTombstone, 未本地化名称: tile.npcTombstone
分析方块纹理类型:
面 0 纹理: stone
面 1 纹理: stone
面 2 纹理: stone
面 3 纹理: stone
面 4 纹理: stone
面 5 纹理: stone
结果: 所有面使用相同纹理，标准方块
方块ID: 254, 注册名称: customnpcs:npcShelf, 未本地化名称: tile.npcShelf
分析方块纹理类型:
面 0 纹理: planks_oak
面 1 纹理: planks_oak
面 2 纹理: planks_oak
面 3 纹理: planks_oak
面 4 纹理: planks_oak
面 5 纹理: planks_oak
结果: 所有面使用相同纹理，标准方块
方块ID: 255, 注册名称: customnpcs:npcSign, 未本地化名称: tile.npcSign
分析方块纹理类型:
面 0 纹理: planks_oak
面 1 纹理: planks_oak
面 2 纹理: planks_oak
面 3 纹理: planks_oak
面 4 纹理: planks_oak
面 5 纹理: planks_oak
结果: 所有面使用相同纹理，标准方块
方块ID: 409, 注册名称: customnpcs:npcBeam, 未本地化名称: tile.npcBeam
分析方块纹理类型:
面 0 纹理: planks_oak
面 1 纹理: planks_oak
面 2 纹理: planks_oak
面 3 纹理: planks_oak
面 4 纹理: planks_oak
面 5 纹理: planks_oak
结果: 所有面使用相同纹理，标准方块
方块ID: 410, 注册名称: customnpcs:npcBook, 未本地化名称: item.book
分析方块纹理类型:
面 0 纹理: planks_oak
面 1 纹理: planks_oak
面 2 纹理: planks_oak
面 3 纹理: planks_oak
面 4 纹理: planks_oak
面 5 纹理: planks_oak
结果: 所有面使用相同纹理，标准方块
方块ID: 411, 注册名称: customnpcs:npcPedestal, 未本地化名称: tile.npcPedestal
分析方块纹理类型:
面 0 纹理: planks_oak
面 1 纹理: planks_oak
面 2 纹理: planks_oak
面 3 纹理: planks_oak
面 4 纹理: planks_oak
面 5 纹理: planks_oak
结果: 所有面使用相同纹理，标准方块
方块ID: 412, 注册名称: customnpcs:npcCrystalBlock, 未本地化名称: item.npcCrystal
分析方块纹理类型:
面 0 纹理: customnpcs:npcCrystal
面 1 纹理: customnpcs:npcCrystal
面 2 纹理: customnpcs:npcCrystal
面 3 纹理: customnpcs:npcCrystal
面 4 纹理: customnpcs:npcCrystal
面 5 纹理: customnpcs:npcCrystal
结果: 所有面使用相同纹理，标准方块
方块ID: 413, 注册名称: customnpcs:npcCampfire, 未本地化名称: tile.npcCampfire
分析方块纹理类型:
面 0 纹理: cobblestone
面 1 纹理: cobblestone
面 2 纹理: cobblestone
面 3 纹理: cobblestone
面 4 纹理: cobblestone
面 5 纹理: cobblestone
结果: 所有面使用相同纹理，标准方块
方块ID: 414, 注册名称: customnpcs:npcLamp, 未本地化名称: tile.npcLamp
分析方块纹理类型:
面 0 纹理: soul_sand
面 1 纹理: soul_sand
面 2 纹理: soul_sand
面 3 纹理: soul_sand
面 4 纹理: soul_sand
面 5 纹理: soul_sand
结果: 所有面使用相同纹理，标准方块
方块ID: 415, 注册名称: customnpcs:npcCandle, 未本地化名称: tile.npcCandle
分析方块纹理类型:
面 0 纹理: soul_sand
面 1 纹理: soul_sand
面 2 纹理: soul_sand
面 3 纹理: soul_sand
面 4 纹理: soul_sand
面 5 纹理: soul_sand
结果: 所有面使用相同纹理，标准方块
方块ID: 416, 注册名称: customnpcs:npcCampfireUnlit, 未本地化名称: tile.npcCampfire
分析方块纹理类型:
面 0 纹理: cobblestone
面 1 纹理: cobblestone
面 2 纹理: cobblestone
面 3 纹理: cobblestone
面 4 纹理: cobblestone
面 5 纹理: cobblestone
结果: 所有面使用相同纹理，标准方块
方块ID: 423, 注册名称: customnpcs:npcLampUnlit, 未本地化名称: tile.npcCandle
分析方块纹理类型:
面 0 纹理: soul_sand
面 1 纹理: soul_sand
面 2 纹理: soul_sand
面 3 纹理: soul_sand
面 4 纹理: soul_sand
面 5 纹理: soul_sand
结果: 所有面使用相同纹理，标准方块
方块ID: 424, 注册名称: customnpcs:npcCandleUnlit, 未本地化名称: tile.npcLamp
分析方块纹理类型:
面 0 纹理: soul_sand
面 1 纹理: soul_sand
面 2 纹理: soul_sand
面 3 纹理: soul_sand
面 4 纹理: soul_sand
面 5 纹理: soul_sand
结果: 所有面使用相同纹理，标准方块
方块ID: 425, 注册名称: flansmod:flansWorkbench, 未本地化名称: tile.flansWorkbench
分析方块纹理类型:
面 0 纹理: FlansMod:planeCraftingTableSide
面 1 纹理: FlansMod:planeCraftingTableSmall
面 2 纹理: FlansMod:planeCraftingTableSide
面 3 纹理: FlansMod:planeCraftingTableSide
面 4 纹理: FlansMod:planeCraftingTableSide
面 5 纹理: FlansMod:planeCraftingTableSide
结果: 不同面使用不同纹理，方向性方块
方块ID: 426, 注册名称: flansmod:teamsSpawner, 未本地化名称: tile.teamsSpawner
分析方块纹理类型:
面 0 纹理: FlansMod:spawner_item_1
面 1 纹理: FlansMod:spawner_item_1
面 2 纹理: FlansMod:spawner_item_1
面 3 纹理: FlansMod:spawner_item_1
面 4 纹理: FlansMod:spawner_item_1
面 5 纹理: FlansMod:spawner_item_1
结果: 所有面使用相同纹理，标准方块
方块ID: 427, 注册名称: flansmod:armorBox.mwArmour, 未本地化名称: tile.mwArmour
分析方块纹理类型:
面 0 纹理: FlansMod:ModernArmourBoxTop
面 1 纹理: FlansMod:ModernArmourBoxTop
面 2 纹理: FlansMod:ModernArmourBoxSide
面 3 纹理: FlansMod:ModernArmourBoxSide
面 4 纹理: FlansMod:ModernArmourBoxSide
面 5 纹理: FlansMod:ModernArmourBoxSide
结果: 不同面使用不同纹理，方向性方块
方块ID: 428, 注册名称: flansmod:armorBox.ww2Armour, 未本地化名称: tile.ww2Armour
分析方块纹理类型:
面 0 纹理: FlansMod:ww2ArmourBox
面 1 纹理: FlansMod:ww2ArmourBox
面 2 纹理: FlansMod:ww2ArmourBoxSide
面 3 纹理: FlansMod:ww2ArmourBoxSide
面 4 纹理: FlansMod:ww2ArmourBoxSide
面 5 纹理: FlansMod:ww2ArmourBoxSide
结果: 不同面使用不同纹理，方向性方块
方块ID: 429, 注册名称: flansmod:gunBox.modern, 未本地化名称: tile.modern
分析方块纹理类型:
面 0 纹理: FlansMod:boxBottom
面 1 纹理: FlansMod:ModernBoxTop
面 2 纹理: FlansMod:ModernBoxSide
面 3 纹理: FlansMod:ModernBoxSide
面 4 纹理: FlansMod:ModernBoxSide
面 5 纹理: FlansMod:ModernBoxSide
结果: 不同面使用不同纹理，方向性方块
方块ID: 430, 注册名称: flansmod:gunBox.american, 未本地化名称: tile.american
分析方块纹理类型:
面 0 纹理: FlansMod:boxBottom
面 1 纹理: FlansMod:boxTop
面 2 纹理: FlansMod:AmericanBox
面 3 纹理: FlansMod:AmericanBox
面 4 纹理: FlansMod:AmericanBox
面 5 纹理: FlansMod:AmericanBox
结果: 不同面使用不同纹理，方向性方块
方块ID: 431, 注册名称: flansmod:gunBox.british, 未本地化名称: tile.british
分析方块纹理类型:
面 0 纹理: FlansMod:boxBottom
面 1 纹理: FlansMod:boxTop
面 2 纹理: FlansMod:BritishBox
面 3 纹理: FlansMod:BritishBox
面 4 纹理: FlansMod:BritishBox
面 5 纹理: FlansMod:BritishBox
结果: 不同面使用不同纹理，方向性方块
方块ID: 432, 注册名称: flansmod:gunBox.german, 未本地化名称: tile.german
分析方块纹理类型:
面 0 纹理: FlansMod:boxBottom
面 1 纹理: FlansMod:boxTop
面 2 纹理: FlansMod:GermanBox
面 3 纹理: FlansMod:GermanBox
面 4 纹理: FlansMod:GermanBox
面 5 纹理: FlansMod:GermanBox
结果: 不同面使用不同纹理，方向性方块
方块ID: 433, 注册名称: flansmod:gunBox.japanese, 未本地化名称: tile.japanese
分析方块纹理类型:
面 0 纹理: FlansMod:boxBottom
面 1 纹理: FlansMod:boxTop
面 2 纹理: FlansMod:JapaneseBox
面 3 纹理: FlansMod:JapaneseBox
面 4 纹理: FlansMod:JapaneseBox
面 5 纹理: FlansMod:JapaneseBox
结果: 不同面使用不同纹理，方向性方块
方块ID: 434, 注册名称: flansmod:gunBox.russian, 未本地化名称: tile.russian
分析方块纹理类型:
面 0 纹理: FlansMod:boxBottom
面 1 纹理: FlansMod:boxTop
面 2 纹理: FlansMod:RussianBox
面 3 纹理: FlansMod:RussianBox
面 4 纹理: FlansMod:RussianBox
面 5 纹理: FlansMod:RussianBox
结果: 不同面使用不同纹理，方向性方块
方块ID: 435, 注册名称: IC2:blockOreCopper, 未本地化名称: blockOreCopper
分析方块纹理类型:
面 0 纹理: ic2:blockOreCopper:0
面 1 纹理: ic2:blockOreCopper:1
面 2 纹理: ic2:blockOreCopper:5
面 3 纹理: ic2:blockOreCopper:3
面 4 纹理: ic2:blockOreCopper:2
面 5 纹理: ic2:blockOreCopper:4
结果: 不同面使用不同纹理，方向性方块
方块ID: 436, 注册名称: IC2:blockOreTin, 未本地化名称: blockOreTin
分析方块纹理类型:
面 0 纹理: ic2:blockOreTin:0
面 1 纹理: ic2:blockOreTin:1
面 2 纹理: ic2:blockOreTin:5
面 3 纹理: ic2:blockOreTin:3
面 4 纹理: ic2:blockOreTin:2
面 5 纹理: ic2:blockOreTin:4
结果: 不同面使用不同纹理，方向性方块
方块ID: 437, 注册名称: IC2:blockOreUran, 未本地化名称: blockOreUran
分析方块纹理类型:
面 0 纹理: ic2:blockOreUran:0
面 1 纹理: ic2:blockOreUran:1
面 2 纹理: ic2:blockOreUran:5
面 3 纹理: ic2:blockOreUran:3
面 4 纹理: ic2:blockOreUran:2
面 5 纹理: ic2:blockOreUran:4
结果: 不同面使用不同纹理，方向性方块
方块ID: 438, 注册名称: IC2:blockOreLead, 未本地化名称: blockOreLead
分析方块纹理类型:
面 0 纹理: ic2:blockOreLead:0
面 1 纹理: ic2:blockOreLead:1
面 2 纹理: ic2:blockOreLead:5
面 3 纹理: ic2:blockOreLead:3
面 4 纹理: ic2:blockOreLead:2
面 5 纹理: ic2:blockOreLead:4
结果: 不同面使用不同纹理，方向性方块
方块ID: 439, 注册名称: IC2:blockRubWood, 未本地化名称: blockRubWood
分析方块纹理类型:
面 0 纹理: ic2:blockRubWood:0
面 1 纹理: ic2:blockRubWood:1
面 2 纹理: ic2:blockRubWood:5
面 3 纹理: ic2:blockRubWood:3
面 4 纹理: ic2:blockRubWood:2
面 5 纹理: ic2:blockRubWood:4
结果: 不同面使用不同纹理，方向性方块
方块ID: 440, 注册名称: IC2:blockRubLeaves, 未本地化名称: tile.blockRubLeaves
分析方块纹理类型:
面 0 纹理: ic2:blockRubLeaves
面 1 纹理: ic2:blockRubLeaves
面 2 纹理: ic2:blockRubLeaves
面 3 纹理: ic2:blockRubLeaves
面 4 纹理: ic2:blockRubLeaves
面 5 纹理: ic2:blockRubLeaves
结果: 所有面使用相同纹理，标准方块
方块ID: 441, 注册名称: IC2:blockRubSapling, 未本地化名称: blockRubSapling
分析方块纹理类型:
面 0 纹理: ic2:blockRubSapling
面 1 纹理: ic2:blockRubSapling
面 2 纹理: ic2:blockRubSapling
面 3 纹理: ic2:blockRubSapling
面 4 纹理: ic2:blockRubSapling
面 5 纹理: ic2:blockRubSapling
结果: 所有面使用相同纹理，标准方块
方块ID: 442, 注册名称: IC2:blockHarz, 未本地化名称: blockHarz
分析方块纹理类型:
面 0 纹理: ic2:blockHarz:0
面 1 纹理: ic2:blockHarz:1
面 2 纹理: ic2:blockHarz:5
面 3 纹理: ic2:blockHarz:3
面 4 纹理: ic2:blockHarz:2
面 5 纹理: ic2:blockHarz:4
结果: 不同面使用不同纹理，方向性方块
方块ID: 443, 注册名称: IC2:blockRubber, 未本地化名称: blockRubber
分析方块纹理类型:
面 0 纹理: ic2:blockRubber:0
面 1 纹理: ic2:blockRubber:1
面 2 纹理: ic2:blockRubber:5
面 3 纹理: ic2:blockRubber:3
面 4 纹理: ic2:blockRubber:2
面 5 纹理: ic2:blockRubber:4
结果: 不同面使用不同纹理，方向性方块
方块ID: 444, 注册名称: IC2:blockFenceIron, 未本地化名称: blockFenceIron
分析方块纹理类型:
面 0 纹理: ic2:blockFenceIron:0
面 1 纹理: ic2:blockFenceIron:1
面 2 纹理: ic2:blockFenceIron:5
面 3 纹理: ic2:blockFenceIron:3
面 4 纹理: ic2:blockFenceIron:2
面 5 纹理: ic2:blockFenceIron:4
结果: 不同面使用不同纹理，方向性方块
方块ID: 445, 注册名称: IC2:blockAlloy, 未本地化名称: blockAlloy
分析方块纹理类型:
面 0 纹理: ic2:blockAlloy:0
面 1 纹理: ic2:blockAlloy:1
面 2 纹理: ic2:blockAlloy:5
面 3 纹理: ic2:blockAlloy:3
面 4 纹理: ic2:blockAlloy:2
面 5 纹理: ic2:blockAlloy:4
结果: 不同面使用不同纹理，方向性方块
方块ID: 446, 注册名称: IC2:blockBasalt, 未本地化名称: blockBasalt
分析方块纹理类型:
面 0 纹理: ic2:blockBasalt:0
面 1 纹理: ic2:blockBasalt:1
面 2 纹理: ic2:blockBasalt:5
面 3 纹理: ic2:blockBasalt:3
面 4 纹理: ic2:blockBasalt:2
面 5 纹理: ic2:blockBasalt:4
结果: 不同面使用不同纹理，方向性方块
方块ID: 447, 注册名称: IC2:blockAlloyGlass, 未本地化名称: blockAlloyGlass
分析方块纹理类型:
面 0 纹理: ic2:blockAlloyGlass:0
面 1 纹理: ic2:blockAlloyGlass:1
面 2 纹理: ic2:blockAlloyGlass:5
面 3 纹理: ic2:blockAlloyGlass:3
面 4 纹理: ic2:blockAlloyGlass:2
面 5 纹理: ic2:blockAlloyGlass:4
结果: 不同面使用不同纹理，方向性方块
方块ID: 448, 注册名称: IC2:blockDoorAlloy, 未本地化名称: tile.blockDoorAlloy
分析方块纹理类型:
面 0 纹理: ic2:blockDoorAlloy.bottom
面 1 纹理: ic2:blockDoorAlloy.bottom
面 2 纹理: ic2:blockDoorAlloy.bottom
面 3 纹理: ic2:blockDoorAlloy.bottom
面 4 纹理: ic2:blockDoorAlloy.bottom
面 5 纹理: ic2:blockDoorAlloy.bottom
结果: 所有面使用相同纹理，标准方块
方块ID: 449, 注册名称: IC2:blockReinforcedFoam, 未本地化名称: blockReinforcedFoam
分析方块纹理类型:
面 0 纹理: ic2:cf/blockReinforcedFoam:0
面 1 纹理: ic2:cf/blockReinforcedFoam:1
面 2 纹理: ic2:cf/blockReinforcedFoam:5
面 3 纹理: ic2:cf/blockReinforcedFoam:3
面 4 纹理: ic2:cf/blockReinforcedFoam:2
面 5 纹理: ic2:cf/blockReinforcedFoam:4
结果: 不同面使用不同纹理，方向性方块
方块ID: 450, 注册名称: IC2:blockFoam, 未本地化名称: blockFoam
分析方块纹理类型:
面 0 纹理: ic2:cf/blockFoam:0
面 1 纹理: ic2:cf/blockFoam:1
面 2 纹理: ic2:cf/blockFoam:5
面 3 纹理: ic2:cf/blockFoam:3
面 4 纹理: ic2:cf/blockFoam:2
面 5 纹理: ic2:cf/blockFoam:4
结果: 不同面使用不同纹理，方向性方块
方块ID: 451, 注册名称: IC2:blockWall, 未本地化名称: blockWall
分析方块纹理类型:
面 0 纹理: ic2:cf/blockWall.black:0
面 1 纹理: ic2:cf/blockWall.black:1
面 2 纹理: ic2:cf/blockWall.black:5
面 3 纹理: ic2:cf/blockWall.black:3
面 4 纹理: ic2:cf/blockWall.black:2
面 5 纹理: ic2:cf/blockWall.black:4
结果: 不同面使用不同纹理，方向性方块
方块ID: 452, 注册名称: IC2:blockScaffold, 未本地化名称: blockScaffold
分析方块纹理类型:
面 0 纹理: ic2:blockScaffold:0
面 1 纹理: ic2:blockScaffold:1
面 2 纹理: ic2:blockScaffold:5
面 3 纹理: ic2:blockScaffold:3
面 4 纹理: ic2:blockScaffold:2
面 5 纹理: ic2:blockScaffold:4
结果: 不同面使用不同纹理，方向性方块
方块ID: 453, 注册名称: IC2:blockIronScaffold, 未本地化名称: blockIronScaffold
分析方块纹理类型:
面 0 纹理: ic2:blockIronScaffold:0
面 1 纹理: ic2:blockIronScaffold:1
面 2 纹理: ic2:blockIronScaffold:5
面 3 纹理: ic2:blockIronScaffold:3
面 4 纹理: ic2:blockIronScaffold:2
面 5 纹理: ic2:blockIronScaffold:4
结果: 不同面使用不同纹理，方向性方块
方块ID: 454, 注册名称: IC2:blockMetal, 未本地化名称: blockMetal
分析方块纹理类型:
面 0 纹理: ic2:blockMetalCopper:0
面 1 纹理: ic2:blockMetalCopper:1
面 2 纹理: ic2:blockMetalCopper:5
面 3 纹理: ic2:blockMetalCopper:3
面 4 纹理: ic2:blockMetalCopper:2
面 5 纹理: ic2:blockMetalCopper:4
结果: 不同面使用不同纹理，方向性方块
方块ID: 455, 注册名称: IC2:blockCable, 未本地化名称: blockCable
分析方块纹理类型:
面 0 纹理: ic2:wiring/cable/blockCable:0
面 1 纹理: ic2:wiring/cable/blockCable:1
面 2 纹理: ic2:wiring/cable/blockCable:5
面 3 纹理: ic2:wiring/cable/blockCable:3
面 4 纹理: ic2:wiring/cable/blockCable:2
面 5 纹理: ic2:wiring/cable/blockCable:4
结果: 不同面使用不同纹理，方向性方块
方块ID: 456, 注册名称: IC2:blockKineticGenerator, 未本地化名称: blockKineticGenerator
分析方块纹理类型:
面 0 纹理: ic2:kineticgenerator/blockWindKineticGenerator:0
面 1 纹理: ic2:kineticgenerator/blockWindKineticGenerator:1
面 2 纹理: ic2:kineticgenerator/blockWindKineticGenerator:5
面 3 纹理: ic2:kineticgenerator/blockWindKineticGenerator:3
面 4 纹理: ic2:kineticgenerator/blockWindKineticGenerator:2
面 5 纹理: ic2:kineticgenerator/blockWindKineticGenerator:4
结果: 不同面使用不同纹理，方向性方块
方块ID: 457, 注册名称: IC2:blockHeatGenerator, 未本地化名称: blockHeatGenerator
分析方块纹理类型:
面 0 纹理: ic2:heatgenerator/blockSolidHeatGenerator:0
面 1 纹理: ic2:heatgenerator/blockSolidHeatGenerator:1
面 2 纹理: ic2:heatgenerator/blockSolidHeatGenerator:5
面 3 纹理: ic2:heatgenerator/blockSolidHeatGenerator:3
面 4 纹理: ic2:heatgenerator/blockSolidHeatGenerator:2
面 5 纹理: ic2:heatgenerator/blockSolidHeatGenerator:4
结果: 不同面使用不同纹理，方向性方块
方块ID: 458, 注册名称: IC2:blockGenerator, 未本地化名称: blockGenerator
分析方块纹理类型:
面 0 纹理: ic2:generator/blockGenerator:0
面 1 纹理: ic2:generator/blockGenerator:1
面 2 纹理: ic2:generator/blockGenerator:5
面 3 纹理: ic2:generator/blockGenerator:3
面 4 纹理: ic2:generator/blockGenerator:2
面 5 纹理: ic2:generator/blockGenerator:4
结果: 不同面使用不同纹理，方向性方块
方块ID: 459, 注册名称: IC2:blockReactorChamber, 未本地化名称: blockReactorChamber
分析方块纹理类型:
面 0 纹理: ic2:reactor/blockReactorChamber:0
面 1 纹理: ic2:reactor/blockReactorChamber:1
面 2 纹理: ic2:reactor/blockReactorChamber:5
面 3 纹理: ic2:reactor/blockReactorChamber:3
面 4 纹理: ic2:reactor/blockReactorChamber:2
面 5 纹理: ic2:reactor/blockReactorChamber:4
结果: 不同面使用不同纹理，方向性方块
方块ID: 460, 注册名称: IC2:blockReactorFluidPort, 未本地化名称: blockReactorFluidPort
分析方块纹理类型:
面 0 纹理: ic2:reactor/blockReactorFluidPort:0
面 1 纹理: ic2:reactor/blockReactorFluidPort:1
面 2 纹理: ic2:reactor/blockReactorFluidPort:5
面 3 纹理: ic2:reactor/blockReactorFluidPort:3
面 4 纹理: ic2:reactor/blockReactorFluidPort:2
面 5 纹理: ic2:reactor/blockReactorFluidPort:4
结果: 不同面使用不同纹理，方向性方块
方块ID: 461, 注册名称: IC2:blockReactorAccessHatch, 未本地化名称: blockReactorAccessHatch
分析方块纹理类型:
面 0 纹理: ic2:reactor/blockReactorAccessHatch:0
面 1 纹理: ic2:reactor/blockReactorAccessHatch:1
面 2 纹理: ic2:reactor/blockReactorAccessHatch:5
面 3 纹理: ic2:reactor/blockReactorAccessHatch:3
面 4 纹理: ic2:reactor/blockReactorAccessHatch:2
面 5 纹理: ic2:reactor/blockReactorAccessHatch:4
结果: 不同面使用不同纹理，方向性方块
方块ID: 462, 注册名称: IC2:blockReactorRedstonePort, 未本地化名称: blockReactorRedstonePort
分析方块纹理类型:
面 0 纹理: ic2:reactor/blockReactorRedstonePort:0
面 1 纹理: ic2:reactor/blockReactorRedstonePort:1
面 2 纹理: ic2:reactor/blockReactorRedstonePort:5
面 3 纹理: ic2:reactor/blockReactorRedstonePort:3
面 4 纹理: ic2:reactor/blockReactorRedstonePort:2
面 5 纹理: ic2:reactor/blockReactorRedstonePort:4
结果: 不同面使用不同纹理，方向性方块
方块ID: 463, 注册名称: IC2:blockreactorvessel, 未本地化名称: blockreactorvessel
分析方块纹理类型:
面 0 纹理: ic2:reactor/blockreactorvessel:0
面 1 纹理: ic2:reactor/blockreactorvessel:1
面 2 纹理: ic2:reactor/blockreactorvessel:5
面 3 纹理: ic2:reactor/blockreactorvessel:3
面 4 纹理: ic2:reactor/blockreactorvessel:2
面 5 纹理: ic2:reactor/blockreactorvessel:4
结果: 不同面使用不同纹理，方向性方块
方块ID: 464, 注册名称: IC2:blockElectric, 未本地化名称: blockElectric
分析方块纹理类型:
面 0 纹理: ic2:wiring/blockBatBox:0
面 1 纹理: ic2:wiring/blockBatBox:1
面 2 纹理: ic2:wiring/blockBatBox:5
面 3 纹理: ic2:wiring/blockBatBox:3
面 4 纹理: ic2:wiring/blockBatBox:2
面 5 纹理: ic2:wiring/blockBatBox:4
结果: 不同面使用不同纹理，方向性方块
方块ID: 465, 注册名称: IC2:blockChargepad, 未本地化名称: blockChargepad
分析方块纹理类型:
面 0 纹理: ic2:wiring/blockChargepadBatBox:0
面 1 纹理: ic2:wiring/blockChargepadBatBox:1
面 2 纹理: ic2:wiring/blockChargepadBatBox:5
面 3 纹理: ic2:wiring/blockChargepadBatBox:3
面 4 纹理: ic2:wiring/blockChargepadBatBox:2
面 5 纹理: ic2:wiring/blockChargepadBatBox:4
结果: 不同面使用不同纹理，方向性方块
方块ID: 466, 注册名称: IC2:blockMachine, 未本地化名称: blockMachine
分析方块纹理类型:
面 0 纹理: ic2:machine/blockMachine:0
面 1 纹理: ic2:machine/blockMachine:1
面 2 纹理: ic2:machine/blockMachine:5
面 3 纹理: ic2:machine/blockMachine:3
面 4 纹理: ic2:machine/blockMachine:2
面 5 纹理: ic2:machine/blockMachine:4
结果: 不同面使用不同纹理，方向性方块
方块ID: 467, 注册名称: IC2:blockMachine2, 未本地化名称: blockMachine2
分析方块纹理类型:
面 0 纹理: ic2:machine/blockTeleporter:0
面 1 纹理: ic2:machine/blockTeleporter:1
面 2 纹理: ic2:machine/blockTeleporter:5
面 3 纹理: ic2:machine/blockTeleporter:3
面 4 纹理: ic2:machine/blockTeleporter:2
面 5 纹理: ic2:machine/blockTeleporter:4
结果: 不同面使用不同纹理，方向性方块
方块ID: 468, 注册名称: IC2:blockMachine3, 未本地化名称: blockMachine3
分析方块纹理类型:
面 0 纹理: ic2:machine/blockSteamGenerator:0
面 1 纹理: ic2:machine/blockSteamGenerator:1
面 2 纹理: ic2:machine/blockSteamGenerator:5
面 3 纹理: ic2:machine/blockSteamGenerator:3
面 4 纹理: ic2:machine/blockSteamGenerator:2
面 5 纹理: ic2:machine/blockSteamGenerator:4
结果: 不同面使用不同纹理，方向性方块
方块ID: 469, 注册名称: IC2:blockLuminatorDark, 未本地化名称: blockLuminatorDark
分析方块纹理类型:
面 0 纹理: ic2:wiring/blockLuminatorDark:0
面 1 纹理: ic2:wiring/blockLuminatorDark:1
面 2 纹理: ic2:wiring/blockLuminatorDark:5
面 3 纹理: ic2:wiring/blockLuminatorDark:3
面 4 纹理: ic2:wiring/blockLuminatorDark:2
面 5 纹理: ic2:wiring/blockLuminatorDark:4
结果: 不同面使用不同纹理，方向性方块
方块ID: 470, 注册名称: IC2:blockLuminator, 未本地化名称: blockLuminator
分析方块纹理类型:
面 0 纹理: ic2:wiring/blockLuminator:0
面 1 纹理: ic2:wiring/blockLuminator:1
面 2 纹理: ic2:wiring/blockLuminator:5
面 3 纹理: ic2:wiring/blockLuminator:3
面 4 纹理: ic2:wiring/blockLuminator:2
面 5 纹理: ic2:wiring/blockLuminator:4
结果: 不同面使用不同纹理，方向性方块
方块ID: 471, 注册名称: IC2:blockMiningPipe, 未本地化名称: blockMiningPipe
分析方块纹理类型:
面 0 纹理: ic2:machine/blockMiningPipe:0
面 1 纹理: ic2:machine/blockMiningPipe:1
面 2 纹理: ic2:machine/blockMiningPipe:5
面 3 纹理: ic2:machine/blockMiningPipe:3
面 4 纹理: ic2:machine/blockMiningPipe:2
面 5 纹理: ic2:machine/blockMiningPipe:4
结果: 不同面使用不同纹理，方向性方块
方块ID: 472, 注册名称: IC2:blockMiningTip, 未本地化名称: blockMiningTip
分析方块纹理类型:
面 0 纹理: ic2:machine/blockMiningTip:0
面 1 纹理: ic2:machine/blockMiningTip:1
面 2 纹理: ic2:machine/blockMiningTip:5
面 3 纹理: ic2:machine/blockMiningTip:3
面 4 纹理: ic2:machine/blockMiningTip:2
面 5 纹理: ic2:machine/blockMiningTip:4
结果: 不同面使用不同纹理，方向性方块
方块ID: 473, 注册名称: IC2:blockPersonal, 未本地化名称: blockPersonal
分析方块纹理类型:
面 0 纹理: ic2:personal/blockPersonalChest:0
面 1 纹理: ic2:personal/blockPersonalChest:1
面 2 纹理: ic2:personal/blockPersonalChest:5
面 3 纹理: ic2:personal/blockPersonalChest:3
面 4 纹理: ic2:personal/blockPersonalChest:2
面 5 纹理: ic2:personal/blockPersonalChest:4
结果: 不同面使用不同纹理，方向性方块
方块ID: 474, 注册名称: IC2:blockITNT, 未本地化名称: blockITNT
分析方块纹理类型:
面 0 纹理: ic2:blockITNT:0
面 1 纹理: ic2:blockITNT:1
面 2 纹理: ic2:blockITNT:5
面 3 纹理: ic2:blockITNT:3
面 4 纹理: ic2:blockITNT:2
面 5 纹理: ic2:blockITNT:4
结果: 不同面使用不同纹理，方向性方块
方块ID: 475, 注册名称: IC2:blockNuke, 未本地化名称: blockNuke
分析方块纹理类型:
面 0 纹理: ic2:blockNuke:0
面 1 纹理: ic2:blockNuke:1
面 2 纹理: ic2:blockNuke:5
面 3 纹理: ic2:blockNuke:3
面 4 纹理: ic2:blockNuke:2
面 5 纹理: ic2:blockNuke:4
结果: 不同面使用不同纹理，方向性方块
方块ID: 476, 注册名称: IC2:blockDynamite, 未本地化名称: blockDynamite
分析方块纹理类型:
面 0 纹理: ic2:blockDynamite:0
面 1 纹理: ic2:blockDynamite:1
面 2 纹理: ic2:blockDynamite:5
面 3 纹理: ic2:blockDynamite:3
面 4 纹理: ic2:blockDynamite:2
面 5 纹理: ic2:blockDynamite:4
结果: 不同面使用不同纹理，方向性方块
方块ID: 477, 注册名称: IC2:blockDynamiteRemote, 未本地化名称: blockDynamiteRemote
分析方块纹理类型:
面 0 纹理: ic2:blockDynamiteRemote:0
面 1 纹理: ic2:blockDynamiteRemote:1
面 2 纹理: ic2:blockDynamiteRemote:5
面 3 纹理: ic2:blockDynamiteRemote:3
面 4 纹理: ic2:blockDynamiteRemote:2
面 5 纹理: ic2:blockDynamiteRemote:4
结果: 不同面使用不同纹理，方向性方块
方块ID: 478, 注册名称: IC2:blockCrop, 未本地化名称: blockCrop
分析方块纹理类型:
面 0 纹理: ic2:crop/stick:0
面 1 纹理: ic2:crop/stick:1
面 2 纹理: ic2:crop/stick:5
面 3 纹理: ic2:crop/stick:3
面 4 纹理: ic2:crop/stick:2
面 5 纹理: ic2:crop/stick:4
结果: 不同面使用不同纹理，方向性方块
方块ID: 479, 注册名称: IC2:blockBarrel, 未本地化名称: blockBarrel
分析方块纹理类型:
面 0 纹理: ic2:blockBarrel:0
面 1 纹理: ic2:blockBarrel:1
面 2 纹理: ic2:blockBarrel:5
面 3 纹理: ic2:blockBarrel:3
面 4 纹理: ic2:blockBarrel:2
面 5 纹理: ic2:blockBarrel:4
结果: 不同面使用不同纹理，方向性方块
方块ID: 480, 注册名称: IC2:fluidUuMatter, 未本地化名称: fluidUuMatter
分析方块纹理类型:
面 0 纹理: ic2:fluids/uumatter_still
面 1 纹理: ic2:fluids/uumatter_still
面 2 纹理: ic2:fluids/uumatter_flow
面 3 纹理: ic2:fluids/uumatter_flow
面 4 纹理: ic2:fluids/uumatter_flow
面 5 纹理: ic2:fluids/uumatter_flow
结果: 不同面使用不同纹理，方向性方块
方块ID: 481, 注册名称: IC2:fluidConstructionFoam, 未本地化名称: fluidConstructionFoam
分析方块纹理类型:
面 0 纹理: ic2:fluids/constructionfoam_still
面 1 纹理: ic2:fluids/constructionfoam_still
面 2 纹理: ic2:fluids/constructionfoam_flow
面 3 纹理: ic2:fluids/constructionfoam_flow
面 4 纹理: ic2:fluids/constructionfoam_flow
面 5 纹理: ic2:fluids/constructionfoam_flow
结果: 不同面使用不同纹理，方向性方块
方块ID: 482, 注册名称: IC2:fluidCoolant, 未本地化名称: fluidCoolant
分析方块纹理类型:
面 0 纹理: ic2:fluids/coolant_still
面 1 纹理: ic2:fluids/coolant_still
面 2 纹理: ic2:fluids/coolant_flow
面 3 纹理: ic2:fluids/coolant_flow
面 4 纹理: ic2:fluids/coolant_flow
面 5 纹理: ic2:fluids/coolant_flow
结果: 不同面使用不同纹理，方向性方块
方块ID: 483, 注册名称: IC2:fluidHotCoolant, 未本地化名称: fluidHotCoolant
分析方块纹理类型:
面 0 纹理: ic2:fluids/hotcoolant_still
面 1 纹理: ic2:fluids/hotcoolant_still
面 2 纹理: ic2:fluids/hotcoolant_flow
面 3 纹理: ic2:fluids/hotcoolant_flow
面 4 纹理: ic2:fluids/hotcoolant_flow
面 5 纹理: ic2:fluids/hotcoolant_flow
结果: 不同面使用不同纹理，方向性方块
方块ID: 484, 注册名称: IC2:fluidPahoehoeLava, 未本地化名称: fluidPahoehoeLava
分析方块纹理类型:
面 0 纹理: ic2:fluids/pahoehoelava_still
面 1 纹理: ic2:fluids/pahoehoelava_still
面 2 纹理: ic2:fluids/pahoehoelava_still
面 3 纹理: ic2:fluids/pahoehoelava_still
面 4 纹理: ic2:fluids/pahoehoelava_still
面 5 纹理: ic2:fluids/pahoehoelava_still
结果: 所有面使用相同纹理，标准方块
方块ID: 485, 注册名称: IC2:fluidBiomass, 未本地化名称: fluidBiomass
分析方块纹理类型:
面 0 纹理: ic2:fluids/biomass_still
面 1 纹理: ic2:fluids/biomass_still
面 2 纹理: ic2:fluids/biomass_flow
面 3 纹理: ic2:fluids/biomass_flow
面 4 纹理: ic2:fluids/biomass_flow
面 5 纹理: ic2:fluids/biomass_flow
结果: 不同面使用不同纹理，方向性方块
方块ID: 486, 注册名称: IC2:fluidBiogas, 未本地化名称: fluidBiogas
分析方块纹理类型:
面 0 纹理: ic2:fluids/biogas_still
面 1 纹理: ic2:fluids/biogas_still
面 2 纹理: ic2:fluids/biogas_still
面 3 纹理: ic2:fluids/biogas_still
面 4 纹理: ic2:fluids/biogas_still
面 5 纹理: ic2:fluids/biogas_still
结果: 所有面使用相同纹理，标准方块
方块ID: 487, 注册名称: IC2:fluidDistilledWater, 未本地化名称: fluidDistilledWater
分析方块纹理类型:
面 0 纹理: ic2:fluids/distilledwater_still
面 1 纹理: ic2:fluids/distilledwater_still
面 2 纹理: ic2:fluids/distilledwater_flow
面 3 纹理: ic2:fluids/distilledwater_flow
面 4 纹理: ic2:fluids/distilledwater_flow
面 5 纹理: ic2:fluids/distilledwater_flow
结果: 不同面使用不同纹理，方向性方块
方块ID: 488, 注册名称: IC2:fluidSuperheatedSteam, 未本地化名称: fluidSuperheatedSteam
分析方块纹理类型:
面 0 纹理: ic2:fluids/superheatedsteam_still
面 1 纹理: ic2:fluids/superheatedsteam_still
面 2 纹理: ic2:fluids/superheatedsteam_still
面 3 纹理: ic2:fluids/superheatedsteam_still
面 4 纹理: ic2:fluids/superheatedsteam_still
面 5 纹理: ic2:fluids/superheatedsteam_still
结果: 所有面使用相同纹理，标准方块
方块ID: 489, 注册名称: IC2:fluidSteam, 未本地化名称: fluidSteam
分析方块纹理类型:
面 0 纹理: ic2:fluids/steam_still
面 1 纹理: ic2:fluids/steam_still
面 2 纹理: ic2:fluids/steam_still
面 3 纹理: ic2:fluids/steam_still
面 4 纹理: ic2:fluids/steam_still
面 5 纹理: ic2:fluids/steam_still
结果: 所有面使用相同纹理，标准方块
方块ID: 490, 注册名称: IC2:fluidHotWater, 未本地化名称: fluidHotWater
分析方块纹理类型:
面 0 纹理: ic2:fluids/hotwater_still
面 1 纹理: ic2:fluids/hotwater_still
面 2 纹理: ic2:fluids/hotwater_flow
面 3 纹理: ic2:fluids/hotwater_flow
面 4 纹理: ic2:fluids/hotwater_flow
面 5 纹理: ic2:fluids/hotwater_flow
结果: 不同面使用不同纹理，方向性方块
方块ID: 491, 注册名称: mw:TitaniumOre, 未本地化名称: tile.mw_TitaniumOre
分析方块纹理类型:
面 0 纹理: mw:titaniumore
面 1 纹理: mw:titaniumore
面 2 纹理: mw:titaniumore
面 3 纹理: mw:titaniumore
面 4 纹理: mw:titaniumore
面 5 纹理: mw:titaniumore
结果: 所有面使用相同纹理，标准方块
方块ID: 492, 注册名称: mw:LeadOre, 未本地化名称: tile.mw_LeadOre
分析方块纹理类型:
面 0 纹理: mw:leadore
面 1 纹理: mw:leadore
面 2 纹理: mw:leadore
面 3 纹理: mw:leadore
面 4 纹理: mw:leadore
面 5 纹理: mw:leadore
结果: 所有面使用相同纹理，标准方块
方块ID: 493, 注册名称: mw:CopperOre, 未本地化名称: tile.mw_CopperOre
分析方块纹理类型:
面 0 纹理: mw:copperore
面 1 纹理: mw:copperore
面 2 纹理: mw:copperore
面 3 纹理: mw:copperore
面 4 纹理: mw:copperore
面 5 纹理: mw:copperore
结果: 所有面使用相同纹理，标准方块
方块ID: 494, 注册名称: mw:TinOre, 未本地化名称: tile.mw_TinOre
分析方块纹理类型:
面 0 纹理: mw:tinore
面 1 纹理: mw:tinore
面 2 纹理: mw:tinore
面 3 纹理: mw:tinore
面 4 纹理: mw:tinore
面 5 纹理: mw:tinore
结果: 所有面使用相同纹理，标准方块
方块ID: 495, 注册名称: mw:SulfurOre, 未本地化名称: tile.mw_SulfurOre
分析方块纹理类型:
面 0 纹理: mw:sulfurore
面 1 纹理: mw:sulfurore
面 2 纹理: mw:sulfurore
面 3 纹理: mw:sulfurore
面 4 纹理: mw:sulfurore
面 5 纹理: mw:sulfurore
结果: 所有面使用相同纹理，标准方块
方块ID: 496, 注册名称: mw:BauxiteOre, 未本地化名称: tile.mw_BauxiteOre
分析方块纹理类型:
面 0 纹理: mw:bauxiteore
面 1 纹理: mw:bauxiteore
面 2 纹理: mw:bauxiteore
面 3 纹理: mw:bauxiteore
面 4 纹理: mw:bauxiteore
面 5 纹理: mw:bauxiteore
结果: 所有面使用相同纹理，标准方块
方块ID: 497, 注册名称: mw:SiliconOre, 未本地化名称: tile.mw_SiliconOre
分析方块纹理类型:
面 0 纹理: mw:siliconore
面 1 纹理: mw:siliconore
面 2 纹理: mw:siliconore
面 3 纹理: mw:siliconore
面 4 纹理: mw:siliconore
面 5 纹理: mw:siliconore
结果: 所有面使用相同纹理，标准方块
方块ID: 498, 注册名称: mw:TantalumOre, 未本地化名称: tile.mw_TantalumOre
分析方块纹理类型:
面 0 纹理: mw:tantalumore
面 1 纹理: mw:tantalumore
面 2 纹理: mw:tantalumore
面 3 纹理: mw:tantalumore
面 4 纹理: mw:tantalumore
面 5 纹理: mw:tantalumore
结果: 所有面使用相同纹理，标准方块
方块ID: 499, 注册名称: mw:RubyOre, 未本地化名称: tile.mw_RubyOre
分析方块纹理类型:
面 0 纹理: mw:rubyore
面 1 纹理: mw:rubyore
面 2 纹理: mw:rubyore
面 3 纹理: mw:rubyore
面 4 纹理: mw:rubyore
面 5 纹理: mw:rubyore
结果: 所有面使用相同纹理，标准方块
方块ID: 500, 注册名称: Thaumcraft:blockFluxGoo, 未本地化名称: tile.blockFluxGoo
分析方块纹理类型:
面 0 纹理: thaumcraft:fluxgoo
面 1 纹理: thaumcraft:fluxgoo
面 2 纹理: thaumcraft:fluxgoo
面 3 纹理: thaumcraft:fluxgoo
面 4 纹理: thaumcraft:fluxgoo
面 5 纹理: thaumcraft:fluxgoo
结果: 所有面使用相同纹理，标准方块
方块ID: 501, 注册名称: Thaumcraft:blockFluxGas, 未本地化名称: tile.blockFluxGas
分析方块纹理类型:
面 0 纹理: thaumcraft:fluxgas
面 1 纹理: thaumcraft:fluxgas
面 2 纹理: thaumcraft:fluxgas
面 3 纹理: thaumcraft:fluxgas
面 4 纹理: thaumcraft:fluxgas
面 5 纹理: thaumcraft:fluxgas
结果: 所有面使用相同纹理，标准方块
方块ID: 502, 注册名称: Thaumcraft:blockFluidPure, 未本地化名称: tile.blockFluidPure
分析方块纹理类型:
面 0 纹理: thaumcraft:fluidpure
面 1 纹理: thaumcraft:fluidpure
面 2 纹理: thaumcraft:fluidpure
面 3 纹理: thaumcraft:fluidpure
面 4 纹理: thaumcraft:fluidpure
面 5 纹理: thaumcraft:fluidpure
结果: 所有面使用相同纹理，标准方块
方块ID: 503, 注册名称: Thaumcraft:blockFluidDeath, 未本地化名称: tile.blockFluidDeath
分析方块纹理类型:
面 0 纹理: thaumcraft:fluiddeath
面 1 纹理: thaumcraft:fluiddeath
面 2 纹理: thaumcraft:fluiddeath
面 3 纹理: thaumcraft:fluiddeath
面 4 纹理: thaumcraft:fluiddeath
面 5 纹理: thaumcraft:fluiddeath
结果: 所有面使用相同纹理，标准方块
方块ID: 504, 注册名称: Thaumcraft:blockCustomOre, 未本地化名称: tile.blockCustomOre
分析方块纹理类型:
面 0 纹理: thaumcraft:cinnibar
面 1 纹理: thaumcraft:cinnibar
面 2 纹理: thaumcraft:cinnibar
面 3 纹理: thaumcraft:cinnibar
面 4 纹理: thaumcraft:cinnibar
面 5 纹理: thaumcraft:cinnibar
结果: 所有面使用相同纹理，标准方块
方块ID: 505, 注册名称: Thaumcraft:blockMagicalLog, 未本地化名称: tile.blockMagicalLog
分析方块纹理类型:
面 0 纹理: thaumcraft:greatwoodtop
面 1 纹理: thaumcraft:greatwoodtop
面 2 纹理: thaumcraft:greatwoodside
面 3 纹理: thaumcraft:greatwoodside
面 4 纹理: thaumcraft:greatwoodside
面 5 纹理: thaumcraft:greatwoodside
结果: 不同面使用不同纹理，方向性方块
方块ID: 506, 注册名称: Thaumcraft:blockMagicalLeaves, 未本地化名称: tile.blockMagicalLeaves
分析方块纹理类型:
面 0 纹理: thaumcraft:greatwoodleaveslow
面 1 纹理: thaumcraft:greatwoodleaveslow
面 2 纹理: thaumcraft:greatwoodleaveslow
面 3 纹理: thaumcraft:greatwoodleaveslow
面 4 纹理: thaumcraft:greatwoodleaveslow
面 5 纹理: thaumcraft:greatwoodleaveslow
结果: 所有面使用相同纹理，标准方块
方块ID: 507, 注册名称: Thaumcraft:blockCustomPlant, 未本地化名称: tile.blockCustomPlant
分析方块纹理类型:
面 0 纹理: thaumcraft:greatwoodsapling
面 1 纹理: thaumcraft:greatwoodsapling
面 2 纹理: thaumcraft:greatwoodsapling
面 3 纹理: thaumcraft:greatwoodsapling
面 4 纹理: thaumcraft:greatwoodsapling
面 5 纹理: thaumcraft:greatwoodsapling
结果: 所有面使用相同纹理，标准方块
方块ID: 508, 注册名称: Thaumcraft:blockTaint, 未本地化名称: tile.blockTaint
分析方块纹理类型:
面 0 纹理: thaumcraft:taint_crust
面 1 纹理: thaumcraft:taint_crust
面 2 纹理: thaumcraft:taint_crust
面 3 纹理: thaumcraft:taint_crust
面 4 纹理: thaumcraft:taint_crust
面 5 纹理: thaumcraft:taint_crust
结果: 所有面使用相同纹理，标准方块
方块ID: 509, 注册名称: Thaumcraft:blockTaintFibres, 未本地化名称: tile.blockTaintFibres
分析方块纹理类型:
面 0 纹理: thaumcraft:taint_fibres
面 1 纹理: thaumcraft:taint_fibres
面 2 纹理: thaumcraft:taint_fibres
面 3 纹理: thaumcraft:taint_fibres
面 4 纹理: thaumcraft:taint_fibres
面 5 纹理: thaumcraft:taint_fibres
结果: 所有面使用相同纹理，标准方块
方块ID: 510, 注册名称: Thaumcraft:blockCosmeticOpaque, 未本地化名称: tile.blockCosmeticOpaque
分析方块纹理类型:
面 0 纹理: thaumcraft:amberblock_top
面 1 纹理: thaumcraft:amberblock_top
面 2 纹理: thaumcraft:amberblock
面 3 纹理: thaumcraft:amberblock
面 4 纹理: thaumcraft:amberblock
面 5 纹理: thaumcraft:amberblock
结果: 不同面使用不同纹理，方向性方块
方块ID: 511, 注册名称: Thaumcraft:blockCosmeticSolid, 未本地化名称: tile.blockCosmeticSolid
分析方块纹理类型:
面 0 纹理: thaumcraft:obsidiantile
面 1 纹理: thaumcraft:obsidiantile
面 2 纹理: thaumcraft:obsidiantile
面 3 纹理: thaumcraft:obsidiantile
面 4 纹理: thaumcraft:obsidiantile
面 5 纹理: thaumcraft:obsidiantile
结果: 所有面使用相同纹理，标准方块
方块ID: 512, 注册名称: Thaumcraft:blockCrystal, 未本地化名称: tile.blockCrystal
分析方块纹理类型:
面 0 纹理: thaumcraft:crystal
面 1 纹理: thaumcraft:crystal
面 2 纹理: thaumcraft:crystal
面 3 纹理: thaumcraft:crystal
面 4 纹理: thaumcraft:crystal
面 5 纹理: thaumcraft:crystal
结果: 所有面使用相同纹理，标准方块
方块ID: 513, 注册名称: Thaumcraft:blockTube, 未本地化名称: tile.blockTube
分析方块纹理类型:
面 0 纹理: thaumcraft:pipe_1
面 1 纹理: thaumcraft:pipe_1
面 2 纹理: thaumcraft:pipe_1
面 3 纹理: thaumcraft:pipe_1
面 4 纹理: thaumcraft:pipe_1
面 5 纹理: thaumcraft:pipe_1
结果: 所有面使用相同纹理，标准方块
方块ID: 514, 注册名称: Thaumcraft:blockMetalDevice, 未本地化名称: tile.blockMetalDevice
分析方块纹理类型:
面 0 纹理: thaumcraft:metalbase
面 1 纹理: thaumcraft:metalbase
面 2 纹理: thaumcraft:metalbase
面 3 纹理: thaumcraft:metalbase
面 4 纹理: thaumcraft:metalbase
面 5 纹理: thaumcraft:metalbase
结果: 所有面使用相同纹理，标准方块
方块ID: 515, 注册名称: Thaumcraft:blockWoodenDevice, 未本地化名称: tile.blockWoodenDevice
分析方块纹理类型:
面 0 纹理: thaumcraft:woodplain
面 1 纹理: thaumcraft:woodplain
面 2 纹理: thaumcraft:woodplain
面 3 纹理: thaumcraft:woodplain
面 4 纹理: thaumcraft:woodplain
面 5 纹理: thaumcraft:woodplain
结果: 所有面使用相同纹理，标准方块
方块ID: 516, 注册名称: Thaumcraft:blockStoneDevice, 未本地化名称: tile.blockStoneDevice
分析方块纹理类型:
面 0 纹理: thaumcraft:pedestal_top
面 1 纹理: thaumcraft:al_furnace_top
面 2 纹理: thaumcraft:al_furnace_front_off
面 3 纹理: thaumcraft:al_furnace_front_off
面 4 纹理: thaumcraft:al_furnace_front_off
面 5 纹理: thaumcraft:al_furnace_front_off
结果: 不同面使用不同纹理，方向性方块
方块ID: 517, 注册名称: Thaumcraft:blockMirror, 未本地化名称: tile.blockMirror
分析方块纹理类型:
面 0 纹理: thaumcraft:mirrorframe
面 1 纹理: thaumcraft:mirrorframe
面 2 纹理: thaumcraft:mirrorframe
面 3 纹理: thaumcraft:mirrorframe
面 4 纹理: thaumcraft:mirrorframe
面 5 纹理: thaumcraft:mirrorframe
结果: 所有面使用相同纹理，标准方块
方块ID: 518, 注册名称: Thaumcraft:blockTable, 未本地化名称: tile.blockTable
分析方块纹理类型:
面 0 纹理: thaumcraft:woodplain
面 1 纹理: thaumcraft:woodplain
面 2 纹理: thaumcraft:woodplain
面 3 纹理: thaumcraft:woodplain
面 4 纹理: thaumcraft:woodplain
面 5 纹理: thaumcraft:woodplain
结果: 所有面使用相同纹理，标准方块
方块ID: 519, 注册名称: Thaumcraft:blockChestHungry, 未本地化名称: tile.blockChestHungry
分析方块纹理类型:
面 0 纹理: thaumcraft:woodplain
面 1 纹理: thaumcraft:woodplain
面 2 纹理: thaumcraft:woodplain
面 3 纹理: thaumcraft:woodplain
面 4 纹理: thaumcraft:woodplain
面 5 纹理: thaumcraft:woodplain
结果: 所有面使用相同纹理，标准方块
方块ID: 520, 注册名称: Thaumcraft:blockArcaneDoor, 未本地化名称: tile.blockArcaneDoor
分析方块纹理类型:
面 0 纹理: thaumcraft:adoortop
面 1 纹理: thaumcraft:adoortop
面 2 纹理: thaumcraft:adoortop
面 3 纹理: thaumcraft:adoortop
面 4 纹理: thaumcraft:adoortop
面 5 纹理: thaumcraft:adoortop
结果: 所有面使用相同纹理，标准方块
方块ID: 521, 注册名称: Thaumcraft:blockLifter, 未本地化名称: tile.blockLifter
分析方块纹理类型:
面 0 纹理: thaumcraft:arcaneearbottom
面 1 纹理: thaumcraft:liftertop
面 2 纹理: thaumcraft:lifterside
面 3 纹理: thaumcraft:lifterside
面 4 纹理: thaumcraft:lifterside
面 5 纹理: thaumcraft:lifterside
结果: 不同面使用不同纹理，方向性方块
方块ID: 522, 注册名称: Thaumcraft:blockMagicBox, 未本地化名称: tile.blockMagicBox
分析方块纹理类型:
面 0 纹理: thaumcraft:woodplain
面 1 纹理: thaumcraft:woodplain
面 2 纹理: thaumcraft:woodplain
面 3 纹理: thaumcraft:woodplain
面 4 纹理: thaumcraft:woodplain
面 5 纹理: thaumcraft:woodplain
结果: 所有面使用相同纹理，标准方块
方块ID: 523, 注册名称: Thaumcraft:blockAlchemyFurnace, 未本地化名称: tile.blockAlchemyFurnace
分析方块纹理类型:
面 0 纹理: thaumcraft:metalbase
面 1 纹理: thaumcraft:metalbase
面 2 纹理: thaumcraft:metalbase
面 3 纹理: thaumcraft:metalbase
面 4 纹理: thaumcraft:metalbase
面 5 纹理: thaumcraft:metalbase
结果: 所有面使用相同纹理，标准方块
方块ID: 524, 注册名称: Thaumcraft:blockJar, 未本地化名称: tile.blockJar
分析方块纹理类型:
面 0 纹理: thaumcraft:jar_bottom
面 1 纹理: thaumcraft:jar_top
面 2 纹理: thaumcraft:jar_side
面 3 纹理: thaumcraft:jar_side
面 4 纹理: thaumcraft:jar_side
面 5 纹理: thaumcraft:jar_side
结果: 不同面使用不同纹理，方向性方块
方块ID: 525, 注册名称: Thaumcraft:blockCandle, 未本地化名称: tile.blockCandle
分析方块纹理类型:
面 0 纹理: thaumcraft:candle
面 1 纹理: thaumcraft:candle
面 2 纹理: thaumcraft:candle
面 3 纹理: thaumcraft:candle
面 4 纹理: thaumcraft:candle
面 5 纹理: thaumcraft:candle
结果: 所有面使用相同纹理，标准方块
方块ID: 526, 注册名称: Thaumcraft:blockEldritch, 未本地化名称: tile.blockEldritch
分析方块纹理类型:
面 0 纹理: thaumcraft:obsidiantile
面 1 纹理: thaumcraft:obsidiantile
面 2 纹理: thaumcraft:obsidiantile
面 3 纹理: thaumcraft:obsidiantile
面 4 纹理: thaumcraft:obsidiantile
面 5 纹理: thaumcraft:obsidiantile
结果: 所有面使用相同纹理，标准方块
方块ID: 527, 注册名称: Thaumcraft:blockAiry, 未本地化名称: tile.blockAiry
分析方块纹理类型:
面 0 纹理: thaumcraft:blank
面 1 纹理: thaumcraft:blank
面 2 纹理: thaumcraft:blank
面 3 纹理: thaumcraft:blank
面 4 纹理: thaumcraft:blank
面 5 纹理: thaumcraft:blank
结果: 所有面使用相同纹理，标准方块
方块ID: 528, 注册名称: Thaumcraft:blockManaPod, 未本地化名称: tile.blockManaPod
分析方块纹理类型:
面 0 纹理: thaumcraft:manapod_stem_0
面 1 纹理: thaumcraft:manapod_stem_0
面 2 纹理: thaumcraft:manapod_stem_0
面 3 纹理: thaumcraft:manapod_stem_0
面 4 纹理: thaumcraft:manapod_stem_0
面 5 纹理: thaumcraft:manapod_stem_0
结果: 所有面使用相同纹理，标准方块
方块ID: 529, 注册名称: Thaumcraft:blockArcaneFurnace, 未本地化名称: tile.blockArcaneFurnace
分析方块纹理类型:
面 0 纹理为null
面 1 纹理为null
面 2 纹理为null
面 3 纹理为null
面 4 纹理为null
面 5 纹理为null
结果: 所有面纹理均为null，可能使用完全自定义渲染
方块ID: 530, 注册名称: Thaumcraft:blockWarded, 未本地化名称: tile.blockWarded
分析方块纹理类型:
面 0 纹理: thaumcraft:blank
面 1 纹理: thaumcraft:blank
面 2 纹理: thaumcraft:blank
面 3 纹理: thaumcraft:blank
面 4 纹理: thaumcraft:blank
面 5 纹理: thaumcraft:blank
结果: 所有面使用相同纹理，标准方块
方块ID: 531, 注册名称: Thaumcraft:blockHole, 未本地化名称: tile.blockHole
分析方块纹理类型:
面 0 纹理: thaumcraft:blank
面 1 纹理: thaumcraft:blank
面 2 纹理: thaumcraft:blank
面 3 纹理: thaumcraft:blank
面 4 纹理: thaumcraft:blank
面 5 纹理: thaumcraft:blank
结果: 所有面使用相同纹理，标准方块
方块ID: 532, 注册名称: Thaumcraft:blockPortalEldritch, 未本地化名称: tile.blockPortalEldritch
分析方块纹理类型:
面 0 纹理: thaumcraft:blank
面 1 纹理: thaumcraft:blank
面 2 纹理: thaumcraft:blank
面 3 纹理: thaumcraft:blank
面 4 纹理: thaumcraft:blank
面 5 纹理: thaumcraft:blank
结果: 所有面使用相同纹理，标准方块
方块ID: 533, 注册名称: Thaumcraft:blockEssentiaReservoir, 未本地化名称: tile.blockEssentiaReservoir
分析方块纹理类型:
面 0 纹理: thaumcraft:essentiareservoir
面 1 纹理: thaumcraft:essentiareservoir
面 2 纹理: thaumcraft:essentiareservoir
面 3 纹理: thaumcraft:essentiareservoir
面 4 纹理: thaumcraft:essentiareservoir
面 5 纹理: thaumcraft:essentiareservoir
结果: 所有面使用相同纹理，标准方块
方块ID: 534, 注册名称: Thaumcraft:blockEldritchNothing, 未本地化名称: tile.blockPortalNothing
分析方块纹理类型:
面 0 纹理: thaumcraft:blank
面 1 纹理: thaumcraft:blank
面 2 纹理: thaumcraft:blank
面 3 纹理: thaumcraft:blank
面 4 纹理: thaumcraft:blank
面 5 纹理: thaumcraft:blank
结果: 所有面使用相同纹理，标准方块
方块ID: 535, 注册名称: Thaumcraft:blockStairsArcaneStone, 未本地化名称: tile.blockStairsArcaneStone
分析方块纹理类型:
面 0 纹理: thaumcraft:arcane_stone
面 1 纹理: thaumcraft:arcane_stone
面 2 纹理: thaumcraft:arcane_stone
面 3 纹理: thaumcraft:arcane_stone
面 4 纹理: thaumcraft:arcane_stone
面 5 纹理: thaumcraft:arcane_stone
结果: 所有面使用相同纹理，标准方块
方块ID: 536, 注册名称: Thaumcraft:blockStairsGreatwood, 未本地化名称: tile.blockStairsGreatwood
分析方块纹理类型:
面 0 纹理: thaumcraft:planks_greatwood
面 1 纹理: thaumcraft:planks_greatwood
面 2 纹理: thaumcraft:planks_greatwood
面 3 纹理: thaumcraft:planks_greatwood
面 4 纹理: thaumcraft:planks_greatwood
面 5 纹理: thaumcraft:planks_greatwood
结果: 所有面使用相同纹理，标准方块
方块ID: 537, 注册名称: Thaumcraft:blockStairsSilverwood, 未本地化名称: tile.blockStairsSilverwood
分析方块纹理类型:
面 0 纹理: thaumcraft:planks_silverwood
面 1 纹理: thaumcraft:planks_silverwood
面 2 纹理: thaumcraft:planks_silverwood
面 3 纹理: thaumcraft:planks_silverwood
面 4 纹理: thaumcraft:planks_silverwood
面 5 纹理: thaumcraft:planks_silverwood
结果: 所有面使用相同纹理，标准方块
方块ID: 538, 注册名称: Thaumcraft:blockStairsEldritch, 未本地化名称: tile.blockStairsEldritch
分析方块纹理类型:
面 0 纹理: thaumcraft:es_1
面 1 纹理: thaumcraft:es_1
面 2 纹理: thaumcraft:es_1
面 3 纹理: thaumcraft:es_1
面 4 纹理: thaumcraft:es_1
面 5 纹理: thaumcraft:es_1
结果: 所有面使用相同纹理，标准方块
方块ID: 539, 注册名称: Thaumcraft:blockCosmeticSlabWood, 未本地化名称: tile.blockCosmeticSlabWood
分析方块纹理类型:
面 0 纹理: thaumcraft:planks_greatwood
面 1 纹理: thaumcraft:planks_greatwood
面 2 纹理: thaumcraft:planks_greatwood
面 3 纹理: thaumcraft:planks_greatwood
面 4 纹理: thaumcraft:planks_greatwood
面 5 纹理: thaumcraft:planks_greatwood
结果: 所有面使用相同纹理，标准方块
方块ID: 540, 注册名称: Thaumcraft:blockCosmeticSlabStone, 未本地化名称: tile.blockCosmeticSlabStone
分析方块纹理类型:
面 0 纹理: thaumcraft:arcane_stone
面 1 纹理: thaumcraft:arcane_stone
面 2 纹理: thaumcraft:arcane_stone
面 3 纹理: thaumcraft:arcane_stone
面 4 纹理: thaumcraft:arcane_stone
面 5 纹理: thaumcraft:arcane_stone
结果: 所有面使用相同纹理，标准方块
方块ID: 541, 注册名称: Thaumcraft:blockCosmeticDoubleSlabWood, 未本地化名称: tile.blockCosmeticDoubleSlabWood
分析方块纹理类型:
面 0 纹理: thaumcraft:planks_greatwood
面 1 纹理: thaumcraft:planks_greatwood
面 2 纹理: thaumcraft:planks_greatwood
面 3 纹理: thaumcraft:planks_greatwood
面 4 纹理: thaumcraft:planks_greatwood
面 5 纹理: thaumcraft:planks_greatwood
结果: 所有面使用相同纹理，标准方块
方块ID: 542, 注册名称: Thaumcraft:blockCosmeticDoubleSlabStone, 未本地化名称: tile.blockCosmeticDoubleSlabStone
分析方块纹理类型:
面 0 纹理: thaumcraft:arcane_stone
面 1 纹理: thaumcraft:arcane_stone
面 2 纹理: thaumcraft:arcane_stone
面 3 纹理: thaumcraft:arcane_stone
面 4 纹理: thaumcraft:arcane_stone
面 5 纹理: thaumcraft:arcane_stone
结果: 所有面使用相同纹理，标准方块
方块ID: 543, 注册名称: Thaumcraft:blockLootUrn, 未本地化名称: tile.blockLootUrn
分析方块纹理类型:
面 0 纹理: thaumcraft:urn_top
面 1 纹理: thaumcraft:urn_top
面 2 纹理: thaumcraft:urn_side_0
面 3 纹理: thaumcraft:urn_side_0
面 4 纹理: thaumcraft:urn_side_0
面 5 纹理: thaumcraft:urn_side_0
结果: 不同面使用不同纹理，方向性方块
方块ID: 544, 注册名称: Thaumcraft:blockLootCrate, 未本地化名称: tile.blockLootCrate
分析方块纹理类型:
面 0 纹理: thaumcraft:crate_top
面 1 纹理: thaumcraft:crate_top
面 2 纹理: thaumcraft:crate_side_0
面 3 纹理: thaumcraft:crate_side_0
面 4 纹理: thaumcraft:crate_side_0
面 5 纹理: thaumcraft:crate_side_0
结果: 不同面使用不同纹理，方向性方块
方块ID: 545, 注册名称: harvestcraft:cuttingboard, 未本地化名称: tile.cuttingboard
分析方块纹理类型:
面 0 纹理: harvestcraft:cuttingboardsidebottom
面 1 纹理: harvestcraft:cuttingboardtop
面 2 纹理: harvestcraft:cuttingboardsidebottom
面 3 纹理: harvestcraft:cuttingboardsidebottom
面 4 纹理: harvestcraft:cuttingboardsidebottom
面 5 纹理: harvestcraft:cuttingboardsidebottom
结果: 不同面使用不同纹理，方向性方块
方块ID: 546, 注册名称: harvestcraft:pot, 未本地化名称: tile.pot
分析方块纹理类型:
面 0 纹理: harvestcraft:potsidebottom
面 1 纹理: harvestcraft:pottop
面 2 纹理: harvestcraft:potsidebottom
面 3 纹理: harvestcraft:potsidebottom
面 4 纹理: harvestcraft:potsidebottom
面 5 纹理: harvestcraft:potsidebottom
结果: 不同面使用不同纹理，方向性方块
方块ID: 547, 注册名称: harvestcraft:beehive, 未本地化名称: tile.beehive
分析方块纹理类型:
面 0 纹理: harvestcraft:beehivebottom
面 1 纹理: harvestcraft:beehivetop
面 2 纹理: harvestcraft:beehiveside
面 3 纹理: harvestcraft:beehiveside
面 4 纹理: harvestcraft:beehiveside
面 5 纹理: harvestcraft:beehiveside
结果: 不同面使用不同纹理，方向性方块
方块ID: 548, 注册名称: harvestcraft:apiary, 未本地化名称: tile.apiary
分析方块纹理类型:
面 0 纹理: harvestcraft:sinkbottom_0
面 1 纹理: harvestcraft:apiarytop
面 2 纹理: harvestcraft:apiaryside
面 3 纹理: harvestcraft:apiaryside
面 4 纹理: harvestcraft:apiaryside
面 5 纹理: harvestcraft:apiaryside
结果: 不同面使用不同纹理，方向性方块
方块ID: 549, 注册名称: harvestcraft:presser, 未本地化名称: tile.presser
分析方块纹理类型:
面 0 纹理: harvestcraft:sinkbottom_0
面 1 纹理: harvestcraft:pressertop
面 2 纹理: harvestcraft:presserside
面 3 纹理: harvestcraft:presserside
面 4 纹理: harvestcraft:presserside
面 5 纹理: harvestcraft:presserside
结果: 不同面使用不同纹理，方向性方块
方块ID: 550, 注册名称: harvestcraft:sink, 未本地化名称: tile.sink
分析方块纹理类型:
面 0 纹理: harvestcraft:sinkbottom_0
面 1 纹理: harvestcraft:sinktop_0
面 2 纹理: harvestcraft:sinkside_0
面 3 纹理: harvestcraft:sinkside_0
面 4 纹理: harvestcraft:sinkside_0
面 5 纹理: harvestcraft:sinkside_0
结果: 不同面使用不同纹理，方向性方块
方块ID: 551, 注册名称: harvestcraft:salt, 未本地化名称: tile.salt
分析方块纹理类型:
面 0 纹理: harvestcraft:salt
面 1 纹理: harvestcraft:salt
面 2 纹理: harvestcraft:salt
面 3 纹理: harvestcraft:salt
面 4 纹理: harvestcraft:salt
面 5 纹理: harvestcraft:salt
结果: 所有面使用相同纹理，标准方块
方块ID: 552, 注册名称: harvestcraft:spamcompressedsaltBlockalt, 未本地化名称: tile.pamcompressedsaltBlock
分析方块纹理类型:
面 0 纹理: harvestcraft:pamcompressedsaltBlock
面 1 纹理: harvestcraft:pamcompressedsaltBlock
面 2 纹理: harvestcraft:pamcompressedsaltBlock
面 3 纹理: harvestcraft:pamcompressedsaltBlock
面 4 纹理: harvestcraft:pamcompressedsaltBlock
面 5 纹理: harvestcraft:pamcompressedsaltBlock
结果: 所有面使用相同纹理，标准方块
方块ID: 553, 注册名称: harvestcraft:market, 未本地化名称: tile.market
分析方块纹理类型:
面 0 纹理: harvestcraft:marketbottom
面 1 纹理: harvestcraft:markettop
面 2 纹理: harvestcraft:marketside
面 3 纹理: harvestcraft:marketside
面 4 纹理: harvestcraft:marketside
面 5 纹理: harvestcraft:marketside
结果: 不同面使用不同纹理，方向性方块
方块ID: 554, 注册名称: harvestcraft:oven, 未本地化名称: tile.oven
分析方块纹理类型:
面 0 纹理: harvestcraft:oventop
面 1 纹理: harvestcraft:oventop
面 2 纹理: harvestcraft:ovenside
面 3 纹理: harvestcraft:ovenside
面 4 纹理: harvestcraft:ovenside
面 5 纹理: harvestcraft:ovenside
结果: 不同面使用不同纹理，方向性方块
方块ID: 555, 注册名称: harvestcraft:ovenon, 未本地化名称: tile.ovenon
分析方块纹理类型:
面 0 纹理: harvestcraft:oventop
面 1 纹理: harvestcraft:oventop
面 2 纹理: harvestcraft:ovenside
面 3 纹理: harvestcraft:ovenside
面 4 纹理: harvestcraft:ovenside
面 5 纹理: harvestcraft:ovenside
结果: 不同面使用不同纹理，方向性方块
方块ID: 556, 注册名称: harvestcraft:churn, 未本地化名称: tile.churn
分析方块纹理类型:
面 0 纹理: harvestcraft:churntop
面 1 纹理: harvestcraft:churnside
面 2 纹理: harvestcraft:churnside
面 3 纹理: harvestcraft:churnside
面 4 纹理: harvestcraft:churnside
面 5 纹理: harvestcraft:churnside
结果: 不同面使用不同纹理，方向性方块
方块ID: 557, 注册名称: harvestcraft:churnon, 未本地化名称: tile.churnon
分析方块纹理类型:
面 0 纹理: harvestcraft:churntop
面 1 纹理: harvestcraft:churnside
面 2 纹理: harvestcraft:churnside
面 3 纹理: harvestcraft:churnside
面 4 纹理: harvestcraft:churnside
面 5 纹理: harvestcraft:churnside
结果: 不同面使用不同纹理，方向性方块
方块ID: 558, 注册名称: harvestcraft:quern, 未本地化名称: tile.quern
分析方块纹理类型:
面 0 纹理: harvestcraft:querntop
面 1 纹理: harvestcraft:quernside
面 2 纹理: harvestcraft:quernside
面 3 纹理: harvestcraft:quernside
面 4 纹理: harvestcraft:quernside
面 5 纹理: harvestcraft:quernside
结果: 不同面使用不同纹理，方向性方块
方块ID: 559, 注册名称: harvestcraft:quernon, 未本地化名称: tile.quernon
分析方块纹理类型:
面 0 纹理: harvestcraft:querntop
面 1 纹理: harvestcraft:quernside
面 2 纹理: harvestcraft:quernside
面 3 纹理: harvestcraft:quernside
面 4 纹理: harvestcraft:quernside
面 5 纹理: harvestcraft:quernside
结果: 不同面使用不同纹理，方向性方块
方块ID: 560, 注册名称: harvestcraft:fishtrap, 未本地化名称: tile.fishtrap
分析方块纹理类型:
面 0 纹理: harvestcraft:fishtrap
面 1 纹理: harvestcraft:fishtrap
面 2 纹理: harvestcraft:fishtrap
面 3 纹理: harvestcraft:fishtrap
面 4 纹理: harvestcraft:fishtrap
面 5 纹理: harvestcraft:fishtrap
结果: 所有面使用相同纹理，标准方块
方块ID: 561, 注册名称: harvestcraft:animaltrap, 未本地化名称: tile.animaltrap
分析方块纹理类型:
面 0 纹理: harvestcraft:animaltrap
面 1 纹理: harvestcraft:animaltrap
面 2 纹理: harvestcraft:animaltrap
面 3 纹理: harvestcraft:animaltrap
面 4 纹理: harvestcraft:animaltrap
面 5 纹理: harvestcraft:animaltrap
结果: 所有面使用相同纹理，标准方块
方块ID: 562, 注册名称: harvestcraft:berrygarden, 未本地化名称: tile.berrygarden
分析方块纹理类型:
面 0 纹理: harvestcraft:berrygarden0
面 1 纹理: harvestcraft:berrygarden0
面 2 纹理: harvestcraft:berrygarden0
面 3 纹理: harvestcraft:berrygarden0
面 4 纹理: harvestcraft:berrygarden0
面 5 纹理: harvestcraft:berrygarden0
结果: 所有面使用相同纹理，标准方块
方块ID: 563, 注册名称: harvestcraft:desertgarden, 未本地化名称: tile.desertgarden
分析方块纹理类型:
面 0 纹理: harvestcraft:desertgarden0
面 1 纹理: harvestcraft:desertgarden0
面 2 纹理: harvestcraft:desertgarden0
面 3 纹理: harvestcraft:desertgarden0
面 4 纹理: harvestcraft:desertgarden0
面 5 纹理: harvestcraft:desertgarden0
结果: 所有面使用相同纹理，标准方块
方块ID: 564, 注册名称: harvestcraft:grassgarden, 未本地化名称: tile.grassgarden
分析方块纹理类型:
面 0 纹理: harvestcraft:grassgarden0
面 1 纹理: harvestcraft:grassgarden0
面 2 纹理: harvestcraft:grassgarden0
面 3 纹理: harvestcraft:grassgarden0
面 4 纹理: harvestcraft:grassgarden0
面 5 纹理: harvestcraft:grassgarden0
结果: 所有面使用相同纹理，标准方块
方块ID: 565, 注册名称: harvestcraft:gourdgarden, 未本地化名称: tile.gourdgarden
分析方块纹理类型:
面 0 纹理: harvestcraft:gourdgarden0
面 1 纹理: harvestcraft:gourdgarden0
面 2 纹理: harvestcraft:gourdgarden0
面 3 纹理: harvestcraft:gourdgarden0
面 4 纹理: harvestcraft:gourdgarden0
面 5 纹理: harvestcraft:gourdgarden0
结果: 所有面使用相同纹理，标准方块
方块ID: 566, 注册名称: harvestcraft:groundgarden, 未本地化名称: tile.groundgarden
分析方块纹理类型:
面 0 纹理: harvestcraft:groundgarden0
面 1 纹理: harvestcraft:groundgarden0
面 2 纹理: harvestcraft:groundgarden0
面 3 纹理: harvestcraft:groundgarden0
面 4 纹理: harvestcraft:groundgarden0
面 5 纹理: harvestcraft:groundgarden0
结果: 所有面使用相同纹理，标准方块
方块ID: 567, 注册名称: harvestcraft:herbgarden, 未本地化名称: tile.herbgarden
分析方块纹理类型:
面 0 纹理: harvestcraft:herbgarden0
面 1 纹理: harvestcraft:herbgarden0
面 2 纹理: harvestcraft:herbgarden0
面 3 纹理: harvestcraft:herbgarden0
面 4 纹理: harvestcraft:herbgarden0
面 5 纹理: harvestcraft:herbgarden0
结果: 所有面使用相同纹理，标准方块
方块ID: 568, 注册名称: harvestcraft:leafygarden, 未本地化名称: tile.leafygarden
分析方块纹理类型:
面 0 纹理: harvestcraft:leafygarden0
面 1 纹理: harvestcraft:leafygarden0
面 2 纹理: harvestcraft:leafygarden0
面 3 纹理: harvestcraft:leafygarden0
面 4 纹理: harvestcraft:leafygarden0
面 5 纹理: harvestcraft:leafygarden0
结果: 所有面使用相同纹理，标准方块
方块ID: 569, 注册名称: harvestcraft:mushroomgarden, 未本地化名称: tile.mushroomgarden
分析方块纹理类型:
面 0 纹理: harvestcraft:mushroomgarden0
面 1 纹理: harvestcraft:mushroomgarden0
面 2 纹理: harvestcraft:mushroomgarden0
面 3 纹理: harvestcraft:mushroomgarden0
面 4 纹理: harvestcraft:mushroomgarden0
面 5 纹理: harvestcraft:mushroomgarden0
结果: 所有面使用相同纹理，标准方块
方块ID: 570, 注册名称: harvestcraft:stalkgarden, 未本地化名称: tile.stalkgarden
分析方块纹理类型:
面 0 纹理: harvestcraft:stalkgarden0
面 1 纹理: harvestcraft:stalkgarden0
面 2 纹理: harvestcraft:stalkgarden0
面 3 纹理: harvestcraft:stalkgarden0
面 4 纹理: harvestcraft:stalkgarden0
面 5 纹理: harvestcraft:stalkgarden0
结果: 所有面使用相同纹理，标准方块
方块ID: 571, 注册名称: harvestcraft:textilegarden, 未本地化名称: tile.textilegarden
分析方块纹理类型:
面 0 纹理: harvestcraft:textilegarden0
面 1 纹理: harvestcraft:textilegarden0
面 2 纹理: harvestcraft:textilegarden0
面 3 纹理: harvestcraft:textilegarden0
面 4 纹理: harvestcraft:textilegarden0
面 5 纹理: harvestcraft:textilegarden0
结果: 所有面使用相同纹理，标准方块
方块ID: 572, 注册名称: harvestcraft:tropicalgarden, 未本地化名称: tile.tropicalgarden
分析方块纹理类型:
面 0 纹理: harvestcraft:tropicalgarden0
面 1 纹理: harvestcraft:tropicalgarden0
面 2 纹理: harvestcraft:tropicalgarden0
面 3 纹理: harvestcraft:tropicalgarden0
面 4 纹理: harvestcraft:tropicalgarden0
面 5 纹理: harvestcraft:tropicalgarden0
结果: 所有面使用相同纹理，标准方块
方块ID: 573, 注册名称: harvestcraft:watergarden, 未本地化名称: tile.watergarden
分析方块纹理类型:
面 0 纹理: harvestcraft:watergarden0
面 1 纹理: harvestcraft:watergarden0
面 2 纹理: harvestcraft:watergarden0
面 3 纹理: harvestcraft:watergarden0
面 4 纹理: harvestcraft:watergarden0
面 5 纹理: harvestcraft:watergarden0
结果: 所有面使用相同纹理，标准方块
方块ID: 574, 注册名称: harvestcraft:pamApple, 未本地化名称: tile.pamApple
分析方块纹理类型:
面 0 纹理: harvestcraft:apple_0
面 1 纹理: harvestcraft:apple_0
面 2 纹理: harvestcraft:apple_0
面 3 纹理: harvestcraft:apple_0
面 4 纹理: harvestcraft:apple_0
面 5 纹理: harvestcraft:apple_0
结果: 所有面使用相同纹理，标准方块
方块ID: 575, 注册名称: harvestcraft:pamappleSapling, 未本地化名称: tile.pamappleSapling
分析方块纹理类型:
面 0 纹理: harvestcraft:appleSapling
面 1 纹理: harvestcraft:appleSapling
面 2 纹理: harvestcraft:appleSapling
面 3 纹理: harvestcraft:appleSapling
面 4 纹理: harvestcraft:appleSapling
面 5 纹理: harvestcraft:appleSapling
结果: 所有面使用相同纹理，标准方块
方块ID: 576, 注册名称: harvestcraft:pamAlmond, 未本地化名称: tile.pamAlmond
分析方块纹理类型:
面 0 纹理: harvestcraft:almond_0
面 1 纹理: harvestcraft:almond_0
面 2 纹理: harvestcraft:almond_0
面 3 纹理: harvestcraft:almond_0
面 4 纹理: harvestcraft:almond_0
面 5 纹理: harvestcraft:almond_0
结果: 所有面使用相同纹理，标准方块
方块ID: 577, 注册名称: harvestcraft:pamalmondSapling, 未本地化名称: tile.pamalmondSapling
分析方块纹理类型:
面 0 纹理: harvestcraft:almondSapling
面 1 纹理: harvestcraft:almondSapling
面 2 纹理: harvestcraft:almondSapling
面 3 纹理: harvestcraft:almondSapling
面 4 纹理: harvestcraft:almondSapling
面 5 纹理: harvestcraft:almondSapling
结果: 所有面使用相同纹理，标准方块
方块ID: 578, 注册名称: harvestcraft:pamApricot, 未本地化名称: tile.pamApricot
分析方块纹理类型:
面 0 纹理: harvestcraft:apricot_0
面 1 纹理: harvestcraft:apricot_0
面 2 纹理: harvestcraft:apricot_0
面 3 纹理: harvestcraft:apricot_0
面 4 纹理: harvestcraft:apricot_0
面 5 纹理: harvestcraft:apricot_0
结果: 所有面使用相同纹理，标准方块
方块ID: 579, 注册名称: harvestcraft:pamapricotSapling, 未本地化名称: tile.pamapricotSapling
分析方块纹理类型:
面 0 纹理: harvestcraft:apricotSapling
面 1 纹理: harvestcraft:apricotSapling
面 2 纹理: harvestcraft:apricotSapling
面 3 纹理: harvestcraft:apricotSapling
面 4 纹理: harvestcraft:apricotSapling
面 5 纹理: harvestcraft:apricotSapling
结果: 所有面使用相同纹理，标准方块
方块ID: 580, 注册名称: harvestcraft:pamAvocado, 未本地化名称: tile.pamAvocado
分析方块纹理类型:
面 0 纹理: harvestcraft:avocado_0
面 1 纹理: harvestcraft:avocado_0
面 2 纹理: harvestcraft:avocado_0
面 3 纹理: harvestcraft:avocado_0
面 4 纹理: harvestcraft:avocado_0
面 5 纹理: harvestcraft:avocado_0
结果: 所有面使用相同纹理，标准方块
方块ID: 581, 注册名称: harvestcraft:pamavocadoSapling, 未本地化名称: tile.pamavocadoSapling
分析方块纹理类型:
面 0 纹理: harvestcraft:avocadoSapling
面 1 纹理: harvestcraft:avocadoSapling
面 2 纹理: harvestcraft:avocadoSapling
面 3 纹理: harvestcraft:avocadoSapling
面 4 纹理: harvestcraft:avocadoSapling
面 5 纹理: harvestcraft:avocadoSapling
结果: 所有面使用相同纹理，标准方块
方块ID: 582, 注册名称: harvestcraft:pamBanana, 未本地化名称: tile.pamBanana
分析方块纹理类型:
面 0 纹理: harvestcraft:banana_0
面 1 纹理: harvestcraft:banana_0
面 2 纹理: harvestcraft:banana_0
面 3 纹理: harvestcraft:banana_0
面 4 纹理: harvestcraft:banana_0
面 5 纹理: harvestcraft:banana_0
结果: 所有面使用相同纹理，标准方块
方块ID: 583, 注册名称: harvestcraft:pambananaSapling, 未本地化名称: tile.pambananaSapling
分析方块纹理类型:
面 0 纹理: harvestcraft:bananaSapling
面 1 纹理: harvestcraft:bananaSapling
面 2 纹理: harvestcraft:bananaSapling
面 3 纹理: harvestcraft:bananaSapling
面 4 纹理: harvestcraft:bananaSapling
面 5 纹理: harvestcraft:bananaSapling
结果: 所有面使用相同纹理，标准方块
方块ID: 584, 注册名称: harvestcraft:pamCashew, 未本地化名称: tile.pamCashew
分析方块纹理类型:
面 0 纹理: harvestcraft:cashew_0
面 1 纹理: harvestcraft:cashew_0
面 2 纹理: harvestcraft:cashew_0
面 3 纹理: harvestcraft:cashew_0
面 4 纹理: harvestcraft:cashew_0
面 5 纹理: harvestcraft:cashew_0
结果: 所有面使用相同纹理，标准方块
方块ID: 585, 注册名称: harvestcraft:pamcashewSapling, 未本地化名称: tile.pamcashewSapling
分析方块纹理类型:
面 0 纹理: harvestcraft:cashewSapling
面 1 纹理: harvestcraft:cashewSapling
面 2 纹理: harvestcraft:cashewSapling
面 3 纹理: harvestcraft:cashewSapling
面 4 纹理: harvestcraft:cashewSapling
面 5 纹理: harvestcraft:cashewSapling
结果: 所有面使用相同纹理，标准方块
方块ID: 586, 注册名称: harvestcraft:pamCherry, 未本地化名称: tile.pamCherry
分析方块纹理类型:
面 0 纹理: harvestcraft:cherry_0
面 1 纹理: harvestcraft:cherry_0
面 2 纹理: harvestcraft:cherry_0
面 3 纹理: harvestcraft:cherry_0
面 4 纹理: harvestcraft:cherry_0
面 5 纹理: harvestcraft:cherry_0
结果: 所有面使用相同纹理，标准方块
方块ID: 587, 注册名称: harvestcraft:pamcherrySapling, 未本地化名称: tile.pamcherrySapling
分析方块纹理类型:
面 0 纹理: harvestcraft:cherrySapling
面 1 纹理: harvestcraft:cherrySapling
面 2 纹理: harvestcraft:cherrySapling
面 3 纹理: harvestcraft:cherrySapling
面 4 纹理: harvestcraft:cherrySapling
面 5 纹理: harvestcraft:cherrySapling
结果: 所有面使用相同纹理，标准方块
方块ID: 588, 注册名称: harvestcraft:pamChestnut, 未本地化名称: tile.pamChestnut
分析方块纹理类型:
面 0 纹理: harvestcraft:chestnut_0
面 1 纹理: harvestcraft:chestnut_0
面 2 纹理: harvestcraft:chestnut_0
面 3 纹理: harvestcraft:chestnut_0
面 4 纹理: harvestcraft:chestnut_0
面 5 纹理: harvestcraft:chestnut_0
结果: 所有面使用相同纹理，标准方块
方块ID: 589, 注册名称: harvestcraft:pamchestnutSapling, 未本地化名称: tile.pamchestnutSapling
分析方块纹理类型:
面 0 纹理: harvestcraft:chestnutSapling
面 1 纹理: harvestcraft:chestnutSapling
面 2 纹理: harvestcraft:chestnutSapling
面 3 纹理: harvestcraft:chestnutSapling
面 4 纹理: harvestcraft:chestnutSapling
面 5 纹理: harvestcraft:chestnutSapling
结果: 所有面使用相同纹理，标准方块
方块ID: 590, 注册名称: harvestcraft:pamCinnamon, 未本地化名称: tile.pamCinnamon
分析方块纹理类型:
面 0 纹理: harvestcraft:cinnamon_top
面 1 纹理: harvestcraft:cinnamon_top
面 2 纹理: harvestcraft:cinnamon_0
面 3 纹理: harvestcraft:cinnamon_0
面 4 纹理: harvestcraft:cinnamon_0
面 5 纹理: harvestcraft:cinnamon_0
结果: 不同面使用不同纹理，方向性方块
方块ID: 591, 注册名称: harvestcraft:pamcinnamonSapling, 未本地化名称: tile.pamcinnamonSapling
分析方块纹理类型:
面 0 纹理: harvestcraft:cinnamonSapling
面 1 纹理: harvestcraft:cinnamonSapling
面 2 纹理: harvestcraft:cinnamonSapling
面 3 纹理: harvestcraft:cinnamonSapling
面 4 纹理: harvestcraft:cinnamonSapling
面 5 纹理: harvestcraft:cinnamonSapling
结果: 所有面使用相同纹理，标准方块
方块ID: 592, 注册名称: harvestcraft:pamCoconut, 未本地化名称: tile.pamCoconut
分析方块纹理类型:
面 0 纹理: harvestcraft:coconut_0
面 1 纹理: harvestcraft:coconut_0
面 2 纹理: harvestcraft:coconut_0
面 3 纹理: harvestcraft:coconut_0
面 4 纹理: harvestcraft:coconut_0
面 5 纹理: harvestcraft:coconut_0
结果: 所有面使用相同纹理，标准方块
方块ID: 593, 注册名称: harvestcraft:pamcoconutSapling, 未本地化名称: tile.pamcoconutSapling
分析方块纹理类型:
面 0 纹理: harvestcraft:coconutSapling
面 1 纹理: harvestcraft:coconutSapling
面 2 纹理: harvestcraft:coconutSapling
面 3 纹理: harvestcraft:coconutSapling
面 4 纹理: harvestcraft:coconutSapling
面 5 纹理: harvestcraft:coconutSapling
结果: 所有面使用相同纹理，标准方块
方块ID: 594, 注册名称: harvestcraft:pamDate, 未本地化名称: tile.pamDate
分析方块纹理类型:
面 0 纹理: harvestcraft:date_0
面 1 纹理: harvestcraft:date_0
面 2 纹理: harvestcraft:date_0
面 3 纹理: harvestcraft:date_0
面 4 纹理: harvestcraft:date_0
面 5 纹理: harvestcraft:date_0
结果: 所有面使用相同纹理，标准方块
方块ID: 595, 注册名称: harvestcraft:pamdateSapling, 未本地化名称: tile.pamdateSapling
分析方块纹理类型:
面 0 纹理: harvestcraft:dateSapling
面 1 纹理: harvestcraft:dateSapling
面 2 纹理: harvestcraft:dateSapling
面 3 纹理: harvestcraft:dateSapling
面 4 纹理: harvestcraft:dateSapling
面 5 纹理: harvestcraft:dateSapling
结果: 所有面使用相同纹理，标准方块
方块ID: 596, 注册名称: harvestcraft:pamDragonfruit, 未本地化名称: tile.pamDragonfruit
分析方块纹理类型:
面 0 纹理: harvestcraft:dragonfruit_0
面 1 纹理: harvestcraft:dragonfruit_0
面 2 纹理: harvestcraft:dragonfruit_0
面 3 纹理: harvestcraft:dragonfruit_0
面 4 纹理: harvestcraft:dragonfruit_0
面 5 纹理: harvestcraft:dragonfruit_0
结果: 所有面使用相同纹理，标准方块
方块ID: 597, 注册名称: harvestcraft:pamdragonfruitSapling, 未本地化名称: tile.pamdragonfruitSapling
分析方块纹理类型:
面 0 纹理: harvestcraft:dragonfruitSapling
面 1 纹理: harvestcraft:dragonfruitSapling
面 2 纹理: harvestcraft:dragonfruitSapling
面 3 纹理: harvestcraft:dragonfruitSapling
面 4 纹理: harvestcraft:dragonfruitSapling
面 5 纹理: harvestcraft:dragonfruitSapling
结果: 所有面使用相同纹理，标准方块
方块ID: 598, 注册名称: harvestcraft:pamDurian, 未本地化名称: tile.pamDurian
分析方块纹理类型:
面 0 纹理: harvestcraft:durian_0
面 1 纹理: harvestcraft:durian_0
面 2 纹理: harvestcraft:durian_0
面 3 纹理: harvestcraft:durian_0
面 4 纹理: harvestcraft:durian_0
面 5 纹理: harvestcraft:durian_0
结果: 所有面使用相同纹理，标准方块
方块ID: 599, 注册名称: harvestcraft:pamdurianSapling, 未本地化名称: tile.pamdurianSapling
分析方块纹理类型:
面 0 纹理: harvestcraft:durianSapling
面 1 纹理: harvestcraft:durianSapling
面 2 纹理: harvestcraft:durianSapling
面 3 纹理: harvestcraft:durianSapling
面 4 纹理: harvestcraft:durianSapling
面 5 纹理: harvestcraft:durianSapling
结果: 所有面使用相同纹理，标准方块
方块ID: 600, 注册名称: harvestcraft:pamFig, 未本地化名称: tile.pamFig
分析方块纹理类型:
面 0 纹理: harvestcraft:fig_0
面 1 纹理: harvestcraft:fig_0
面 2 纹理: harvestcraft:fig_0
面 3 纹理: harvestcraft:fig_0
面 4 纹理: harvestcraft:fig_0
面 5 纹理: harvestcraft:fig_0
结果: 所有面使用相同纹理，标准方块
方块ID: 601, 注册名称: harvestcraft:pamfigSapling, 未本地化名称: tile.pamfigSapling
分析方块纹理类型:
面 0 纹理: harvestcraft:figSapling
面 1 纹理: harvestcraft:figSapling
面 2 纹理: harvestcraft:figSapling
面 3 纹理: harvestcraft:figSapling
面 4 纹理: harvestcraft:figSapling
面 5 纹理: harvestcraft:figSapling
结果: 所有面使用相同纹理，标准方块
方块ID: 602, 注册名称: harvestcraft:pamGrapefruit, 未本地化名称: tile.pamGrapefruit
分析方块纹理类型:
面 0 纹理: harvestcraft:grapefruit_0
面 1 纹理: harvestcraft:grapefruit_0
面 2 纹理: harvestcraft:grapefruit_0
面 3 纹理: harvestcraft:grapefruit_0
面 4 纹理: harvestcraft:grapefruit_0
面 5 纹理: harvestcraft:grapefruit_0
结果: 所有面使用相同纹理，标准方块
方块ID: 603, 注册名称: harvestcraft:pamgrapefruitSapling, 未本地化名称: tile.pamgrapefruitSapling
分析方块纹理类型:
面 0 纹理: harvestcraft:grapefruitSapling
面 1 纹理: harvestcraft:grapefruitSapling
面 2 纹理: harvestcraft:grapefruitSapling
面 3 纹理: harvestcraft:grapefruitSapling
面 4 纹理: harvestcraft:grapefruitSapling
面 5 纹理: harvestcraft:grapefruitSapling
结果: 所有面使用相同纹理，标准方块
方块ID: 604, 注册名称: harvestcraft:pamLemon, 未本地化名称: tile.pamLemon
分析方块纹理类型:
面 0 纹理: harvestcraft:lemon_0
面 1 纹理: harvestcraft:lemon_0
面 2 纹理: harvestcraft:lemon_0
面 3 纹理: harvestcraft:lemon_0
面 4 纹理: harvestcraft:lemon_0
面 5 纹理: harvestcraft:lemon_0
结果: 所有面使用相同纹理，标准方块
方块ID: 605, 注册名称: harvestcraft:pamlemonSapling, 未本地化名称: tile.pamlemonSapling
分析方块纹理类型:
面 0 纹理: harvestcraft:lemonSapling
面 1 纹理: harvestcraft:lemonSapling
面 2 纹理: harvestcraft:lemonSapling
面 3 纹理: harvestcraft:lemonSapling
面 4 纹理: harvestcraft:lemonSapling
面 5 纹理: harvestcraft:lemonSapling
结果: 所有面使用相同纹理，标准方块
方块ID: 606, 注册名称: harvestcraft:pamLime, 未本地化名称: tile.pamLime
分析方块纹理类型:
面 0 纹理: harvestcraft:lime_0
面 1 纹理: harvestcraft:lime_0
面 2 纹理: harvestcraft:lime_0
面 3 纹理: harvestcraft:lime_0
面 4 纹理: harvestcraft:lime_0
面 5 纹理: harvestcraft:lime_0
结果: 所有面使用相同纹理，标准方块
方块ID: 607, 注册名称: harvestcraft:pamlimeSapling, 未本地化名称: tile.pamlimeSapling
分析方块纹理类型:
面 0 纹理: harvestcraft:limeSapling
面 1 纹理: harvestcraft:limeSapling
面 2 纹理: harvestcraft:limeSapling
面 3 纹理: harvestcraft:limeSapling
面 4 纹理: harvestcraft:limeSapling
面 5 纹理: harvestcraft:limeSapling
结果: 所有面使用相同纹理，标准方块
方块ID: 608, 注册名称: harvestcraft:pamMaple, 未本地化名称: tile.pamMaple
分析方块纹理类型:
面 0 纹理: harvestcraft:maple_top
面 1 纹理: harvestcraft:maple_top
面 2 纹理: harvestcraft:maple_0
面 3 纹理: harvestcraft:maple_0
面 4 纹理: harvestcraft:maple_0
面 5 纹理: harvestcraft:maple_0
结果: 不同面使用不同纹理，方向性方块
方块ID: 609, 注册名称: harvestcraft:pammapleSapling, 未本地化名称: tile.pammapleSapling
分析方块纹理类型:
面 0 纹理: harvestcraft:mapleSapling
面 1 纹理: harvestcraft:mapleSapling
面 2 纹理: harvestcraft:mapleSapling
面 3 纹理: harvestcraft:mapleSapling
面 4 纹理: harvestcraft:mapleSapling
面 5 纹理: harvestcraft:mapleSapling
结果: 所有面使用相同纹理，标准方块
方块ID: 610, 注册名称: harvestcraft:pamMango, 未本地化名称: tile.pamMango
分析方块纹理类型:
面 0 纹理: harvestcraft:mango_0
面 1 纹理: harvestcraft:mango_0
面 2 纹理: harvestcraft:mango_0
面 3 纹理: harvestcraft:mango_0
面 4 纹理: harvestcraft:mango_0
面 5 纹理: harvestcraft:mango_0
结果: 所有面使用相同纹理，标准方块
方块ID: 611, 注册名称: harvestcraft:pammangoSapling, 未本地化名称: tile.pammangoSapling
分析方块纹理类型:
面 0 纹理: harvestcraft:mangoSapling
面 1 纹理: harvestcraft:mangoSapling
面 2 纹理: harvestcraft:mangoSapling
面 3 纹理: harvestcraft:mangoSapling
面 4 纹理: harvestcraft:mangoSapling
面 5 纹理: harvestcraft:mangoSapling
结果: 所有面使用相同纹理，标准方块
方块ID: 612, 注册名称: harvestcraft:pamNutmeg, 未本地化名称: tile.pamNutmeg
分析方块纹理类型:
面 0 纹理: harvestcraft:nutmeg_0
面 1 纹理: harvestcraft:nutmeg_0
面 2 纹理: harvestcraft:nutmeg_0
面 3 纹理: harvestcraft:nutmeg_0
面 4 纹理: harvestcraft:nutmeg_0
面 5 纹理: harvestcraft:nutmeg_0
结果: 所有面使用相同纹理，标准方块
方块ID: 613, 注册名称: harvestcraft:pamnutmegSapling, 未本地化名称: tile.pamnutmegSapling
分析方块纹理类型:
面 0 纹理: harvestcraft:nutmegSapling
面 1 纹理: harvestcraft:nutmegSapling
面 2 纹理: harvestcraft:nutmegSapling
面 3 纹理: harvestcraft:nutmegSapling
面 4 纹理: harvestcraft:nutmegSapling
面 5 纹理: harvestcraft:nutmegSapling
结果: 所有面使用相同纹理，标准方块
方块ID: 614, 注册名称: harvestcraft:pamOlive, 未本地化名称: tile.pamOlive
分析方块纹理类型:
面 0 纹理: harvestcraft:olive_0
面 1 纹理: harvestcraft:olive_0
面 2 纹理: harvestcraft:olive_0
面 3 纹理: harvestcraft:olive_0
面 4 纹理: harvestcraft:olive_0
面 5 纹理: harvestcraft:olive_0
结果: 所有面使用相同纹理，标准方块
方块ID: 615, 注册名称: harvestcraft:pamoliveSapling, 未本地化名称: tile.pamoliveSapling
分析方块纹理类型:
面 0 纹理: harvestcraft:oliveSapling
面 1 纹理: harvestcraft:oliveSapling
面 2 纹理: harvestcraft:oliveSapling
面 3 纹理: harvestcraft:oliveSapling
面 4 纹理: harvestcraft:oliveSapling
面 5 纹理: harvestcraft:oliveSapling
结果: 所有面使用相同纹理，标准方块
方块ID: 616, 注册名称: harvestcraft:pamOrange, 未本地化名称: tile.pamOrange
分析方块纹理类型:
面 0 纹理: harvestcraft:orange_0
面 1 纹理: harvestcraft:orange_0
面 2 纹理: harvestcraft:orange_0
面 3 纹理: harvestcraft:orange_0
面 4 纹理: harvestcraft:orange_0
面 5 纹理: harvestcraft:orange_0
结果: 所有面使用相同纹理，标准方块
方块ID: 617, 注册名称: harvestcraft:pamorangeSapling, 未本地化名称: tile.pamorangeSapling
分析方块纹理类型:
面 0 纹理: harvestcraft:orangeSapling
面 1 纹理: harvestcraft:orangeSapling
面 2 纹理: harvestcraft:orangeSapling
面 3 纹理: harvestcraft:orangeSapling
面 4 纹理: harvestcraft:orangeSapling
面 5 纹理: harvestcraft:orangeSapling
结果: 所有面使用相同纹理，标准方块
方块ID: 618, 注册名称: harvestcraft:pamPapaya, 未本地化名称: tile.pamPapaya
分析方块纹理类型:
面 0 纹理: harvestcraft:papaya_0
面 1 纹理: harvestcraft:papaya_0
面 2 纹理: harvestcraft:papaya_0
面 3 纹理: harvestcraft:papaya_0
面 4 纹理: harvestcraft:papaya_0
面 5 纹理: harvestcraft:papaya_0
结果: 所有面使用相同纹理，标准方块
方块ID: 619, 注册名称: harvestcraft:pampapayaSapling, 未本地化名称: tile.pampapayaSapling
分析方块纹理类型:
面 0 纹理: harvestcraft:papayaSapling
面 1 纹理: harvestcraft:papayaSapling
面 2 纹理: harvestcraft:papayaSapling
面 3 纹理: harvestcraft:papayaSapling
面 4 纹理: harvestcraft:papayaSapling
面 5 纹理: harvestcraft:papayaSapling
结果: 所有面使用相同纹理，标准方块
方块ID: 620, 注册名称: harvestcraft:pamPaperbark, 未本地化名称: tile.pamPaperbark
分析方块纹理类型:
面 0 纹理: harvestcraft:paperbark_top
面 1 纹理: harvestcraft:paperbark_top
面 2 纹理: harvestcraft:paperbark_0
面 3 纹理: harvestcraft:paperbark_0
面 4 纹理: harvestcraft:paperbark_0
面 5 纹理: harvestcraft:paperbark_0
结果: 不同面使用不同纹理，方向性方块
方块ID: 621, 注册名称: harvestcraft:pampaperbarkSapling, 未本地化名称: tile.pampaperbarkSapling
分析方块纹理类型:
面 0 纹理: harvestcraft:paperbarkSapling
面 1 纹理: harvestcraft:paperbarkSapling
面 2 纹理: harvestcraft:paperbarkSapling
面 3 纹理: harvestcraft:paperbarkSapling
面 4 纹理: harvestcraft:paperbarkSapling
面 5 纹理: harvestcraft:paperbarkSapling
结果: 所有面使用相同纹理，标准方块
方块ID: 622, 注册名称: harvestcraft:pamPeach, 未本地化名称: tile.pamPeach
分析方块纹理类型:
面 0 纹理: harvestcraft:peach_0
面 1 纹理: harvestcraft:peach_0
面 2 纹理: harvestcraft:peach_0
面 3 纹理: harvestcraft:peach_0
面 4 纹理: harvestcraft:peach_0
面 5 纹理: harvestcraft:peach_0
结果: 所有面使用相同纹理，标准方块
方块ID: 623, 注册名称: harvestcraft:pampeachSapling, 未本地化名称: tile.pampeachSapling
分析方块纹理类型:
面 0 纹理: harvestcraft:peachSapling
面 1 纹理: harvestcraft:peachSapling
面 2 纹理: harvestcraft:peachSapling
面 3 纹理: harvestcraft:peachSapling
面 4 纹理: harvestcraft:peachSapling
面 5 纹理: harvestcraft:peachSapling
结果: 所有面使用相同纹理，标准方块
方块ID: 624, 注册名称: harvestcraft:pamPear, 未本地化名称: tile.pamPear
分析方块纹理类型:
面 0 纹理: harvestcraft:pear_0
面 1 纹理: harvestcraft:pear_0
面 2 纹理: harvestcraft:pear_0
面 3 纹理: harvestcraft:pear_0
面 4 纹理: harvestcraft:pear_0
面 5 纹理: harvestcraft:pear_0
结果: 所有面使用相同纹理，标准方块
方块ID: 625, 注册名称: harvestcraft:pampearSapling, 未本地化名称: tile.pampearSapling
分析方块纹理类型:
面 0 纹理: harvestcraft:pearSapling
面 1 纹理: harvestcraft:pearSapling
面 2 纹理: harvestcraft:pearSapling
面 3 纹理: harvestcraft:pearSapling
面 4 纹理: harvestcraft:pearSapling
面 5 纹理: harvestcraft:pearSapling
结果: 所有面使用相同纹理，标准方块
方块ID: 626, 注册名称: harvestcraft:pamPecan, 未本地化名称: tile.pamPecan
分析方块纹理类型:
面 0 纹理: harvestcraft:pecan_0
面 1 纹理: harvestcraft:pecan_0
面 2 纹理: harvestcraft:pecan_0
面 3 纹理: harvestcraft:pecan_0
面 4 纹理: harvestcraft:pecan_0
面 5 纹理: harvestcraft:pecan_0
结果: 所有面使用相同纹理，标准方块
方块ID: 627, 注册名称: harvestcraft:pampecanSapling, 未本地化名称: tile.pampecanSapling
分析方块纹理类型:
面 0 纹理: harvestcraft:pecanSapling
面 1 纹理: harvestcraft:pecanSapling
面 2 纹理: harvestcraft:pecanSapling
面 3 纹理: harvestcraft:pecanSapling
面 4 纹理: harvestcraft:pecanSapling
面 5 纹理: harvestcraft:pecanSapling
结果: 所有面使用相同纹理，标准方块
方块ID: 628, 注册名称: harvestcraft:pamPeppercorn, 未本地化名称: tile.pamPeppercorn
分析方块纹理类型:
面 0 纹理: harvestcraft:peppercorn_0
面 1 纹理: harvestcraft:peppercorn_0
面 2 纹理: harvestcraft:peppercorn_0
面 3 纹理: harvestcraft:peppercorn_0
面 4 纹理: harvestcraft:peppercorn_0
面 5 纹理: harvestcraft:peppercorn_0
结果: 所有面使用相同纹理，标准方块
方块ID: 629, 注册名称: harvestcraft:pampeppercornSapling, 未本地化名称: tile.pampeppercornSapling
分析方块纹理类型:
面 0 纹理: harvestcraft:peppercornSapling
面 1 纹理: harvestcraft:peppercornSapling
面 2 纹理: harvestcraft:peppercornSapling
面 3 纹理: harvestcraft:peppercornSapling
面 4 纹理: harvestcraft:peppercornSapling
面 5 纹理: harvestcraft:peppercornSapling
结果: 所有面使用相同纹理，标准方块
方块ID: 630, 注册名称: harvestcraft:pamPersimmon, 未本地化名称: tile.pamPersimmon
分析方块纹理类型:
面 0 纹理: harvestcraft:persimmon_0
面 1 纹理: harvestcraft:persimmon_0
面 2 纹理: harvestcraft:persimmon_0
面 3 纹理: harvestcraft:persimmon_0
面 4 纹理: harvestcraft:persimmon_0
面 5 纹理: harvestcraft:persimmon_0
结果: 所有面使用相同纹理，标准方块
方块ID: 631, 注册名称: harvestcraft:pampersimmonSapling, 未本地化名称: tile.pampersimmonSapling
分析方块纹理类型:
面 0 纹理: harvestcraft:persimmonSapling
面 1 纹理: harvestcraft:persimmonSapling
面 2 纹理: harvestcraft:persimmonSapling
面 3 纹理: harvestcraft:persimmonSapling
面 4 纹理: harvestcraft:persimmonSapling
面 5 纹理: harvestcraft:persimmonSapling
结果: 所有面使用相同纹理，标准方块
方块ID: 632, 注册名称: harvestcraft:pamPistachio, 未本地化名称: tile.pamPistachio
分析方块纹理类型:
面 0 纹理: harvestcraft:pistachio_0
面 1 纹理: harvestcraft:pistachio_0
面 2 纹理: harvestcraft:pistachio_0
面 3 纹理: harvestcraft:pistachio_0
面 4 纹理: harvestcraft:pistachio_0
面 5 纹理: harvestcraft:pistachio_0
结果: 所有面使用相同纹理，标准方块
方块ID: 633, 注册名称: harvestcraft:pampistachioSapling, 未本地化名称: tile.pampistachioSapling
分析方块纹理类型:
面 0 纹理: harvestcraft:pistachioSapling
面 1 纹理: harvestcraft:pistachioSapling
面 2 纹理: harvestcraft:pistachioSapling
面 3 纹理: harvestcraft:pistachioSapling
面 4 纹理: harvestcraft:pistachioSapling
面 5 纹理: harvestcraft:pistachioSapling
结果: 所有面使用相同纹理，标准方块
方块ID: 634, 注册名称: harvestcraft:pamPlum, 未本地化名称: tile.pamPlum
分析方块纹理类型:
面 0 纹理: harvestcraft:plum_0
面 1 纹理: harvestcraft:plum_0
面 2 纹理: harvestcraft:plum_0
面 3 纹理: harvestcraft:plum_0
面 4 纹理: harvestcraft:plum_0
面 5 纹理: harvestcraft:plum_0
结果: 所有面使用相同纹理，标准方块
方块ID: 635, 注册名称: harvestcraft:pamplumSapling, 未本地化名称: tile.pamplumSapling
分析方块纹理类型:
面 0 纹理: harvestcraft:plumSapling
面 1 纹理: harvestcraft:plumSapling
面 2 纹理: harvestcraft:plumSapling
面 3 纹理: harvestcraft:plumSapling
面 4 纹理: harvestcraft:plumSapling
面 5 纹理: harvestcraft:plumSapling
结果: 所有面使用相同纹理，标准方块
方块ID: 636, 注册名称: harvestcraft:pamPomegranate, 未本地化名称: tile.pamPomegranate
分析方块纹理类型:
面 0 纹理: harvestcraft:pomegranate_0
面 1 纹理: harvestcraft:pomegranate_0
面 2 纹理: harvestcraft:pomegranate_0
面 3 纹理: harvestcraft:pomegranate_0
面 4 纹理: harvestcraft:pomegranate_0
面 5 纹理: harvestcraft:pomegranate_0
结果: 所有面使用相同纹理，标准方块
方块ID: 637, 注册名称: harvestcraft:pampomegranateSapling, 未本地化名称: tile.pampomegranateSapling
分析方块纹理类型:
面 0 纹理: harvestcraft:pomegranateSapling
面 1 纹理: harvestcraft:pomegranateSapling
面 2 纹理: harvestcraft:pomegranateSapling
面 3 纹理: harvestcraft:pomegranateSapling
面 4 纹理: harvestcraft:pomegranateSapling
面 5 纹理: harvestcraft:pomegranateSapling
结果: 所有面使用相同纹理，标准方块
方块ID: 638, 注册名称: harvestcraft:pamStarfruit, 未本地化名称: tile.pamStarfruit
分析方块纹理类型:
面 0 纹理: harvestcraft:starfruit_0
面 1 纹理: harvestcraft:starfruit_0
面 2 纹理: harvestcraft:starfruit_0
面 3 纹理: harvestcraft:starfruit_0
面 4 纹理: harvestcraft:starfruit_0
面 5 纹理: harvestcraft:starfruit_0
结果: 所有面使用相同纹理，标准方块
方块ID: 639, 注册名称: harvestcraft:pamstarfruitSapling, 未本地化名称: tile.pamstarfruitSapling
分析方块纹理类型:
面 0 纹理: harvestcraft:starfruitSapling
面 1 纹理: harvestcraft:starfruitSapling
面 2 纹理: harvestcraft:starfruitSapling
面 3 纹理: harvestcraft:starfruitSapling
面 4 纹理: harvestcraft:starfruitSapling
面 5 纹理: harvestcraft:starfruitSapling
结果: 所有面使用相同纹理，标准方块
方块ID: 640, 注册名称: harvestcraft:pamVanillabean, 未本地化名称: tile.pamVanillabean
分析方块纹理类型:
面 0 纹理: harvestcraft:vanillabean_0
面 1 纹理: harvestcraft:vanillabean_0
面 2 纹理: harvestcraft:vanillabean_0
面 3 纹理: harvestcraft:vanillabean_0
面 4 纹理: harvestcraft:vanillabean_0
面 5 纹理: harvestcraft:vanillabean_0
结果: 所有面使用相同纹理，标准方块
方块ID: 641, 注册名称: harvestcraft:pamvanillabeanSapling, 未本地化名称: tile.pamvanillabeanSapling
分析方块纹理类型:
面 0 纹理: harvestcraft:vanillabeanSapling
面 1 纹理: harvestcraft:vanillabeanSapling
面 2 纹理: harvestcraft:vanillabeanSapling
面 3 纹理: harvestcraft:vanillabeanSapling
面 4 纹理: harvestcraft:vanillabeanSapling
面 5 纹理: harvestcraft:vanillabeanSapling
结果: 所有面使用相同纹理，标准方块
方块ID: 642, 注册名称: harvestcraft:pamWalnut, 未本地化名称: tile.pamWalnut
分析方块纹理类型:
面 0 纹理: harvestcraft:walnut_0
面 1 纹理: harvestcraft:walnut_0
面 2 纹理: harvestcraft:walnut_0
面 3 纹理: harvestcraft:walnut_0
面 4 纹理: harvestcraft:walnut_0
面 5 纹理: harvestcraft:walnut_0
结果: 所有面使用相同纹理，标准方块
方块ID: 643, 注册名称: harvestcraft:pamwalnutSapling, 未本地化名称: tile.pamwalnutSapling
分析方块纹理类型:
面 0 纹理: harvestcraft:walnutSapling
面 1 纹理: harvestcraft:walnutSapling
面 2 纹理: harvestcraft:walnutSapling
面 3 纹理: harvestcraft:walnutSapling
面 4 纹理: harvestcraft:walnutSapling
面 5 纹理: harvestcraft:walnutSapling
结果: 所有面使用相同纹理，标准方块
方块ID: 644, 注册名称: harvestcraft:pamGooseberry, 未本地化名称: tile.pamGooseberry
分析方块纹理类型:
面 0 纹理: harvestcraft:gooseberry_0
面 1 纹理: harvestcraft:gooseberry_0
面 2 纹理: harvestcraft:gooseberry_0
面 3 纹理: harvestcraft:gooseberry_0
面 4 纹理: harvestcraft:gooseberry_0
面 5 纹理: harvestcraft:gooseberry_0
结果: 所有面使用相同纹理，标准方块
方块ID: 645, 注册名称: harvestcraft:pamgooseberrySapling, 未本地化名称: tile.pamgooseberrySapling
分析方块纹理类型:
面 0 纹理: harvestcraft:gooseberrySapling
面 1 纹理: harvestcraft:gooseberrySapling
面 2 纹理: harvestcraft:gooseberrySapling
面 3 纹理: harvestcraft:gooseberrySapling
面 4 纹理: harvestcraft:gooseberrySapling
面 5 纹理: harvestcraft:gooseberrySapling
结果: 所有面使用相同纹理，标准方块
方块ID: 646, 注册名称: harvestcraft:pamblackberryCrop, 未本地化名称: tile.pamblackberryCrop
分析方块纹理类型:
面 0 纹理: harvestcraft:blackberrycrop_0
面 1 纹理: harvestcraft:blackberrycrop_0
面 2 纹理: harvestcraft:blackberrycrop_0
面 3 纹理: harvestcraft:blackberrycrop_0
面 4 纹理: harvestcraft:blackberrycrop_0
面 5 纹理: harvestcraft:blackberrycrop_0
结果: 所有面使用相同纹理，标准方块
方块ID: 647, 注册名称: harvestcraft:pamblueberryCrop, 未本地化名称: tile.pamblueberryCrop
分析方块纹理类型:
面 0 纹理: harvestcraft:blueberrycrop_0
面 1 纹理: harvestcraft:blueberrycrop_0
面 2 纹理: harvestcraft:blueberrycrop_0
面 3 纹理: harvestcraft:blueberrycrop_0
面 4 纹理: harvestcraft:blueberrycrop_0
面 5 纹理: harvestcraft:blueberrycrop_0
结果: 所有面使用相同纹理，标准方块
方块ID: 648, 注册名称: harvestcraft:pamcandleberryCrop, 未本地化名称: tile.pamcandleberryCrop
分析方块纹理类型:
面 0 纹理: harvestcraft:candleberrycrop_0
面 1 纹理: harvestcraft:candleberrycrop_0
面 2 纹理: harvestcraft:candleberrycrop_0
面 3 纹理: harvestcraft:candleberrycrop_0
面 4 纹理: harvestcraft:candleberrycrop_0
面 5 纹理: harvestcraft:candleberrycrop_0
结果: 所有面使用相同纹理，标准方块
方块ID: 649, 注册名称: harvestcraft:pamraspberryCrop, 未本地化名称: tile.pamraspberryCrop
分析方块纹理类型:
面 0 纹理: harvestcraft:raspberrycrop_0
面 1 纹理: harvestcraft:raspberrycrop_0
面 2 纹理: harvestcraft:raspberrycrop_0
面 3 纹理: harvestcraft:raspberrycrop_0
面 4 纹理: harvestcraft:raspberrycrop_0
面 5 纹理: harvestcraft:raspberrycrop_0
结果: 所有面使用相同纹理，标准方块
方块ID: 650, 注册名称: harvestcraft:pamstrawberryCrop, 未本地化名称: tile.pamstrawberryCrop
分析方块纹理类型:
面 0 纹理: harvestcraft:strawberrycrop_0
面 1 纹理: harvestcraft:strawberrycrop_0
面 2 纹理: harvestcraft:strawberrycrop_0
面 3 纹理: harvestcraft:strawberrycrop_0
面 4 纹理: harvestcraft:strawberrycrop_0
面 5 纹理: harvestcraft:strawberrycrop_0
结果: 所有面使用相同纹理，标准方块
方块ID: 651, 注册名称: harvestcraft:pamcactusfruitCrop, 未本地化名称: tile.pamcactusfruitCrop
分析方块纹理类型:
面 0 纹理: harvestcraft:cactusfruitcrop_0
面 1 纹理: harvestcraft:cactusfruitcrop_0
面 2 纹理: harvestcraft:cactusfruitcrop_0
面 3 纹理: harvestcraft:cactusfruitcrop_0
面 4 纹理: harvestcraft:cactusfruitcrop_0
面 5 纹理: harvestcraft:cactusfruitcrop_0
结果: 所有面使用相同纹理，标准方块
方块ID: 652, 注册名称: harvestcraft:pamasparagusCrop, 未本地化名称: tile.pamasparagusCrop
分析方块纹理类型:
面 0 纹理: harvestcraft:asparaguscrop_0
面 1 纹理: harvestcraft:asparaguscrop_0
面 2 纹理: harvestcraft:asparaguscrop_0
面 3 纹理: harvestcraft:asparaguscrop_0
面 4 纹理: harvestcraft:asparaguscrop_0
面 5 纹理: harvestcraft:asparaguscrop_0
结果: 所有面使用相同纹理，标准方块
方块ID: 653, 注册名称: harvestcraft:pambarleyCrop, 未本地化名称: tile.pambarleyCrop
分析方块纹理类型:
面 0 纹理: harvestcraft:barleycrop_0
面 1 纹理: harvestcraft:barleycrop_0
面 2 纹理: harvestcraft:barleycrop_0
面 3 纹理: harvestcraft:barleycrop_0
面 4 纹理: harvestcraft:barleycrop_0
面 5 纹理: harvestcraft:barleycrop_0
结果: 所有面使用相同纹理，标准方块
方块ID: 654, 注册名称: harvestcraft:pamoatsCrop, 未本地化名称: tile.pamoatsCrop
分析方块纹理类型:
面 0 纹理: harvestcraft:oatscrop_0
面 1 纹理: harvestcraft:oatscrop_0
面 2 纹理: harvestcraft:oatscrop_0
面 3 纹理: harvestcraft:oatscrop_0
面 4 纹理: harvestcraft:oatscrop_0
面 5 纹理: harvestcraft:oatscrop_0
结果: 所有面使用相同纹理，标准方块
方块ID: 655, 注册名称: harvestcraft:pamryeCrop, 未本地化名称: tile.pamryeCrop
分析方块纹理类型:
面 0 纹理: harvestcraft:ryecrop_0
面 1 纹理: harvestcraft:ryecrop_0
面 2 纹理: harvestcraft:ryecrop_0
面 3 纹理: harvestcraft:ryecrop_0
面 4 纹理: harvestcraft:ryecrop_0
面 5 纹理: harvestcraft:ryecrop_0
结果: 所有面使用相同纹理，标准方块
方块ID: 656, 注册名称: harvestcraft:pamcornCrop, 未本地化名称: tile.pamcornCrop
分析方块纹理类型:
面 0 纹理: harvestcraft:corncrop_0
面 1 纹理: harvestcraft:corncrop_0
面 2 纹理: harvestcraft:corncrop_0
面 3 纹理: harvestcraft:corncrop_0
面 4 纹理: harvestcraft:corncrop_0
面 5 纹理: harvestcraft:corncrop_0
结果: 所有面使用相同纹理，标准方块
方块ID: 657, 注册名称: harvestcraft:pambambooshootCrop, 未本地化名称: tile.pambambooshootCrop
分析方块纹理类型:
面 0 纹理: harvestcraft:bambooshootcrop_0
面 1 纹理: harvestcraft:bambooshootcrop_0
面 2 纹理: harvestcraft:bambooshootcrop_0
面 3 纹理: harvestcraft:bambooshootcrop_0
面 4 纹理: harvestcraft:bambooshootcrop_0
面 5 纹理: harvestcraft:bambooshootcrop_0
结果: 所有面使用相同纹理，标准方块
方块ID: 658, 注册名称: harvestcraft:pamcantaloupeCrop, 未本地化名称: tile.pamcantaloupeCrop
分析方块纹理类型:
面 0 纹理: harvestcraft:cantaloupecrop_0
面 1 纹理: harvestcraft:cantaloupecrop_0
面 2 纹理: harvestcraft:cantaloupecrop_0
面 3 纹理: harvestcraft:cantaloupecrop_0
面 4 纹理: harvestcraft:cantaloupecrop_0
面 5 纹理: harvestcraft:cantaloupecrop_0
结果: 所有面使用相同纹理，标准方块
方块ID: 659, 注册名称: harvestcraft:pamcucumberCrop, 未本地化名称: tile.pamcucumberCrop
分析方块纹理类型:
面 0 纹理: harvestcraft:cucumbercrop_0
面 1 纹理: harvestcraft:cucumbercrop_0
面 2 纹理: harvestcraft:cucumbercrop_0
面 3 纹理: harvestcraft:cucumbercrop_0
面 4 纹理: harvestcraft:cucumbercrop_0
面 5 纹理: harvestcraft:cucumbercrop_0
结果: 所有面使用相同纹理，标准方块
方块ID: 660, 注册名称: harvestcraft:pamwintersquashCrop, 未本地化名称: tile.pamwintersquashCrop
分析方块纹理类型:
面 0 纹理: harvestcraft:wintersquashcrop_0
面 1 纹理: harvestcraft:wintersquashcrop_0
面 2 纹理: harvestcraft:wintersquashcrop_0
面 3 纹理: harvestcraft:wintersquashcrop_0
面 4 纹理: harvestcraft:wintersquashcrop_0
面 5 纹理: harvestcraft:wintersquashcrop_0
结果: 所有面使用相同纹理，标准方块
方块ID: 661, 注册名称: harvestcraft:pamzucchiniCrop, 未本地化名称: tile.pamzucchiniCrop
分析方块纹理类型:
面 0 纹理: harvestcraft:zucchinicrop_0
面 1 纹理: harvestcraft:zucchinicrop_0
面 2 纹理: harvestcraft:zucchinicrop_0
面 3 纹理: harvestcraft:zucchinicrop_0
面 4 纹理: harvestcraft:zucchinicrop_0
面 5 纹理: harvestcraft:zucchinicrop_0
结果: 所有面使用相同纹理，标准方块
方块ID: 662, 注册名称: harvestcraft:pambeetCrop, 未本地化名称: tile.pambeetCrop
分析方块纹理类型:
面 0 纹理: harvestcraft:beetcrop_0
面 1 纹理: harvestcraft:beetcrop_0
面 2 纹理: harvestcraft:beetcrop_0
面 3 纹理: harvestcraft:beetcrop_0
面 4 纹理: harvestcraft:beetcrop_0
面 5 纹理: harvestcraft:beetcrop_0
结果: 所有面使用相同纹理，标准方块
方块ID: 663, 注册名称: harvestcraft:pamonionCrop, 未本地化名称: tile.pamonionCrop
分析方块纹理类型:
面 0 纹理: harvestcraft:onioncrop_0
面 1 纹理: harvestcraft:onioncrop_0
面 2 纹理: harvestcraft:onioncrop_0
面 3 纹理: harvestcraft:onioncrop_0
面 4 纹理: harvestcraft:onioncrop_0
面 5 纹理: harvestcraft:onioncrop_0
结果: 所有面使用相同纹理，标准方块
方块ID: 664, 注册名称: harvestcraft:pamparsnipCrop, 未本地化名称: tile.pamparsnipCrop
分析方块纹理类型:
面 0 纹理: harvestcraft:parsnipcrop_0
面 1 纹理: harvestcraft:parsnipcrop_0
面 2 纹理: harvestcraft:parsnipcrop_0
面 3 纹理: harvestcraft:parsnipcrop_0
面 4 纹理: harvestcraft:parsnipcrop_0
面 5 纹理: harvestcraft:parsnipcrop_0
结果: 所有面使用相同纹理，标准方块
方块ID: 665, 注册名称: harvestcraft:pampeanutCrop, 未本地化名称: tile.pampeanutCrop
分析方块纹理类型:
面 0 纹理: harvestcraft:peanutcrop_0
面 1 纹理: harvestcraft:peanutcrop_0
面 2 纹理: harvestcraft:peanutcrop_0
面 3 纹理: harvestcraft:peanutcrop_0
面 4 纹理: harvestcraft:peanutcrop_0
面 5 纹理: harvestcraft:peanutcrop_0
结果: 所有面使用相同纹理，标准方块
方块ID: 666, 注册名称: harvestcraft:pamradishCrop, 未本地化名称: tile.pamradishCrop
分析方块纹理类型:
面 0 纹理: harvestcraft:radishcrop_0
面 1 纹理: harvestcraft:radishcrop_0
面 2 纹理: harvestcraft:radishcrop_0
面 3 纹理: harvestcraft:radishcrop_0
面 4 纹理: harvestcraft:radishcrop_0
面 5 纹理: harvestcraft:radishcrop_0
结果: 所有面使用相同纹理，标准方块
方块ID: 667, 注册名称: harvestcraft:pamrutabagaCrop, 未本地化名称: tile.pamrutabagaCrop
分析方块纹理类型:
面 0 纹理: harvestcraft:rutabagacrop_0
面 1 纹理: harvestcraft:rutabagacrop_0
面 2 纹理: harvestcraft:rutabagacrop_0
面 3 纹理: harvestcraft:rutabagacrop_0
面 4 纹理: harvestcraft:rutabagacrop_0
面 5 纹理: harvestcraft:rutabagacrop_0
结果: 所有面使用相同纹理，标准方块
方块ID: 668, 注册名称: harvestcraft:pamsweetpotatoCrop, 未本地化名称: tile.pamsweetpotatoCrop
分析方块纹理类型:
面 0 纹理: harvestcraft:sweetpotatocrop_0
面 1 纹理: harvestcraft:sweetpotatocrop_0
面 2 纹理: harvestcraft:sweetpotatocrop_0
面 3 纹理: harvestcraft:sweetpotatocrop_0
面 4 纹理: harvestcraft:sweetpotatocrop_0
面 5 纹理: harvestcraft:sweetpotatocrop_0
结果: 所有面使用相同纹理，标准方块
方块ID: 669, 注册名称: harvestcraft:pamturnipCrop, 未本地化名称: tile.pamturnipCrop
分析方块纹理类型:
面 0 纹理: harvestcraft:turnipcrop_0
面 1 纹理: harvestcraft:turnipcrop_0
面 2 纹理: harvestcraft:turnipcrop_0
面 3 纹理: harvestcraft:turnipcrop_0
面 4 纹理: harvestcraft:turnipcrop_0
面 5 纹理: harvestcraft:turnipcrop_0
结果: 所有面使用相同纹理，标准方块
方块ID: 670, 注册名称: harvestcraft:pamrhubarbCrop, 未本地化名称: tile.pamrhubarbCrop
分析方块纹理类型:
面 0 纹理: harvestcraft:rhubarbcrop_0
面 1 纹理: harvestcraft:rhubarbcrop_0
面 2 纹理: harvestcraft:rhubarbcrop_0
面 3 纹理: harvestcraft:rhubarbcrop_0
面 4 纹理: harvestcraft:rhubarbcrop_0
面 5 纹理: harvestcraft:rhubarbcrop_0
结果: 所有面使用相同纹理，标准方块
方块ID: 671, 注册名称: harvestcraft:pamceleryCrop, 未本地化名称: tile.pamceleryCrop
分析方块纹理类型:
面 0 纹理: harvestcraft:celerycrop_0
面 1 纹理: harvestcraft:celerycrop_0
面 2 纹理: harvestcraft:celerycrop_0
面 3 纹理: harvestcraft:celerycrop_0
面 4 纹理: harvestcraft:celerycrop_0
面 5 纹理: harvestcraft:celerycrop_0
结果: 所有面使用相同纹理，标准方块
方块ID: 672, 注册名称: harvestcraft:pamgarlicCrop, 未本地化名称: tile.pamgarlicCrop
分析方块纹理类型:
面 0 纹理: harvestcraft:garliccrop_0
面 1 纹理: harvestcraft:garliccrop_0
面 2 纹理: harvestcraft:garliccrop_0
面 3 纹理: harvestcraft:garliccrop_0
面 4 纹理: harvestcraft:garliccrop_0
面 5 纹理: harvestcraft:garliccrop_0
结果: 所有面使用相同纹理，标准方块
方块ID: 673, 注册名称: harvestcraft:pamgingerCrop, 未本地化名称: tile.pamgingerCrop
分析方块纹理类型:
面 0 纹理: harvestcraft:gingercrop_0
面 1 纹理: harvestcraft:gingercrop_0
面 2 纹理: harvestcraft:gingercrop_0
面 3 纹理: harvestcraft:gingercrop_0
面 4 纹理: harvestcraft:gingercrop_0
面 5 纹理: harvestcraft:gingercrop_0
结果: 所有面使用相同纹理，标准方块
方块ID: 674, 注册名称: harvestcraft:pamspiceleafCrop, 未本地化名称: tile.pamspiceleafCrop
分析方块纹理类型:
面 0 纹理: harvestcraft:spiceleafcrop_0
面 1 纹理: harvestcraft:spiceleafcrop_0
面 2 纹理: harvestcraft:spiceleafcrop_0
面 3 纹理: harvestcraft:spiceleafcrop_0
面 4 纹理: harvestcraft:spiceleafcrop_0
面 5 纹理: harvestcraft:spiceleafcrop_0
结果: 所有面使用相同纹理，标准方块
方块ID: 675, 注册名称: harvestcraft:pamtealeafCrop, 未本地化名称: tile.pamtealeafCrop
分析方块纹理类型:
面 0 纹理: harvestcraft:tealeafcrop_0
面 1 纹理: harvestcraft:tealeafcrop_0
面 2 纹理: harvestcraft:tealeafcrop_0
面 3 纹理: harvestcraft:tealeafcrop_0
面 4 纹理: harvestcraft:tealeafcrop_0
面 5 纹理: harvestcraft:tealeafcrop_0
结果: 所有面使用相同纹理，标准方块
方块ID: 676, 注册名称: harvestcraft:pamcoffeebeanCrop, 未本地化名称: tile.pamcoffeebeanCrop
分析方块纹理类型:
面 0 纹理: harvestcraft:coffeebeancrop_0
面 1 纹理: harvestcraft:coffeebeancrop_0
面 2 纹理: harvestcraft:coffeebeancrop_0
面 3 纹理: harvestcraft:coffeebeancrop_0
面 4 纹理: harvestcraft:coffeebeancrop_0
面 5 纹理: harvestcraft:coffeebeancrop_0
结果: 所有面使用相同纹理，标准方块
方块ID: 677, 注册名称: harvestcraft:pammustardseedsCrop, 未本地化名称: tile.pammustardseedsCrop
分析方块纹理类型:
面 0 纹理: harvestcraft:mustardseedscrop_0
面 1 纹理: harvestcraft:mustardseedscrop_0
面 2 纹理: harvestcraft:mustardseedscrop_0
面 3 纹理: harvestcraft:mustardseedscrop_0
面 4 纹理: harvestcraft:mustardseedscrop_0
面 5 纹理: harvestcraft:mustardseedscrop_0
结果: 所有面使用相同纹理，标准方块
方块ID: 678, 注册名称: harvestcraft:pambroccoliCrop, 未本地化名称: tile.pambroccoliCrop
分析方块纹理类型:
面 0 纹理: harvestcraft:broccolicrop_0
面 1 纹理: harvestcraft:broccolicrop_0
面 2 纹理: harvestcraft:broccolicrop_0
面 3 纹理: harvestcraft:broccolicrop_0
面 4 纹理: harvestcraft:broccolicrop_0
面 5 纹理: harvestcraft:broccolicrop_0
结果: 所有面使用相同纹理，标准方块
方块ID: 679, 注册名称: harvestcraft:pamcauliflowerCrop, 未本地化名称: tile.pamcauliflowerCrop
分析方块纹理类型:
面 0 纹理: harvestcraft:cauliflowercrop_0
面 1 纹理: harvestcraft:cauliflowercrop_0
面 2 纹理: harvestcraft:cauliflowercrop_0
面 3 纹理: harvestcraft:cauliflowercrop_0
面 4 纹理: harvestcraft:cauliflowercrop_0
面 5 纹理: harvestcraft:cauliflowercrop_0
结果: 所有面使用相同纹理，标准方块
方块ID: 680, 注册名称: harvestcraft:pamleekCrop, 未本地化名称: tile.pamleekCrop
分析方块纹理类型:
面 0 纹理: harvestcraft:leekcrop_0
面 1 纹理: harvestcraft:leekcrop_0
面 2 纹理: harvestcraft:leekcrop_0
面 3 纹理: harvestcraft:leekcrop_0
面 4 纹理: harvestcraft:leekcrop_0
面 5 纹理: harvestcraft:leekcrop_0
结果: 所有面使用相同纹理，标准方块
方块ID: 681, 注册名称: harvestcraft:pamlettuceCrop, 未本地化名称: tile.pamlettuceCrop
分析方块纹理类型:
面 0 纹理: harvestcraft:lettucecrop_0
面 1 纹理: harvestcraft:lettucecrop_0
面 2 纹理: harvestcraft:lettucecrop_0
面 3 纹理: harvestcraft:lettucecrop_0
面 4 纹理: harvestcraft:lettucecrop_0
面 5 纹理: harvestcraft:lettucecrop_0
结果: 所有面使用相同纹理，标准方块
方块ID: 682, 注册名称: harvestcraft:pamscallionCrop, 未本地化名称: tile.pamscallionCrop
分析方块纹理类型:
面 0 纹理: harvestcraft:scallioncrop_0
面 1 纹理: harvestcraft:scallioncrop_0
面 2 纹理: harvestcraft:scallioncrop_0
面 3 纹理: harvestcraft:scallioncrop_0
面 4 纹理: harvestcraft:scallioncrop_0
面 5 纹理: harvestcraft:scallioncrop_0
结果: 所有面使用相同纹理，标准方块
方块ID: 683, 注册名称: harvestcraft:pamartichokeCrop, 未本地化名称: tile.pamartichokeCrop
分析方块纹理类型:
面 0 纹理: harvestcraft:artichokecrop_0
面 1 纹理: harvestcraft:artichokecrop_0
面 2 纹理: harvestcraft:artichokecrop_0
面 3 纹理: harvestcraft:artichokecrop_0
面 4 纹理: harvestcraft:artichokecrop_0
面 5 纹理: harvestcraft:artichokecrop_0
结果: 所有面使用相同纹理，标准方块
方块ID: 684, 注册名称: harvestcraft:pambrusselsproutCrop, 未本地化名称: tile.pambrusselsproutCrop
分析方块纹理类型:
面 0 纹理: harvestcraft:brusselsproutcrop_0
面 1 纹理: harvestcraft:brusselsproutcrop_0
面 2 纹理: harvestcraft:brusselsproutcrop_0
面 3 纹理: harvestcraft:brusselsproutcrop_0
面 4 纹理: harvestcraft:brusselsproutcrop_0
面 5 纹理: harvestcraft:brusselsproutcrop_0
结果: 所有面使用相同纹理，标准方块
方块ID: 685, 注册名称: harvestcraft:pamcabbageCrop, 未本地化名称: tile.pamcabbageCrop
分析方块纹理类型:
面 0 纹理: harvestcraft:cabbagecrop_0
面 1 纹理: harvestcraft:cabbagecrop_0
面 2 纹理: harvestcraft:cabbagecrop_0
面 3 纹理: harvestcraft:cabbagecrop_0
面 4 纹理: harvestcraft:cabbagecrop_0
面 5 纹理: harvestcraft:cabbagecrop_0
结果: 所有面使用相同纹理，标准方块
方块ID: 686, 注册名称: harvestcraft:pamspinachCrop, 未本地化名称: tile.pamspinachCrop
分析方块纹理类型:
面 0 纹理: harvestcraft:spinachcrop_0
面 1 纹理: harvestcraft:spinachcrop_0
面 2 纹理: harvestcraft:spinachcrop_0
面 3 纹理: harvestcraft:spinachcrop_0
面 4 纹理: harvestcraft:spinachcrop_0
面 5 纹理: harvestcraft:spinachcrop_0
结果: 所有面使用相同纹理，标准方块
方块ID: 687, 注册名称: harvestcraft:pamwhitemushroomCrop, 未本地化名称: tile.pamwhitemushroomCrop
分析方块纹理类型:
面 0 纹理: harvestcraft:whitemushroomcrop_0
面 1 纹理: harvestcraft:whitemushroomcrop_0
面 2 纹理: harvestcraft:whitemushroomcrop_0
面 3 纹理: harvestcraft:whitemushroomcrop_0
面 4 纹理: harvestcraft:whitemushroomcrop_0
面 5 纹理: harvestcraft:whitemushroomcrop_0
结果: 所有面使用相同纹理，标准方块
方块ID: 688, 注册名称: harvestcraft:pambeanCrop, 未本地化名称: tile.pambeanCrop
分析方块纹理类型:
面 0 纹理: harvestcraft:beancrop_0
面 1 纹理: harvestcraft:beancrop_0
面 2 纹理: harvestcraft:beancrop_0
面 3 纹理: harvestcraft:beancrop_0
面 4 纹理: harvestcraft:beancrop_0
面 5 纹理: harvestcraft:beancrop_0
结果: 所有面使用相同纹理，标准方块
方块ID: 689, 注册名称: harvestcraft:pamsoybeanCrop, 未本地化名称: tile.pamsoybeanCrop
分析方块纹理类型:
面 0 纹理: harvestcraft:soybeancrop_0
面 1 纹理: harvestcraft:soybeancrop_0
面 2 纹理: harvestcraft:soybeancrop_0
面 3 纹理: harvestcraft:soybeancrop_0
面 4 纹理: harvestcraft:soybeancrop_0
面 5 纹理: harvestcraft:soybeancrop_0
结果: 所有面使用相同纹理，标准方块
方块ID: 690, 注册名称: harvestcraft:pambellpepperCrop, 未本地化名称: tile.pambellpepperCrop
分析方块纹理类型:
面 0 纹理: harvestcraft:bellpeppercrop_0
面 1 纹理: harvestcraft:bellpeppercrop_0
面 2 纹理: harvestcraft:bellpeppercrop_0
面 3 纹理: harvestcraft:bellpeppercrop_0
面 4 纹理: harvestcraft:bellpeppercrop_0
面 5 纹理: harvestcraft:bellpeppercrop_0
结果: 所有面使用相同纹理，标准方块
方块ID: 691, 注册名称: harvestcraft:pamchilipepperCrop, 未本地化名称: tile.pamchilipepperCrop
分析方块纹理类型:
面 0 纹理: harvestcraft:chilipeppercrop_0
面 1 纹理: harvestcraft:chilipeppercrop_0
面 2 纹理: harvestcraft:chilipeppercrop_0
面 3 纹理: harvestcraft:chilipeppercrop_0
面 4 纹理: harvestcraft:chilipeppercrop_0
面 5 纹理: harvestcraft:chilipeppercrop_0
结果: 所有面使用相同纹理，标准方块
方块ID: 692, 注册名称: harvestcraft:pameggplantCrop, 未本地化名称: tile.pameggplantCrop
分析方块纹理类型:
面 0 纹理: harvestcraft:eggplantcrop_0
面 1 纹理: harvestcraft:eggplantcrop_0
面 2 纹理: harvestcraft:eggplantcrop_0
面 3 纹理: harvestcraft:eggplantcrop_0
面 4 纹理: harvestcraft:eggplantcrop_0
面 5 纹理: harvestcraft:eggplantcrop_0
结果: 所有面使用相同纹理，标准方块
方块ID: 693, 注册名称: harvestcraft:pamokraCrop, 未本地化名称: tile.pamokraCrop
分析方块纹理类型:
面 0 纹理: harvestcraft:okracrop_0
面 1 纹理: harvestcraft:okracrop_0
面 2 纹理: harvestcraft:okracrop_0
面 3 纹理: harvestcraft:okracrop_0
面 4 纹理: harvestcraft:okracrop_0
面 5 纹理: harvestcraft:okracrop_0
结果: 所有面使用相同纹理，标准方块
方块ID: 694, 注册名称: harvestcraft:pampeasCrop, 未本地化名称: tile.pampeasCrop
分析方块纹理类型:
面 0 纹理: harvestcraft:peascrop_0
面 1 纹理: harvestcraft:peascrop_0
面 2 纹理: harvestcraft:peascrop_0
面 3 纹理: harvestcraft:peascrop_0
面 4 纹理: harvestcraft:peascrop_0
面 5 纹理: harvestcraft:peascrop_0
结果: 所有面使用相同纹理，标准方块
方块ID: 695, 注册名称: harvestcraft:pamtomatoCrop, 未本地化名称: tile.pamtomatoCrop
分析方块纹理类型:
面 0 纹理: harvestcraft:tomatocrop_0
面 1 纹理: harvestcraft:tomatocrop_0
面 2 纹理: harvestcraft:tomatocrop_0
面 3 纹理: harvestcraft:tomatocrop_0
面 4 纹理: harvestcraft:tomatocrop_0
面 5 纹理: harvestcraft:tomatocrop_0
结果: 所有面使用相同纹理，标准方块
方块ID: 696, 注册名称: harvestcraft:pamcottonCrop, 未本地化名称: tile.pamcottonCrop
分析方块纹理类型:
面 0 纹理: harvestcraft:cottoncrop_0
面 1 纹理: harvestcraft:cottoncrop_0
面 2 纹理: harvestcraft:cottoncrop_0
面 3 纹理: harvestcraft:cottoncrop_0
面 4 纹理: harvestcraft:cottoncrop_0
面 5 纹理: harvestcraft:cottoncrop_0
结果: 所有面使用相同纹理，标准方块
方块ID: 697, 注册名称: harvestcraft:pampineappleCrop, 未本地化名称: tile.pampineappleCrop
分析方块纹理类型:
面 0 纹理: harvestcraft:pineapplecrop_0
面 1 纹理: harvestcraft:pineapplecrop_0
面 2 纹理: harvestcraft:pineapplecrop_0
面 3 纹理: harvestcraft:pineapplecrop_0
面 4 纹理: harvestcraft:pineapplecrop_0
面 5 纹理: harvestcraft:pineapplecrop_0
结果: 所有面使用相同纹理，标准方块
方块ID: 698, 注册名称: harvestcraft:pamgrapeCrop, 未本地化名称: tile.pamgrapeCrop
分析方块纹理类型:
面 0 纹理: harvestcraft:grapecrop_0
面 1 纹理: harvestcraft:grapecrop_0
面 2 纹理: harvestcraft:grapecrop_0
面 3 纹理: harvestcraft:grapecrop_0
面 4 纹理: harvestcraft:grapecrop_0
面 5 纹理: harvestcraft:grapecrop_0
结果: 所有面使用相同纹理，标准方块
方块ID: 699, 注册名称: harvestcraft:pamkiwiCrop, 未本地化名称: tile.pamkiwiCrop
分析方块纹理类型:
面 0 纹理: harvestcraft:kiwicrop_0
面 1 纹理: harvestcraft:kiwicrop_0
面 2 纹理: harvestcraft:kiwicrop_0
面 3 纹理: harvestcraft:kiwicrop_0
面 4 纹理: harvestcraft:kiwicrop_0
面 5 纹理: harvestcraft:kiwicrop_0
结果: 所有面使用相同纹理，标准方块
方块ID: 700, 注册名称: harvestcraft:pamcranberryCrop, 未本地化名称: tile.pamcranberryCrop
分析方块纹理类型:
面 0 纹理: harvestcraft:cranberrycrop_0
面 1 纹理: harvestcraft:cranberrycrop_0
面 2 纹理: harvestcraft:cranberrycrop_0
面 3 纹理: harvestcraft:cranberrycrop_0
面 4 纹理: harvestcraft:cranberrycrop_0
面 5 纹理: harvestcraft:cranberrycrop_0
结果: 所有面使用相同纹理，标准方块
方块ID: 701, 注册名称: harvestcraft:pamriceCrop, 未本地化名称: tile.pamriceCrop
分析方块纹理类型:
面 0 纹理: harvestcraft:ricecrop_0
面 1 纹理: harvestcraft:ricecrop_0
面 2 纹理: harvestcraft:ricecrop_0
面 3 纹理: harvestcraft:ricecrop_0
面 4 纹理: harvestcraft:ricecrop_0
面 5 纹理: harvestcraft:ricecrop_0
结果: 所有面使用相同纹理，标准方块
方块ID: 702, 注册名称: harvestcraft:pamseaweedCrop, 未本地化名称: tile.pamseaweedCrop
分析方块纹理类型:
面 0 纹理: harvestcraft:seaweedcrop_0
面 1 纹理: harvestcraft:seaweedcrop_0
面 2 纹理: harvestcraft:seaweedcrop_0
面 3 纹理: harvestcraft:seaweedcrop_0
面 4 纹理: harvestcraft:seaweedcrop_0
面 5 纹理: harvestcraft:seaweedcrop_0
结果: 所有面使用相同纹理，标准方块
方块ID: 703, 注册名称: harvestcraft:pamcurryleafCrop, 未本地化名称: tile.pamcurryleafCrop
分析方块纹理类型:
面 0 纹理: harvestcraft:curryleafcrop_0
面 1 纹理: harvestcraft:curryleafcrop_0
面 2 纹理: harvestcraft:curryleafcrop_0
面 3 纹理: harvestcraft:curryleafcrop_0
面 4 纹理: harvestcraft:curryleafcrop_0
面 5 纹理: harvestcraft:curryleafcrop_0
结果: 所有面使用相同纹理，标准方块
方块ID: 704, 注册名称: harvestcraft:pamsesameseedsCrop, 未本地化名称: tile.pamsesameseedsCrop
分析方块纹理类型:
面 0 纹理: harvestcraft:sesameseedscrop_0
面 1 纹理: harvestcraft:sesameseedscrop_0
面 2 纹理: harvestcraft:sesameseedscrop_0
面 3 纹理: harvestcraft:sesameseedscrop_0
面 4 纹理: harvestcraft:sesameseedscrop_0
面 5 纹理: harvestcraft:sesameseedscrop_0
结果: 所有面使用相同纹理，标准方块
方块ID: 705, 注册名称: harvestcraft:pamwaterchestnutCrop, 未本地化名称: tile.pamwaterchestnutCrop
分析方块纹理类型:
面 0 纹理: harvestcraft:waterchestnutcrop_0
面 1 纹理: harvestcraft:waterchestnutcrop_0
面 2 纹理: harvestcraft:waterchestnutcrop_0
面 3 纹理: harvestcraft:waterchestnutcrop_0
面 4 纹理: harvestcraft:waterchestnutcrop_0
面 5 纹理: harvestcraft:waterchestnutcrop_0
结果: 所有面使用相同纹理，标准方块
方块ID: 706, 注册名称: harvestcraft:pamcandleDeco1, 未本地化名称: tile.pamcandleDeco1
分析方块纹理类型:
面 0 纹理: harvestcraft:candle_0
面 1 纹理: harvestcraft:candle_0
面 2 纹理: harvestcraft:candle_0
面 3 纹理: harvestcraft:candle_0
面 4 纹理: harvestcraft:candle_0
面 5 纹理: harvestcraft:candle_0
结果: 所有面使用相同纹理，标准方块
方块ID: 707, 注册名称: harvestcraft:pamcandleDeco2, 未本地化名称: tile.pamcandleDeco2
分析方块纹理类型:
面 0 纹理: harvestcraft:candle_1
面 1 纹理: harvestcraft:candle_1
面 2 纹理: harvestcraft:candle_1
面 3 纹理: harvestcraft:candle_1
面 4 纹理: harvestcraft:candle_1
面 5 纹理: harvestcraft:candle_1
结果: 所有面使用相同纹理，标准方块
方块ID: 708, 注册名称: harvestcraft:pamcandleDeco3, 未本地化名称: tile.pamcandleDeco3
分析方块纹理类型:
面 0 纹理: harvestcraft:candle_2
面 1 纹理: harvestcraft:candle_2
面 2 纹理: harvestcraft:candle_2
面 3 纹理: harvestcraft:candle_2
面 4 纹理: harvestcraft:candle_2
面 5 纹理: harvestcraft:candle_2
结果: 所有面使用相同纹理，标准方块
方块ID: 709, 注册名称: harvestcraft:pamcandleDeco4, 未本地化名称: tile.pamcandleDeco4
分析方块纹理类型:
面 0 纹理: harvestcraft:candle_3
面 1 纹理: harvestcraft:candle_3
面 2 纹理: harvestcraft:candle_3
面 3 纹理: harvestcraft:candle_3
面 4 纹理: harvestcraft:candle_3
面 5 纹理: harvestcraft:candle_3
结果: 所有面使用相同纹理，标准方块
方块ID: 710, 注册名称: harvestcraft:pamcandleDeco5, 未本地化名称: tile.pamcandleDeco5
分析方块纹理类型:
面 0 纹理: harvestcraft:candle_4
面 1 纹理: harvestcraft:candle_4
面 2 纹理: harvestcraft:candle_4
面 3 纹理: harvestcraft:candle_4
面 4 纹理: harvestcraft:candle_4
面 5 纹理: harvestcraft:candle_4
结果: 所有面使用相同纹理，标准方块
方块ID: 711, 注册名称: harvestcraft:pamcandleDeco6, 未本地化名称: tile.pamcandleDeco6
分析方块纹理类型:
面 0 纹理: harvestcraft:candle_5
面 1 纹理: harvestcraft:candle_5
面 2 纹理: harvestcraft:candle_5
面 3 纹理: harvestcraft:candle_5
面 4 纹理: harvestcraft:candle_5
面 5 纹理: harvestcraft:candle_5
结果: 所有面使用相同纹理，标准方块
方块ID: 712, 注册名称: harvestcraft:pamcandleDeco7, 未本地化名称: tile.pamcandleDeco7
分析方块纹理类型:
面 0 纹理: harvestcraft:candle_6
面 1 纹理: harvestcraft:candle_6
面 2 纹理: harvestcraft:candle_6
面 3 纹理: harvestcraft:candle_6
面 4 纹理: harvestcraft:candle_6
面 5 纹理: harvestcraft:candle_6
结果: 所有面使用相同纹理，标准方块
方块ID: 713, 注册名称: harvestcraft:pamcandleDeco8, 未本地化名称: tile.pamcandleDeco8
分析方块纹理类型:
面 0 纹理: harvestcraft:candle_7
面 1 纹理: harvestcraft:candle_7
面 2 纹理: harvestcraft:candle_7
面 3 纹理: harvestcraft:candle_7
面 4 纹理: harvestcraft:candle_7
面 5 纹理: harvestcraft:candle_7
结果: 所有面使用相同纹理，标准方块
方块ID: 714, 注册名称: harvestcraft:pamcandleDeco9, 未本地化名称: tile.pamcandleDeco9
分析方块纹理类型:
面 0 纹理: harvestcraft:candle_8
面 1 纹理: harvestcraft:candle_8
面 2 纹理: harvestcraft:candle_8
面 3 纹理: harvestcraft:candle_8
面 4 纹理: harvestcraft:candle_8
面 5 纹理: harvestcraft:candle_8
结果: 所有面使用相同纹理，标准方块
方块ID: 715, 注册名称: harvestcraft:pamcandleDeco10, 未本地化名称: tile.pamcandleDeco10
分析方块纹理类型:
面 0 纹理: harvestcraft:candle_9
面 1 纹理: harvestcraft:candle_9
面 2 纹理: harvestcraft:candle_9
面 3 纹理: harvestcraft:candle_9
面 4 纹理: harvestcraft:candle_9
面 5 纹理: harvestcraft:candle_9
结果: 所有面使用相同纹理，标准方块
方块ID: 716, 注册名称: harvestcraft:pamcandleDeco11, 未本地化名称: tile.pamcandleDeco11
分析方块纹理类型:
面 0 纹理: harvestcraft:candle_10
面 1 纹理: harvestcraft:candle_10
面 2 纹理: harvestcraft:candle_10
面 3 纹理: harvestcraft:candle_10
面 4 纹理: harvestcraft:candle_10
面 5 纹理: harvestcraft:candle_10
结果: 所有面使用相同纹理，标准方块
方块ID: 717, 注册名称: harvestcraft:pamcandleDeco12, 未本地化名称: tile.pamcandleDeco12
分析方块纹理类型:
面 0 纹理: harvestcraft:candle_11
面 1 纹理: harvestcraft:candle_11
面 2 纹理: harvestcraft:candle_11
面 3 纹理: harvestcraft:candle_11
面 4 纹理: harvestcraft:candle_11
面 5 纹理: harvestcraft:candle_11
结果: 所有面使用相同纹理，标准方块
方块ID: 718, 注册名称: harvestcraft:pamcandleDeco13, 未本地化名称: tile.pamcandleDeco13
分析方块纹理类型:
面 0 纹理: harvestcraft:candle_12
面 1 纹理: harvestcraft:candle_12
面 2 纹理: harvestcraft:candle_12
面 3 纹理: harvestcraft:candle_12
面 4 纹理: harvestcraft:candle_12
面 5 纹理: harvestcraft:candle_12
结果: 所有面使用相同纹理，标准方块
方块ID: 719, 注册名称: harvestcraft:pamcandleDeco14, 未本地化名称: tile.pamcandleDeco14
分析方块纹理类型:
面 0 纹理: harvestcraft:candle_13
面 1 纹理: harvestcraft:candle_13
面 2 纹理: harvestcraft:candle_13
面 3 纹理: harvestcraft:candle_13
面 4 纹理: harvestcraft:candle_13
面 5 纹理: harvestcraft:candle_13
结果: 所有面使用相同纹理，标准方块
方块ID: 720, 注册名称: harvestcraft:pamcandleDeco15, 未本地化名称: tile.pamcandleDeco15
分析方块纹理类型:
面 0 纹理: harvestcraft:candle_14
面 1 纹理: harvestcraft:candle_14
面 2 纹理: harvestcraft:candle_14
面 3 纹理: harvestcraft:candle_14
面 4 纹理: harvestcraft:candle_14
面 5 纹理: harvestcraft:candle_14
结果: 所有面使用相同纹理，标准方块
方块ID: 721, 注册名称: harvestcraft:pamcandleDeco16, 未本地化名称: tile.pamcandleDeco16
分析方块纹理类型:
面 0 纹理: harvestcraft:candle_15
面 1 纹理: harvestcraft:candle_15
面 2 纹理: harvestcraft:candle_15
面 3 纹理: harvestcraft:candle_15
面 4 纹理: harvestcraft:candle_15
面 5 纹理: harvestcraft:candle_15
结果: 所有面使用相同纹理，标准方块
方块ID: 722, 注册名称: harvestcraft:pamcarrotCake, 未本地化名称: tile.pamcarrotCake
分析方块纹理类型:
面 0 纹理: harvestcraft:pamcarrotcake_bottom
面 1 纹理: harvestcraft:pamcarrotcake_top
面 2 纹理: harvestcraft:pamcarrotcake_side
面 3 纹理: harvestcraft:pamcarrotcake_side
面 4 纹理: harvestcraft:pamcarrotcake_side
面 5 纹理: harvestcraft:pamcarrotcake_side
结果: 不同面使用不同纹理，方向性方块
方块ID: 723, 注册名称: harvestcraft:pamcheeseCake, 未本地化名称: tile.pamcheeseCake
分析方块纹理类型:
面 0 纹理: harvestcraft:pamcheesecake_bottom
面 1 纹理: harvestcraft:pamcheesecake_top
面 2 纹理: harvestcraft:pamcheesecake_side
面 3 纹理: harvestcraft:pamcheesecake_side
面 4 纹理: harvestcraft:pamcheesecake_side
面 5 纹理: harvestcraft:pamcheesecake_side
结果: 不同面使用不同纹理，方向性方块
方块ID: 724, 注册名称: harvestcraft:pamcherrycheeseCake, 未本地化名称: tile.pamcherrycheeseCake
分析方块纹理类型:
面 0 纹理: harvestcraft:pamcherrycheesecake_bottom
面 1 纹理: harvestcraft:pamcherrycheesecake_top
面 2 纹理: harvestcraft:pamcherrycheesecake_side
面 3 纹理: harvestcraft:pamcherrycheesecake_side
面 4 纹理: harvestcraft:pamcherrycheesecake_side
面 5 纹理: harvestcraft:pamcherrycheesecake_side
结果: 不同面使用不同纹理，方向性方块
方块ID: 725, 注册名称: harvestcraft:pampineappleupsidedownCake, 未本地化名称: tile.pampineappleupsidedownCake
分析方块纹理类型:
面 0 纹理: harvestcraft:pampineappleupsidedowncake_bottom
面 1 纹理: harvestcraft:pampineappleupsidedowncake_top
面 2 纹理: harvestcraft:pampineappleupsidedowncake_side
面 3 纹理: harvestcraft:pampineappleupsidedowncake_side
面 4 纹理: harvestcraft:pampineappleupsidedowncake_side
面 5 纹理: harvestcraft:pampineappleupsidedowncake_side
结果: 不同面使用不同纹理，方向性方块
方块ID: 726, 注册名称: harvestcraft:pamchocolatesprinkleCake, 未本地化名称: tile.pamchocolatesprinkleCake
分析方块纹理类型:
面 0 纹理: harvestcraft:pamchocolatesprinklecake_bottom
面 1 纹理: harvestcraft:pamchocolatesprinklecake_top
面 2 纹理: harvestcraft:pamchocolatesprinklecake_side
面 3 纹理: harvestcraft:pamchocolatesprinklecake_side
面 4 纹理: harvestcraft:pamchocolatesprinklecake_side
面 5 纹理: harvestcraft:pamchocolatesprinklecake_side
结果: 不同面使用不同纹理，方向性方块
方块ID: 727, 注册名称: harvestcraft:pamredvelvetCake, 未本地化名称: tile.pamredvelvetCake
分析方块纹理类型:
面 0 纹理: harvestcraft:pamredvelvetcake_bottom
面 1 纹理: harvestcraft:pamredvelvetcake_top
面 2 纹理: harvestcraft:pamredvelvetcake_side
面 3 纹理: harvestcraft:pamredvelvetcake_side
面 4 纹理: harvestcraft:pamredvelvetcake_side
面 5 纹理: harvestcraft:pamredvelvetcake_side
结果: 不同面使用不同纹理，方向性方块
方块ID: 728, 注册名称: harvestcraft:pamlamingtonCake, 未本地化名称: tile.pamlamingtonCake
分析方块纹理类型:
面 0 纹理: harvestcraft:pamlamingtoncake_bottom
面 1 纹理: harvestcraft:pamlamingtoncake_top
面 2 纹理: harvestcraft:pamlamingtoncake_side
面 3 纹理: harvestcraft:pamlamingtoncake_side
面 4 纹理: harvestcraft:pamlamingtoncake_side
面 5 纹理: harvestcraft:pamlamingtoncake_side
结果: 不同面使用不同纹理，方向性方块
方块ID: 729, 注册名称: harvestcraft:pampavlovaCake, 未本地化名称: tile.pampavlovaCake
分析方块纹理类型:
面 0 纹理: harvestcraft:pampavlovacake_bottom
面 1 纹理: harvestcraft:pampavlovacake_top
面 2 纹理: harvestcraft:pampavlovacake_side
面 3 纹理: harvestcraft:pampavlovacake_side
面 4 纹理: harvestcraft:pampavlovacake_side
面 5 纹理: harvestcraft:pampavlovacake_side
结果: 不同面使用不同纹理，方向性方块
方块ID: 730, 注册名称: harvestcraft:pamholidayCake, 未本地化名称: tile.pamholidayCake
分析方块纹理类型:
面 0 纹理: harvestcraft:pamholidaycake_bottom
面 1 纹理: harvestcraft:pamholidaycake_top
面 2 纹理: harvestcraft:pamholidaycake_side
面 3 纹理: harvestcraft:pamholidaycake_side
面 4 纹理: harvestcraft:pamholidaycake_side
面 5 纹理: harvestcraft:pamholidaycake_side
结果: 不同面使用不同纹理，方向性方块
方块ID: 731, 注册名称: harvestcraft:pampumpkincheeseCake, 未本地化名称: tile.pampumpkincheeseCake
分析方块纹理类型:
面 0 纹理: harvestcraft:pampumpkincheesecake_bottom
面 1 纹理: harvestcraft:pampumpkincheesecake_top
面 2 纹理: harvestcraft:pampumpkincheesecake_side
面 3 纹理: harvestcraft:pampumpkincheesecake_side
面 4 纹理: harvestcraft:pampumpkincheesecake_side
面 5 纹理: harvestcraft:pampumpkincheesecake_side
结果: 不同面使用不同纹理，方向性方块
方块ID: 732, 注册名称: Railcraft:fluid.creosote, 未本地化名称: tile.railcraft.fluid.creosote
分析方块纹理类型:
面 0 纹理: railcraft:fluids/creosote_still
面 1 纹理: railcraft:fluids/creosote_still
面 2 纹理: railcraft:fluids/creosote_flow
面 3 纹理: railcraft:fluids/creosote_flow
面 4 纹理: railcraft:fluids/creosote_flow
面 5 纹理: railcraft:fluids/creosote_flow
结果: 不同面使用不同纹理，方向性方块
方块ID: 733, 注册名称: Railcraft:fluid.steam, 未本地化名称: tile.railcraft.fluid.steam
分析方块纹理类型:
面 0 纹理: railcraft:fluids/steam_still
面 1 纹理: railcraft:fluids/steam_still
面 2 纹理: railcraft:fluids/steam_still
面 3 纹理: railcraft:fluids/steam_still
面 4 纹理: railcraft:fluids/steam_still
面 5 纹理: railcraft:fluids/steam_still
结果: 所有面使用相同纹理，标准方块
方块ID: 734, 注册名称: Railcraft:residual.heat, 未本地化名称: tile.railcraft.residual.heat
分析方块纹理类型:
面 0 纹理: deadbush
面 1 纹理: deadbush
面 2 纹理: deadbush
面 3 纹理: deadbush
面 4 纹理: deadbush
面 5 纹理: deadbush
结果: 所有面使用相同纹理，标准方块
方块ID: 735, 注册名称: Railcraft:cube, 未本地化名称: tile.railcraft.cube
分析方块纹理类型:
面 0 纹理: railcraft:cube.coke
面 1 纹理: railcraft:cube.coke
面 2 纹理: railcraft:cube.coke
面 3 纹理: railcraft:cube.coke
面 4 纹理: railcraft:cube.coke
面 5 纹理: railcraft:cube.coke
结果: 所有面使用相同纹理，标准方块
方块ID: 736, 注册名称: Railcraft:anvil, 未本地化名称: tile.railcraft.anvil
分析方块纹理类型:
面 0 纹理: railcraft:anvil_base
面 1 纹理: railcraft:anvil_base
面 2 纹理: railcraft:anvil_base
面 3 纹理: railcraft:anvil_base
面 4 纹理: railcraft:anvil_base
面 5 纹理: railcraft:anvil_base
结果: 所有面使用相同纹理，标准方块
方块ID: 737, 注册名称: Railcraft:machine.alpha, 未本地化名称: tile.railcraft.machine.alpha
分析方块纹理类型:
面 0 纹理: railcraft:anchor.world.0
面 1 纹理: railcraft:anchor.world.0
面 2 纹理: railcraft:anchor.world.1
面 3 纹理: railcraft:anchor.world.1
面 4 纹理: railcraft:anchor.world.1
面 5 纹理: railcraft:anchor.world.1
结果: 不同面使用不同纹理，方向性方块
方块ID: 738, 注册名称: Railcraft:machine.beta, 未本地化名称: tile.railcraft.machine.beta
分析方块纹理类型:
面 0 纹理: railcraft:tank.iron.wall.0
面 1 纹理: railcraft:tank.iron.wall.0
面 2 纹理: railcraft:tank.iron.wall.1
面 3 纹理: railcraft:tank.iron.wall.1
面 4 纹理: railcraft:tank.iron.wall.1
面 5 纹理: railcraft:tank.iron.wall.1
结果: 不同面使用不同纹理，方向性方块
方块ID: 739, 注册名称: Railcraft:track, 未本地化名称: tile.railcraft.track
分析方块纹理类型:
面 0 纹理: rail_normal
面 1 纹理: rail_normal
面 2 纹理: rail_normal
面 3 纹理: rail_normal
面 4 纹理: rail_normal
面 5 纹理: rail_normal
结果: 所有面使用相同纹理，标准方块
方块ID: 740, 注册名称: Railcraft:track.elevator, 未本地化名称: tile.railcraft.track.elevator
分析方块纹理类型:
面 0 纹理: railcraft:tracks/track.elevator.1
面 1 纹理: railcraft:tracks/track.elevator.1
面 2 纹理: railcraft:tracks/track.elevator.1
面 3 纹理: railcraft:tracks/track.elevator.1
面 4 纹理: railcraft:tracks/track.elevator.1
面 5 纹理: railcraft:tracks/track.elevator.1
结果: 所有面使用相同纹理，标准方块
方块ID: 741, 注册名称: Railcraft:signal, 未本地化名称: tile.railcraft.signal
分析方块纹理类型:
面 0 纹理: railcraft:signal.box.interlock
面 1 纹理: railcraft:signal.box.interlock
面 2 纹理: railcraft:signal.box.interlock
面 3 纹理: railcraft:signal.box.interlock
面 4 纹理: railcraft:signal.box.interlock
面 5 纹理: railcraft:signal.box.interlock
结果: 所有面使用相同纹理，标准方块
方块ID: 742, 注册名称: Railcraft:stair, 未本地化名称: tile.railcraft.stair
分析方块纹理类型:
面 0 纹理: railcraft:brick.sandy.0
面 1 纹理: railcraft:brick.sandy.0
面 2 纹理: railcraft:brick.sandy.0
面 3 纹理: railcraft:brick.sandy.0
面 4 纹理: railcraft:brick.sandy.0
面 5 纹理: railcraft:brick.sandy.0
结果: 所有面使用相同纹理，标准方块
方块ID: 743, 注册名称: Railcraft:slab, 未本地化名称: tile.railcraft.slab
分析方块纹理类型:
面 0 纹理: railcraft:brick.sandy.0
面 1 纹理: railcraft:brick.sandy.0
面 2 纹理: railcraft:brick.sandy.0
面 3 纹理: railcraft:brick.sandy.0
面 4 纹理: railcraft:brick.sandy.0
面 5 纹理: railcraft:brick.sandy.0
结果: 所有面使用相同纹理，标准方块
方块ID: 744, 注册名称: Railcraft:lantern.stone, 未本地化名称: tile.railcraft.lantern.stone
分析方块纹理类型:
面 0 纹理: railcraft:brick.abyssal.2
面 1 纹理: railcraft:brick.abyssal.2
面 2 纹理: railcraft:brick.abyssal.2
面 3 纹理: railcraft:brick.abyssal.2
面 4 纹理: railcraft:brick.abyssal.2
面 5 纹理: railcraft:brick.abyssal.2
结果: 所有面使用相同纹理，标准方块
方块ID: 745, 注册名称: Railcraft:lantern.metal, 未本地化名称: tile.railcraft.lantern.metal
分析方块纹理类型:
面 0 纹理: iron_block
面 1 纹理: iron_block
面 2 纹理: iron_block
面 3 纹理: iron_block
面 4 纹理: iron_block
面 5 纹理: iron_block
结果: 所有面使用相同纹理，标准方块
方块ID: 746, 注册名称: Railcraft:brick.abyssal, 未本地化名称: tile.railcraft.brick.abyssal
分析方块纹理类型:
面 0 纹理: railcraft:brick.abyssal.0
面 1 纹理: railcraft:brick.abyssal.0
面 2 纹理: railcraft:brick.abyssal.0
面 3 纹理: railcraft:brick.abyssal.0
面 4 纹理: railcraft:brick.abyssal.0
面 5 纹理: railcraft:brick.abyssal.0
结果: 所有面使用相同纹理，标准方块
方块ID: 747, 注册名称: Railcraft:brick.bleachedbone, 未本地化名称: tile.railcraft.brick.bleachedbone
分析方块纹理类型:
面 0 纹理: railcraft:brick.bleachedbone.0
面 1 纹理: railcraft:brick.bleachedbone.0
面 2 纹理: railcraft:brick.bleachedbone.0
面 3 纹理: railcraft:brick.bleachedbone.0
面 4 纹理: railcraft:brick.bleachedbone.0
面 5 纹理: railcraft:brick.bleachedbone.0
结果: 所有面使用相同纹理，标准方块
方块ID: 748, 注册名称: Railcraft:brick.bloodstained, 未本地化名称: tile.railcraft.brick.bloodstained
分析方块纹理类型:
面 0 纹理: railcraft:brick.bloodstained.0
面 1 纹理: railcraft:brick.bloodstained.0
面 2 纹理: railcraft:brick.bloodstained.0
面 3 纹理: railcraft:brick.bloodstained.0
面 4 纹理: railcraft:brick.bloodstained.0
面 5 纹理: railcraft:brick.bloodstained.0
结果: 所有面使用相同纹理，标准方块
方块ID: 749, 注册名称: Railcraft:brick.frostbound, 未本地化名称: tile.railcraft.brick.frostbound
分析方块纹理类型:
面 0 纹理: railcraft:brick.frostbound.0
面 1 纹理: railcraft:brick.frostbound.0
面 2 纹理: railcraft:brick.frostbound.0
面 3 纹理: railcraft:brick.frostbound.0
面 4 纹理: railcraft:brick.frostbound.0
面 5 纹理: railcraft:brick.frostbound.0
结果: 所有面使用相同纹理，标准方块
方块ID: 750, 注册名称: Railcraft:brick.infernal, 未本地化名称: tile.railcraft.brick.infernal
分析方块纹理类型:
面 0 纹理: railcraft:brick.infernal.0
面 1 纹理: railcraft:brick.infernal.0
面 2 纹理: railcraft:brick.infernal.0
面 3 纹理: railcraft:brick.infernal.0
面 4 纹理: railcraft:brick.infernal.0
面 5 纹理: railcraft:brick.infernal.0
结果: 所有面使用相同纹理，标准方块
方块ID: 751, 注册名称: Railcraft:brick.quarried, 未本地化名称: tile.railcraft.brick.quarried
分析方块纹理类型:
面 0 纹理: railcraft:brick.quarried.0
面 1 纹理: railcraft:brick.quarried.0
面 2 纹理: railcraft:brick.quarried.0
面 3 纹理: railcraft:brick.quarried.0
面 4 纹理: railcraft:brick.quarried.0
面 5 纹理: railcraft:brick.quarried.0
结果: 所有面使用相同纹理，标准方块
方块ID: 752, 注册名称: Railcraft:brick.sandy, 未本地化名称: tile.railcraft.brick.sandy
分析方块纹理类型:
面 0 纹理: railcraft:brick.sandy.0
面 1 纹理: railcraft:brick.sandy.0
面 2 纹理: railcraft:brick.sandy.0
面 3 纹理: railcraft:brick.sandy.0
面 4 纹理: railcraft:brick.sandy.0
面 5 纹理: railcraft:brick.sandy.0
结果: 所有面使用相同纹理，标准方块
方块ID: 753, 注册名称: Railcraft:brick.nether, 未本地化名称: tile.railcraft.brick.nether
分析方块纹理类型:
面 0 纹理: railcraft:brick.nether.0
面 1 纹理: railcraft:brick.nether.0
面 2 纹理: railcraft:brick.nether.0
面 3 纹理: railcraft:brick.nether.0
面 4 纹理: railcraft:brick.nether.0
面 5 纹理: railcraft:brick.nether.0
结果: 所有面使用相同纹理，标准方块
方块ID: 754, 注册名称: Railcraft:post, 未本地化名称: tile.railcraft.post
分析方块纹理类型:
面 0 纹理: railcraft:post.wood
面 1 纹理: railcraft:post.wood
面 2 纹理: railcraft:post.wood
面 3 纹理: railcraft:post.wood
面 4 纹理: railcraft:post.wood
面 5 纹理: railcraft:post.wood
结果: 所有面使用相同纹理，标准方块
方块ID: 755, 注册名称: Railcraft:post.metal, 未本地化名称: tile.railcraft.post.metal
分析方块纹理类型:
面 0 纹理: railcraft:post.metal.painted.0
面 1 纹理: railcraft:post.metal.painted.0
面 2 纹理: railcraft:post.metal.painted.0
面 3 纹理: railcraft:post.metal.painted.0
面 4 纹理: railcraft:post.metal.painted.0
面 5 纹理: railcraft:post.metal.painted.0
结果: 所有面使用相同纹理，标准方块
方块ID: 756, 注册名称: Railcraft:post.metal.platform, 未本地化名称: tile.railcraft.post.metal.platform
分析方块纹理类型:
面 0 纹理: railcraft:post.metal.painted.0
面 1 纹理: railcraft:post.metal.painted.0
面 2 纹理: railcraft:post.metal.painted.0
面 3 纹理: railcraft:post.metal.painted.0
面 4 纹理: railcraft:post.metal.painted.0
面 5 纹理: railcraft:post.metal.painted.0
结果: 所有面使用相同纹理，标准方块
方块ID: 757, 注册名称: Railcraft:wall.alpha, 未本地化名称: tile.railcraft.wall.alpha
分析方块纹理类型:
面 0 纹理: railcraft:brick.infernal.0
面 1 纹理: railcraft:brick.infernal.0
面 2 纹理: railcraft:brick.infernal.0
面 3 纹理: railcraft:brick.infernal.0
面 4 纹理: railcraft:brick.infernal.0
面 5 纹理: railcraft:brick.infernal.0
结果: 所有面使用相同纹理，标准方块
方块ID: 758, 注册名称: Railcraft:wall.beta, 未本地化名称: tile.railcraft.wall.beta
分析方块纹理类型:
面 0 纹理: quartz_block_bottom
面 1 纹理: quartz_block_top
面 2 纹理: quartz_block_side
面 3 纹理: quartz_block_side
面 4 纹理: quartz_block_side
面 5 纹理: quartz_block_side
结果: 不同面使用不同纹理，方向性方块
方块ID: 759, 注册名称: Railcraft:glass, 未本地化名称: tile.railcraft.glass
分析方块纹理类型:
面 0 纹理: railcraft:glass.0
面 1 纹理: railcraft:glass.0
面 2 纹理: railcraft:glass.0
面 3 纹理: railcraft:glass.0
面 4 纹理: railcraft:glass.0
面 5 纹理: railcraft:glass.0
结果: 所有面使用相同纹理，标准方块
方块ID: 760, 注册名称: Railcraft:detector, 未本地化名称: tile.railcraft.detector
分析方块纹理类型:
面 0 纹理: railcraft:detector.item.0
面 1 纹理: railcraft:detector.item.0
面 2 纹理: railcraft:detector.item.0
面 3 纹理: railcraft:detector.item.2
面 4 纹理: railcraft:detector.item.0
面 5 纹理: railcraft:detector.item.0
结果: 不同面使用不同纹理，方向性方块
方块ID: 761, 注册名称: Railcraft:machine.gamma, 未本地化名称: tile.railcraft.machine.gamma
分析方块纹理类型:
面 0 纹理: railcraft:loader.item.2
面 1 纹理: railcraft:loader.item.0
面 2 纹理: railcraft:loader.item.1
面 3 纹理: railcraft:loader.item.1
面 4 纹理: railcraft:loader.item.1
面 5 纹理: railcraft:loader.item.1
结果: 不同面使用不同纹理，方向性方块
方块ID: 762, 注册名称: Railcraft:machine.epsilon, 未本地化名称: tile.railcraft.machine.epsilon
分析方块纹理类型:
面 0 纹理: railcraft:electric.feeder.0
面 1 纹理: railcraft:electric.feeder.0
面 2 纹理: railcraft:electric.feeder.0
面 3 纹理: railcraft:electric.feeder.0
面 4 纹理: railcraft:electric.feeder.0
面 5 纹理: railcraft:electric.feeder.0
结果: 所有面使用相同纹理，标准方块
方块ID: 763, 注册名称: Railcraft:ore, 未本地化名称: tile.railcraft.ore
分析方块纹理类型:
面 0 纹理: stone
面 1 纹理: stone
面 2 纹理: stone
面 3 纹理: stone
面 4 纹理: stone
面 5 纹理: stone
结果: 所有面使用相同纹理，标准方块
方块ID: 764, 注册名称: Railcraft:worldlogic, 未本地化名称: tile.railcraft.worldlogic
分析方块纹理类型:
面 0 纹理: bedrock
面 1 纹理: bedrock
面 2 纹理: bedrock
面 3 纹理: bedrock
面 4 纹理: bedrock
面 5 纹理: bedrock
结果: 所有面使用相同纹理，标准方块
方块ID: 765, 注册名称: Railcraft:firestone.recharge, 未本地化名称: tile.railcraft.firestone.recharge
分析方块纹理类型:
面 0 纹理: obsidian
面 1 纹理: obsidian
面 2 纹理: obsidian
面 3 纹理: obsidian
面 4 纹理: obsidian
面 5 纹理: obsidian
结果: 所有面使用相同纹理，标准方块
方块ID: 766, 注册名称: Railcraft:frame, 未本地化名称: tile.railcraft.frame
分析方块纹理类型:
面 0 纹理: railcraft:frame.1
面 1 纹理: railcraft:frame.0
面 2 纹理: railcraft:frame.1
面 3 纹理: railcraft:frame.1
面 4 纹理: railcraft:frame.1
面 5 纹理: railcraft:frame.1
结果: 不同面使用不同纹理，方向性方块
方块ID: 767, 注册名称: Railcraft:machine.delta, 未本地化名称: tile.railcraft.machine.delta
分析方块纹理类型:
面 0 纹理: railcraft:wire.0
面 1 纹理: railcraft:wire.0
面 2 纹理: railcraft:wire.0
面 3 纹理: railcraft:wire.0
面 4 纹理: railcraft:wire.0
面 5 纹理: railcraft:wire.0
结果: 所有面使用相同纹理，标准方块
方块ID: 768, 注册名称: shincolle:BlockCrane, 未本地化名称: tile.shincolle:BlockCrane
分析方块纹理类型:
面 0 纹理: shincolle:BlockCraneBtm
面 1 纹理: shincolle:BlockCraneTop
面 2 纹理: shincolle:BlockCraneSide
面 3 纹理: shincolle:BlockCraneSide
面 4 纹理: shincolle:BlockCraneSide
面 5 纹理: shincolle:BlockCraneSide
结果: 不同面使用不同纹理，方向性方块
方块ID: 769, 注册名称: shincolle:BlockDesk, 未本地化名称: tile.shincolle:BlockDesk
分析方块纹理类型:
面 0 纹理为null
面 1 纹理为null
面 2 纹理为null
面 3 纹理为null
面 4 纹理为null
面 5 纹理为null
结果: 所有面纹理均为null，可能使用完全自定义渲染
方块ID: 770, 注册名称: shincolle:BlockFrame, 未本地化名称: tile.shincolle:BlockFrame
分析方块纹理类型:
面 0 纹理: shincolle:BlockFrameTop
面 1 纹理: shincolle:BlockFrameTop
面 2 纹理: shincolle:BlockFrame2
面 3 纹理: shincolle:BlockFrame3
面 4 纹理: shincolle:BlockFrame4
面 5 纹理: shincolle:BlockFrame5
结果: 不同面使用不同纹理，方向性方块
方块ID: 771, 注册名称: shincolle:BlockLightAir, 未本地化名称: tile.shincolle:BlockLightAir
分析方块纹理类型:
面 0 纹理为null
面 1 纹理为null
面 2 纹理为null
面 3 纹理为null
面 4 纹理为null
面 5 纹理为null
结果: 所有面纹理均为null，可能使用完全自定义渲染
方块ID: 772, 注册名称: shincolle:BlockLightLiquid, 未本地化名称: tile.shincolle:null
分析方块纹理类型:
面 0 纹理: water_still
面 1 纹理: water_still
面 2 纹理: water_flow
面 3 纹理: water_flow
面 4 纹理: water_flow
面 5 纹理: water_flow
结果: 不同面使用不同纹理，方向性方块
方块ID: 773, 注册名称: shincolle:BlockPolymetalOre, 未本地化名称: tile.shincolle:BlockPolymetalOre
分析方块纹理类型:
面 0 纹理: shincolle:BlockPolymetalOre
面 1 纹理: shincolle:BlockPolymetalOre
面 2 纹理: shincolle:BlockPolymetalOre
面 3 纹理: shincolle:BlockPolymetalOre
面 4 纹理: shincolle:BlockPolymetalOre
面 5 纹理: shincolle:BlockPolymetalOre
结果: 所有面使用相同纹理，标准方块
方块ID: 774, 注册名称: shincolle:BlockSmallShipyard, 未本地化名称: tile.shincolle:BlockSmallShipyard
分析方块纹理类型:
面 0 纹理为null
面 1 纹理为null
面 2 纹理为null
面 3 纹理为null
面 4 纹理为null
面 5 纹理为null
结果: 所有面纹理均为null，可能使用完全自定义渲染
方块ID: 775, 注册名称: shincolle:BlockVolBlock, 未本地化名称: tile.shincolle:BlockVolBlock
分析方块纹理类型:
面 0 纹理: shincolle:BlockVolCore
面 1 纹理: shincolle:BlockVolCore
面 2 纹理: shincolle:BlockVolCore
面 3 纹理: shincolle:BlockVolCore
面 4 纹理: shincolle:BlockVolCore
面 5 纹理: shincolle:BlockVolCore
结果: 所有面使用相同纹理，标准方块
方块ID: 776, 注册名称: shincolle:BlockVolCore, 未本地化名称: tile.shincolle:BlockVolCore
分析方块纹理类型:
面 0 纹理: shincolle:BlockVolCore
面 1 纹理: shincolle:BlockVolCore
面 2 纹理: shincolle:BlockVolCore
面 3 纹理: shincolle:BlockVolCore
面 4 纹理: shincolle:BlockVolCore
面 5 纹理: shincolle:BlockVolCore
结果: 所有面使用相同纹理，标准方块
方块ID: 777, 注册名称: shincolle:BlockLightFluid, 未本地化名称: tile.shincolle:BlockBasicFluid
分析方块纹理类型:
面 0 纹理: water_still
面 1 纹理: water_still
面 2 纹理: water_flow
面 3 纹理: water_flow
面 4 纹理: water_flow
面 5 纹理: water_flow
结果: 不同面使用不同纹理，方向性方块
方块ID: 778, 注册名称: shincolle:BlockAbyssium, 未本地化名称: tile.shincolle:BlockAbyssium
分析方块纹理类型:
面 0 纹理: shincolle:BlockAbyssium
面 1 纹理: shincolle:BlockAbyssium
面 2 纹理: shincolle:BlockAbyssium
面 3 纹理: shincolle:BlockAbyssium
面 4 纹理: shincolle:BlockAbyssium
面 5 纹理: shincolle:BlockAbyssium
结果: 所有面使用相同纹理，标准方块
方块ID: 779, 注册名称: shincolle:BlockGrudge, 未本地化名称: tile.shincolle:BlockGrudge
分析方块纹理类型:
面 0 纹理: shincolle:BlockGrudge
面 1 纹理: shincolle:BlockGrudge
面 2 纹理: shincolle:BlockGrudge
面 3 纹理: shincolle:BlockGrudge
面 4 纹理: shincolle:BlockGrudge
面 5 纹理: shincolle:BlockGrudge
结果: 所有面使用相同纹理，标准方块
方块ID: 780, 注册名称: shincolle:BlockPolymetal, 未本地化名称: tile.shincolle:BlockPolymetal
分析方块纹理类型:
面 0 纹理: shincolle:BlockPolymetal
面 1 纹理: shincolle:BlockPolymetal
面 2 纹理: shincolle:BlockPolymetal
面 3 纹理: shincolle:BlockPolymetal
面 4 纹理: shincolle:BlockPolymetal
面 5 纹理: shincolle:BlockPolymetal
结果: 所有面使用相同纹理，标准方块
方块ID: 781, 注册名称: shincolle:BlockPolymetalGravel, 未本地化名称: tile.shincolle:BlockPolymetalGravel
分析方块纹理类型:
面 0 纹理: shincolle:BlockPolymetalGravel
面 1 纹理: shincolle:BlockPolymetalGravel
面 2 纹理: shincolle:BlockPolymetalGravel
面 3 纹理: shincolle:BlockPolymetalGravel
面 4 纹理: shincolle:BlockPolymetalGravel
面 5 纹理: shincolle:BlockPolymetalGravel
结果: 所有面使用相同纹理，标准方块
方块ID: 782, 注册名称: shincolle:BlockGrudgeHeavy, 未本地化名称: tile.shincolle:BlockGrudgeHeavy
分析方块纹理类型:
面 0 纹理: shincolle:BlockGrudgeHeavy
面 1 纹理: shincolle:BlockGrudgeHeavy
面 2 纹理: shincolle:BlockGrudgeHeavy
面 3 纹理: shincolle:BlockGrudgeHeavy
面 4 纹理: shincolle:BlockGrudgeHeavy
面 5 纹理: shincolle:BlockGrudgeHeavy
结果: 所有面使用相同纹理，标准方块
方块ID: 783, 注册名称: shincolle:BlockWaypoint, 未本地化名称: tile.shincolle:BlockWaypoint
分析方块纹理类型:
面 0 纹理: shincolle:BlockWaypoint
面 1 纹理: shincolle:BlockWaypoint
面 2 纹理: shincolle:BlockWaypoint
面 3 纹理: shincolle:BlockWaypoint
面 4 纹理: shincolle:BlockWaypoint
面 5 纹理: shincolle:BlockWaypoint
结果: 所有面使用相同纹理，标准方块
方块ID: 784, 注册名称: THKaguyaMod:Danmaku Crafting Table, 未本地化名称: tile.danmakuCraftingTable
分析方块纹理类型:
面 0 纹理: thkaguyamod:danmaku_crafting_table
面 1 纹理: thkaguyamod:danmaku_crafting_table
面 2 纹理: thkaguyamod:danmaku_crafting_table
面 3 纹理: thkaguyamod:danmaku_crafting_table
面 4 纹理: thkaguyamod:danmaku_crafting_table
面 5 纹理: thkaguyamod:danmaku_crafting_table
结果: 所有面使用相同纹理，标准方块
方块ID: 785, 注册名称: THKaguyaMod:Divine Spirit, 未本地化名称: tile.divineSpirit
分析方块纹理类型:
面 0 纹理: thkaguyamod:divineSpirit_Red
面 1 纹理: thkaguyamod:divineSpirit_Red
面 2 纹理: thkaguyamod:divineSpirit_Red
面 3 纹理: thkaguyamod:divineSpirit_Red
面 4 纹理: thkaguyamod:divineSpirit_Red
面 5 纹理: thkaguyamod:divineSpirit_Red
结果: 所有面使用相同纹理，标准方块
方块ID: 786, 注册名称: TwilightForest:tile.TFLog, 未本地化名称: tile.TFLog
分析方块纹理类型:
面 0 纹理: TwilightForest:oak_top
面 1 纹理: TwilightForest:oak_top
面 2 纹理: TwilightForest:oak_side
面 3 纹理: TwilightForest:oak_side
面 4 纹理: TwilightForest:oak_side
面 5 纹理: TwilightForest:oak_side
结果: 不同面使用不同纹理，方向性方块
方块ID: 787, 注册名称: TwilightForest:tile.TFRoots, 未本地化名称: tile.TFRoots
分析方块纹理类型:
面 0 纹理: TwilightForest:rootblock
面 1 纹理: TwilightForest:rootblock
面 2 纹理: TwilightForest:rootblock
面 3 纹理: TwilightForest:rootblock
面 4 纹理: TwilightForest:rootblock
面 5 纹理: TwilightForest:rootblock
结果: 所有面使用相同纹理，标准方块
方块ID: 788, 注册名称: TwilightForest:tile.TFLeaves, 未本地化名称: tile.TFLeaves
分析方块纹理类型:
面 0 纹理: leaves_oak
面 1 纹理: leaves_oak
面 2 纹理: leaves_oak
面 3 纹理: leaves_oak
面 4 纹理: leaves_oak
面 5 纹理: leaves_oak
结果: 所有面使用相同纹理，标准方块
方块ID: 789, 注册名称: TwilightForest:tile.TFFirefly, 未本地化名称: tile.TFFirefly
分析方块纹理类型:
面 0 纹理: TwilightForest:TFFirefly
面 1 纹理: TwilightForest:TFFirefly
面 2 纹理: TwilightForest:TFFirefly
面 3 纹理: TwilightForest:TFFirefly
面 4 纹理: TwilightForest:TFFirefly
面 5 纹理: TwilightForest:TFFirefly
结果: 所有面使用相同纹理，标准方块
方块ID: 790, 注册名称: TwilightForest:tile.TFCicada, 未本地化名称: tile.TFCicada
分析方块纹理类型:
面 0 纹理: TwilightForest:TFCicada
面 1 纹理: TwilightForest:TFCicada
面 2 纹理: TwilightForest:TFCicada
面 3 纹理: TwilightForest:TFCicada
面 4 纹理: TwilightForest:TFCicada
面 5 纹理: TwilightForest:TFCicada
结果: 所有面使用相同纹理，标准方块
方块ID: 791, 注册名称: TwilightForest:tile.TFPortal, 未本地化名称: tile.TFPortal
分析方块纹理类型:
面 0 纹理: portal
面 1 纹理: portal
面 2 纹理: portal
面 3 纹理: portal
面 4 纹理: portal
面 5 纹理: portal
结果: 所有面使用相同纹理，标准方块
方块ID: 792, 注册名称: TwilightForest:tile.TFMazestone, 未本地化名称: tile.TFMazestone
分析方块纹理类型:
面 0 纹理: TwilightForest:mazestone_plain
面 1 纹理: TwilightForest:mazestone_plain
面 2 纹理: TwilightForest:mazestone_plain
面 3 纹理: TwilightForest:mazestone_plain
面 4 纹理: TwilightForest:mazestone_plain
面 5 纹理: TwilightForest:mazestone_plain
结果: 所有面使用相同纹理，标准方块
方块ID: 793, 注册名称: TwilightForest:tile.TFHedge, 未本地化名称: tile.TFHedge
分析方块纹理类型:
面 0 纹理: TwilightForest:hedge
面 1 纹理: TwilightForest:hedge
面 2 纹理: TwilightForest:hedge
面 3 纹理: TwilightForest:hedge
面 4 纹理: TwilightForest:hedge
面 5 纹理: TwilightForest:hedge
结果: 所有面使用相同纹理，标准方块
方块ID: 794, 注册名称: TwilightForest:tile.TFBossSpawner, 未本地化名称: tile.TFBossSpawner
分析方块纹理类型:
面 0 纹理: mob_spawner
面 1 纹理: mob_spawner
面 2 纹理: mob_spawner
面 3 纹理: mob_spawner
面 4 纹理: mob_spawner
面 5 纹理: mob_spawner
结果: 所有面使用相同纹理，标准方块
方块ID: 795, 注册名称: TwilightForest:tile.TFFireflyJar, 未本地化名称: tile.TFFireflyJar
分析方块纹理类型:
面 0 纹理: TwilightForest:fireflyjar_top
面 1 纹理: TwilightForest:fireflyjar_top
面 2 纹理: TwilightForest:fireflyjar_side
面 3 纹理: TwilightForest:fireflyjar_side
面 4 纹理: TwilightForest:fireflyjar_side
面 5 纹理: TwilightForest:fireflyjar_side
结果: 不同面使用不同纹理，方向性方块
方块ID: 796, 注册名称: TwilightForest:tile.TFPlant, 未本地化名称: tile.TFPlant
分析方块纹理类型:
面 0 纹理为null
面 1 纹理为null
面 2 纹理为null
面 3 纹理为null
面 4 纹理为null
面 5 纹理为null
结果: 所有面纹理均为null，可能使用完全自定义渲染
方块ID: 797, 注册名称: TwilightForest:tile.TFUncraftingTable, 未本地化名称: tile.TFUncraftingTable
分析方块纹理类型:
面 0 纹理: TwilightForest:uncrafting_side
面 1 纹理: TwilightForest:uncrafting_top
面 2 纹理: TwilightForest:uncrafting_side
面 3 纹理: TwilightForest:uncrafting_side
面 4 纹理: TwilightForest:uncrafting_side
面 5 纹理: TwilightForest:uncrafting_side
结果: 不同面使用不同纹理，方向性方块
方块ID: 798, 注册名称: TwilightForest:tile.TFFireJet, 未本地化名称: tile.TFFireJet
分析方块纹理类型:
面 0 纹理: TwilightForest:firejet_side
面 1 纹理: TwilightForest:firejet_top
面 2 纹理: TwilightForest:firejet_side
面 3 纹理: TwilightForest:firejet_side
面 4 纹理: TwilightForest:firejet_side
面 5 纹理: TwilightForest:firejet_side
结果: 不同面使用不同纹理，方向性方块
方块ID: 799, 注册名称: TwilightForest:tile.TFNagastone, 未本地化名称: tile.TFNagastone
分析方块纹理类型:
面 0 纹理: TwilightForest:nagastone_bottom_tip
面 1 纹理: TwilightForest:nagastone_top_tip
面 2 纹理: TwilightForest:nagastone_face_front
面 3 纹理: TwilightForest:nagastone_cross_section
面 4 纹理: TwilightForest:nagastone_face_left
面 5 纹理: TwilightForest:nagastone_face_left
结果: 不同面使用不同纹理，方向性方块
方块ID: 800, 注册名称: TwilightForest:tile.TFSapling, 未本地化名称: tile.TFSapling
分析方块纹理类型:
面 0 纹理: TwilightForest:sapling_oak
面 1 纹理: TwilightForest:sapling_oak
面 2 纹理: TwilightForest:sapling_oak
面 3 纹理: TwilightForest:sapling_oak
面 4 纹理: TwilightForest:sapling_oak
面 5 纹理: TwilightForest:sapling_oak
结果: 所有面使用相同纹理，标准方块
方块ID: 801, 注册名称: TwilightForest:tile.TFMoonworm, 未本地化名称: tile.TFMoonworm
分析方块纹理类型:
面 0 纹理: TwilightForest:TFMoonworm
面 1 纹理: TwilightForest:TFMoonworm
面 2 纹理: TwilightForest:TFMoonworm
面 3 纹理: TwilightForest:TFMoonworm
面 4 纹理: TwilightForest:TFMoonworm
面 5 纹理: TwilightForest:TFMoonworm
结果: 所有面使用相同纹理，标准方块
方块ID: 802, 注册名称: TwilightForest:tile.TFMagicLog, 未本地化名称: tile.TFMagicLog
分析方块纹理类型:
面 0 纹理: TwilightForest:time_section
面 1 纹理: TwilightForest:time_section
面 2 纹理: TwilightForest:time_side
面 3 纹理: TwilightForest:time_side
面 4 纹理: TwilightForest:time_side
面 5 纹理: TwilightForest:time_side
结果: 不同面使用不同纹理，方向性方块
方块ID: 803, 注册名称: TwilightForest:tile.TFMagicLeaves, 未本地化名称: tile.TFMagicLeaves
分析方块纹理类型:
面 0 纹理: TwilightForest:time_leaves
面 1 纹理: TwilightForest:time_leaves
面 2 纹理: TwilightForest:time_leaves
面 3 纹理: TwilightForest:time_leaves
面 4 纹理: TwilightForest:time_leaves
面 5 纹理: TwilightForest:time_leaves
结果: 所有面使用相同纹理，标准方块
方块ID: 804, 注册名称: TwilightForest:tile.TFMagicLogSpecial, 未本地化名称: tile.TFMagicLogSpecial
分析方块纹理类型:
面 0 纹理: TwilightForest:time_section
面 1 纹理: TwilightForest:time_section
面 2 纹理: TwilightForest:time_clock
面 3 纹理: TwilightForest:time_clock
面 4 纹理: TwilightForest:time_clock
面 5 纹理: TwilightForest:time_clock
结果: 不同面使用不同纹理，方向性方块
方块ID: 805, 注册名称: TwilightForest:tile.TFTowerStone, 未本地化名称: tile.TFTowerStone
分析方块纹理类型:
面 0 纹理: TwilightForest:towerwood_planks
面 1 纹理: TwilightForest:towerwood_planks
面 2 纹理: TwilightForest:towerwood_planks
面 3 纹理: TwilightForest:towerwood_planks
面 4 纹理: TwilightForest:towerwood_planks
面 5 纹理: TwilightForest:towerwood_planks
结果: 所有面使用相同纹理，标准方块
方块ID: 806, 注册名称: TwilightForest:tile.TFTowerDevice, 未本地化名称: tile.TFTowerDevice
分析方块纹理类型:
面 0 纹理: TwilightForest:towerdev_reappearing_off
面 1 纹理: TwilightForest:towerdev_reappearing_off
面 2 纹理: TwilightForest:towerdev_reappearing_off
面 3 纹理: TwilightForest:towerdev_reappearing_off
面 4 纹理: TwilightForest:towerdev_reappearing_off
面 5 纹理: TwilightForest:towerdev_reappearing_off
结果: 所有面使用相同纹理，标准方块
方块ID: 807, 注册名称: TwilightForest:tile.TFTowerTranslucent, 未本地化名称: tile.TFTowerTranslucent
分析方块纹理类型:
面 0 纹理: TwilightForest:towerdev_reappearing_trace_off
面 1 纹理: TwilightForest:towerdev_reappearing_trace_off
面 2 纹理: TwilightForest:towerdev_reappearing_trace_off
面 3 纹理: TwilightForest:towerdev_reappearing_trace_off
面 4 纹理: TwilightForest:towerdev_reappearing_trace_off
面 5 纹理: TwilightForest:towerdev_reappearing_trace_off
结果: 所有面使用相同纹理，标准方块
方块ID: 808, 注册名称: TwilightForest:tile.TFTrophy, 未本地化名称: tile.TFTrophy
分析方块纹理类型:
面 0 纹理: soul_sand
面 1 纹理: soul_sand
面 2 纹理: soul_sand
面 3 纹理: soul_sand
面 4 纹理: soul_sand
面 5 纹理: soul_sand
结果: 所有面使用相同纹理，标准方块
方块ID: 809, 注册名称: TwilightForest:tile.TFShield, 未本地化名称: tile.TFShield
分析方块纹理类型:
面 0 纹理: TwilightForest:shield_inside
面 1 纹理: TwilightForest:shield_outside
面 2 纹理: TwilightForest:shield_outside
面 3 纹理: TwilightForest:shield_outside
面 4 纹理: TwilightForest:shield_outside
面 5 纹理: TwilightForest:shield_outside
结果: 不同面使用不同纹理，方向性方块
方块ID: 810, 注册名称: TwilightForest:tile.TFTrophyPedestal, 未本地化名称: tile.TFTrophyPedestal
分析方块纹理类型:
面 0 纹理: TwilightForest:pedestal_top
面 1 纹理: TwilightForest:pedestal_top
面 2 纹理: TwilightForest:pedestal_naga
面 3 纹理: TwilightForest:pedestal_lich
面 4 纹理: TwilightForest:pedestal_hydra
面 5 纹理: TwilightForest:pedestal_urghast
结果: 不同面使用不同纹理，方向性方块
方块ID: 811, 注册名称: TwilightForest:tile.TFAuroraBrick, 未本地化名称: tile.TFAuroraBrick
分析方块纹理类型:
面 0 纹理: TwilightForest:aurorabrick0
面 1 纹理: TwilightForest:aurorabrick0
面 2 纹理: TwilightForest:aurorabrick0
面 3 纹理: TwilightForest:aurorabrick0
面 4 纹理: TwilightForest:aurorabrick0
面 5 纹理: TwilightForest:aurorabrick0
结果: 所有面使用相同纹理，标准方块
方块ID: 812, 注册名称: TwilightForest:tile.TFUnderBrick, 未本地化名称: tile.TFUnderBrick
分析方块纹理类型:
面 0 纹理: TwilightForest:knightbrick
面 1 纹理: TwilightForest:knightbrick
面 2 纹理: TwilightForest:knightbrick
面 3 纹理: TwilightForest:knightbrick
面 4 纹理: TwilightForest:knightbrick
面 5 纹理: TwilightForest:knightbrick
结果: 所有面使用相同纹理，标准方块
方块ID: 813, 注册名称: TwilightForest:tile.TFThorns, 未本地化名称: tile.TFThorns
分析方块纹理类型:
面 0 纹理: TwilightForest:brown_thorns_top
面 1 纹理: TwilightForest:brown_thorns_top
面 2 纹理: TwilightForest:brown_thorns_side
面 3 纹理: TwilightForest:brown_thorns_side
面 4 纹理: TwilightForest:brown_thorns_side
面 5 纹理: TwilightForest:brown_thorns_side
结果: 不同面使用不同纹理，方向性方块
方块ID: 814, 注册名称: TwilightForest:tile.TFBurntThorns, 未本地化名称: tile.TFBurntThorns
分析方块纹理类型:
面 0 纹理: TwilightForest:burnt_thorns_top
面 1 纹理: TwilightForest:burnt_thorns_top
面 2 纹理: TwilightForest:burnt_thorns_side
面 3 纹理: TwilightForest:burnt_thorns_side
面 4 纹理: TwilightForest:burnt_thorns_side
面 5 纹理: TwilightForest:burnt_thorns_side
结果: 不同面使用不同纹理，方向性方块
方块ID: 815, 注册名称: TwilightForest:tile.TFThornRose, 未本地化名称: tile.TFThornRose
分析方块纹理类型:
面 0 纹理: TwilightForest:thornRose
面 1 纹理: TwilightForest:thornRose
面 2 纹理: TwilightForest:thornRose
面 3 纹理: TwilightForest:thornRose
面 4 纹理: TwilightForest:thornRose
面 5 纹理: TwilightForest:thornRose
结果: 所有面使用相同纹理，标准方块
方块ID: 816, 注册名称: TwilightForest:tile.TFLeaves3, 未本地化名称: tile.TFLeaves3
分析方块纹理类型:
面 0 纹理: leaves_oak
面 1 纹理: leaves_oak
面 2 纹理: leaves_oak
面 3 纹理: leaves_oak
面 4 纹理: leaves_oak
面 5 纹理: leaves_oak
结果: 所有面使用相同纹理，标准方块
方块ID: 817, 注册名称: TwilightForest:tile.TFDeadrock, 未本地化名称: tile.TFDeadrock
分析方块纹理类型:
面 0 纹理: TwilightForest:deadrock_surface
面 1 纹理: TwilightForest:deadrock_surface
面 2 纹理: TwilightForest:deadrock_surface
面 3 纹理: TwilightForest:deadrock_surface
面 4 纹理: TwilightForest:deadrock_surface
面 5 纹理: TwilightForest:deadrock_surface
结果: 所有面使用相同纹理，标准方块
方块ID: 818, 注册名称: TwilightForest:tile.DarkLeaves, 未本地化名称: tile.DarkLeaves
分析方块纹理类型:
面 0 纹理: TwilightForest:darkwood_leaves2
面 1 纹理: TwilightForest:darkwood_leaves2
面 2 纹理: TwilightForest:darkwood_leaves2
面 3 纹理: TwilightForest:darkwood_leaves2
面 4 纹理: TwilightForest:darkwood_leaves2
面 5 纹理: TwilightForest:darkwood_leaves2
结果: 所有面使用相同纹理，标准方块
方块ID: 819, 注册名称: TwilightForest:tile.AuroraPillar, 未本地化名称: tile.AuroraPillar
分析方块纹理类型:
面 0 纹理: TwilightForest:aurora_pillar_top
面 1 纹理: TwilightForest:aurora_pillar_top
面 2 纹理: TwilightForest:aurora_pillar_side
面 3 纹理: TwilightForest:aurora_pillar_side
面 4 纹理: TwilightForest:aurora_pillar_side
面 5 纹理: TwilightForest:aurora_pillar_side
结果: 不同面使用不同纹理，方向性方块
方块ID: 820, 注册名称: TwilightForest:tile.AuroraSlab, 未本地化名称: tile.AuroraSlab
分析方块纹理类型:
面 0 纹理: TwilightForest:aurora_pillar_top
面 1 纹理: TwilightForest:aurora_pillar_top
面 2 纹理: TwilightForest:aurora_slab_side
面 3 纹理: TwilightForest:aurora_slab_side
面 4 纹理: TwilightForest:aurora_slab_side
面 5 纹理: TwilightForest:aurora_slab_side
结果: 不同面使用不同纹理，方向性方块
方块ID: 821, 注册名称: TwilightForest:tile.AuroraDoubleSlab, 未本地化名称: tile.AuroraDoubleSlab
分析方块纹理类型:
面 0 纹理: TwilightForest:aurora_pillar_top
面 1 纹理: TwilightForest:aurora_pillar_top
面 2 纹理: TwilightForest:aurora_slab_side
面 3 纹理: TwilightForest:aurora_slab_side
面 4 纹理: TwilightForest:aurora_slab_side
面 5 纹理: TwilightForest:aurora_slab_side
结果: 不同面使用不同纹理，方向性方块
方块ID: 822, 注册名称: TwilightForest:tile.TrollSteinn, 未本地化名称: tile.TrollSteinn
分析方块纹理类型:
面 0 纹理: TwilightForest:trollsteinn
面 1 纹理: TwilightForest:trollsteinn
面 2 纹理: TwilightForest:trollsteinn
面 3 纹理: TwilightForest:trollsteinn
面 4 纹理: TwilightForest:trollsteinn
面 5 纹理: TwilightForest:trollsteinn
结果: 所有面使用相同纹理，标准方块
方块ID: 823, 注册名称: TwilightForest:tile.WispyCloud, 未本地化名称: tile.WispyCloud
分析方块纹理类型:
面 0 纹理: TwilightForest:wispy_cloud
面 1 纹理: TwilightForest:wispy_cloud
面 2 纹理: TwilightForest:wispy_cloud
面 3 纹理: TwilightForest:wispy_cloud
面 4 纹理: TwilightForest:wispy_cloud
面 5 纹理: TwilightForest:wispy_cloud
结果: 所有面使用相同纹理，标准方块
方块ID: 824, 注册名称: TwilightForest:tile.FluffyCloud, 未本地化名称: tile.FluffyCloud
分析方块纹理类型:
面 0 纹理: TwilightForest:fluffy_cloud
面 1 纹理: TwilightForest:fluffy_cloud
面 2 纹理: TwilightForest:fluffy_cloud
面 3 纹理: TwilightForest:fluffy_cloud
面 4 纹理: TwilightForest:fluffy_cloud
面 5 纹理: TwilightForest:fluffy_cloud
结果: 所有面使用相同纹理，标准方块
方块ID: 825, 注册名称: TwilightForest:tile.GiantCobble, 未本地化名称: tile.GiantCobble
分析方块纹理类型:
面 0 纹理: cobblestone
面 1 纹理: cobblestone
面 2 纹理: cobblestone
面 3 纹理: cobblestone
面 4 纹理: cobblestone
面 5 纹理: cobblestone
结果: 不同面使用不同纹理，方向性方块
方块ID: 826, 注册名称: TwilightForest:tile.GiantLog, 未本地化名称: tile.GiantLog
分析方块纹理类型:
面 0 纹理: log_oak_top
面 1 纹理: log_oak_top
面 2 纹理: log_oak
面 3 纹理: log_oak
面 4 纹理: log_oak
面 5 纹理: log_oak
结果: 不同面使用不同纹理，方向性方块
方块ID: 827, 注册名称: TwilightForest:tile.GiantLeaves, 未本地化名称: tile.GiantLeaves
分析方块纹理类型:
面 0 纹理: leaves_oak
面 1 纹理: leaves_oak
面 2 纹理: leaves_oak
面 3 纹理: leaves_oak
面 4 纹理: leaves_oak
面 5 纹理: leaves_oak
结果: 不同面使用不同纹理，方向性方块
方块ID: 828, 注册名称: TwilightForest:tile.GiantObsidian, 未本地化名称: tile.GiantObsidian
分析方块纹理类型:
面 0 纹理: obsidian
面 1 纹理: obsidian
面 2 纹理: obsidian
面 3 纹理: obsidian
面 4 纹理: obsidian
面 5 纹理: obsidian
结果: 不同面使用不同纹理，方向性方块
方块ID: 829, 注册名称: TwilightForest:tile.UberousSoil, 未本地化名称: tile.UberousSoil
分析方块纹理类型:
面 0 纹理: TwilightForest:uberous_soil
面 1 纹理: TwilightForest:uberous_soil
面 2 纹理: TwilightForest:uberous_soil
面 3 纹理: TwilightForest:uberous_soil
面 4 纹理: TwilightForest:uberous_soil
面 5 纹理: TwilightForest:uberous_soil
结果: 所有面使用相同纹理，标准方块
方块ID: 830, 注册名称: TwilightForest:tile.HugeStalk, 未本地化名称: tile.HugeStalk
分析方块纹理类型:
面 0 纹理: TwilightForest:huge_stalk_top
面 1 纹理: TwilightForest:huge_stalk_top
面 2 纹理: TwilightForest:huge_stalk
面 3 纹理: TwilightForest:huge_stalk
面 4 纹理: TwilightForest:huge_stalk
面 5 纹理: TwilightForest:huge_stalk
结果: 不同面使用不同纹理，方向性方块
方块ID: 831, 注册名称: TwilightForest:tile.HugeGloomBlock, 未本地化名称: tile.HugeGloomBlock
分析方块纹理类型:
面 0 纹理: TwilightForest:huge_gloom_inside
面 1 纹理: TwilightForest:huge_gloom_inside
面 2 纹理: TwilightForest:huge_gloom_inside
面 3 纹理: TwilightForest:huge_gloom_inside
面 4 纹理: TwilightForest:huge_gloom_inside
面 5 纹理: TwilightForest:huge_gloom_inside
结果: 所有面使用相同纹理，标准方块
方块ID: 832, 注册名称: TwilightForest:tile.TrollVidr, 未本地化名称: tile.TrollVidr
分析方块纹理类型:
面 0 纹理: TwilightForest:troll_root
面 1 纹理: TwilightForest:troll_root
面 2 纹理: TwilightForest:troll_root
面 3 纹理: TwilightForest:troll_root
面 4 纹理: TwilightForest:troll_root
面 5 纹理: TwilightForest:troll_root
结果: 所有面使用相同纹理，标准方块
方块ID: 833, 注册名称: TwilightForest:tile.UnripeTrollBer, 未本地化名称: tile.UnripeTrollBer
分析方块纹理类型:
面 0 纹理: TwilightForest:unripe_torch_cluster
面 1 纹理: TwilightForest:unripe_torch_cluster
面 2 纹理: TwilightForest:unripe_torch_cluster
面 3 纹理: TwilightForest:unripe_torch_cluster
面 4 纹理: TwilightForest:unripe_torch_cluster
面 5 纹理: TwilightForest:unripe_torch_cluster
结果: 所有面使用相同纹理，标准方块
方块ID: 834, 注册名称: TwilightForest:tile.TrollBer, 未本地化名称: tile.TrollBer
分析方块纹理类型:
面 0 纹理: TwilightForest:ripe_torch_cluster
面 1 纹理: TwilightForest:ripe_torch_cluster
面 2 纹理: TwilightForest:ripe_torch_cluster
面 3 纹理: TwilightForest:ripe_torch_cluster
面 4 纹理: TwilightForest:ripe_torch_cluster
面 5 纹理: TwilightForest:ripe_torch_cluster
结果: 所有面使用相同纹理，标准方块
方块ID: 835, 注册名称: TwilightForest:tile.KnightmetalBlock, 未本地化名称: tile.KnightmetalBlock
分析方块纹理类型:
面 0 纹理: TwilightForest:knightmetal_block
面 1 纹理: TwilightForest:knightmetal_block
面 2 纹理: TwilightForest:knightmetal_block
面 3 纹理: TwilightForest:knightmetal_block
面 4 纹理: TwilightForest:knightmetal_block
面 5 纹理: TwilightForest:knightmetal_block
结果: 所有面使用相同纹理，标准方块
方块ID: 836, 注册名称: TwilightForest:tile.HugeLilyPad, 未本地化名称: tile.HugeLilyPad
分析方块纹理类型:
面 0 纹理: TwilightForest:huge_lilypad_0
面 1 纹理: TwilightForest:huge_lilypad_0
面 2 纹理: TwilightForest:blank
面 3 纹理: TwilightForest:blank
面 4 纹理: TwilightForest:blank
面 5 纹理: TwilightForest:blank
结果: 不同面使用不同纹理，方向性方块
方块ID: 837, 注册名称: TwilightForest:tile.HugeWaterLily, 未本地化名称: tile.HugeWaterLily
分析方块纹理类型:
面 0 纹理: TwilightForest:huge_waterlily
面 1 纹理: TwilightForest:huge_waterlily
面 2 纹理: TwilightForest:huge_waterlily
面 3 纹理: TwilightForest:huge_waterlily
面 4 纹理: TwilightForest:huge_waterlily
面 5 纹理: TwilightForest:huge_waterlily
结果: 所有面使用相同纹理，标准方块
方块ID: 838, 注册名称: TwilightForest:tile.Slider, 未本地化名称: tile.Slider
分析方块纹理类型:
面 0 纹理: TwilightForest:slider_top
面 1 纹理: TwilightForest:slider_top
面 2 纹理: TwilightForest:slider_v
面 3 纹理: TwilightForest:slider_v
面 4 纹理: TwilightForest:slider_v
面 5 纹理: TwilightForest:slider_v
结果: 不同面使用不同纹理，方向性方块
方块ID: 839, 注册名称: TwilightForest:tile.CastleBrick, 未本地化名称: tile.CastleBrick
分析方块纹理类型:
面 0 纹理: TwilightForest:castleblock_brick
面 1 纹理: TwilightForest:castleblock_brick
面 2 纹理: TwilightForest:castleblock_brick
面 3 纹理: TwilightForest:castleblock_brick
面 4 纹理: TwilightForest:castleblock_brick
面 5 纹理: TwilightForest:castleblock_brick
结果: 所有面使用相同纹理，标准方块
方块ID: 840, 注册名称: TwilightForest:tile.CastleMagic, 未本地化名称: tile.CastleMagic
分析方块纹理类型:
面 0 纹理: TwilightForest:castleblock_brick
面 1 纹理: TwilightForest:castleblock_brick
面 2 纹理: TwilightForest:castleblock_brick
面 3 纹理: TwilightForest:castleblock_brick
面 4 纹理: TwilightForest:castleblock_brick
面 5 纹理: TwilightForest:castleblock_brick
结果: 所有面使用相同纹理，标准方块
方块ID: 841, 注册名称: TwilightForest:tile.ForceField, 未本地化名称: tile.ForceField
分析方块纹理类型:
面 0 纹理: TwilightForest:forcefield_purple
面 1 纹理: TwilightForest:forcefield_purple
面 2 纹理: TwilightForest:forcefield_purple
面 3 纹理: TwilightForest:forcefield_purple
面 4 纹理: TwilightForest:forcefield_purple
面 5 纹理: TwilightForest:forcefield_purple
结果: 所有面使用相同纹理，标准方块
方块ID: 842, 注册名称: TacticalFrame:guncraft, 未本地化名称: tile.guncraft
分析方块纹理类型:
面 0 纹理: tf:guncraft
面 1 纹理: tf:guncraft_top
面 2 纹理: tf:guncraft_side
面 3 纹理: tf:guncraft_side
面 4 纹理: tf:guncraft_side
面 5 纹理: tf:guncraft_side
结果: 不同面使用不同纹理，方向性方块
方块ID: 843, 注册名称: TacticalFrame:cupola, 未本地化名称: tile.cupola
分析方块纹理类型:
面 0 纹理: tf:cupola_top
面 1 纹理: tf:cupola_top
面 2 纹理: tf:cupola
面 3 纹理: tf:cupola
面 4 纹理: tf:cupola
面 5 纹理: tf:cupola
结果: 不同面使用不同纹理，方向性方块
方块ID: 844, 注册名称: TacticalFrame:cupolaframe, 未本地化名称: tile.cupolaframe
分析方块纹理类型:
面 0 纹理: tf:cupola_top
面 1 纹理: tf:cupola_top
面 2 纹理: tf:cupola_top
面 3 纹理: tf:cupola_top
面 4 纹理: tf:cupola_top
面 5 纹理: tf:cupola_top
结果: 所有面使用相同纹理，标准方块
方块ID: 845, 注册名称: TacticalFrame:cokeoven, 未本地化名称: tile.cokeoven
分析方块纹理类型:
面 0 纹理: tf:cokeoven_top
面 1 纹理: tf:cokeoven_top
面 2 纹理: tf:cokeoven
面 3 纹理: tf:cokeoven
面 4 纹理: tf:cokeoven
面 5 纹理: tf:cokeoven
结果: 不同面使用不同纹理，方向性方块
方块ID: 846, 注册名称: TacticalFrame:cokeframe, 未本地化名称: tile.cokeframe
分析方块纹理类型:
面 0 纹理: tf:cokeoven_top
面 1 纹理: tf:cokeoven_top
面 2 纹理: tf:cokeoven_top
面 3 纹理: tf:cokeoven_top
面 4 纹理: tf:cokeoven_top
面 5 纹理: tf:cokeoven_top
结果: 所有面使用相同纹理，标准方块
方块ID: 847, 注册名称: TacticalFrame:biogenerator, 未本地化名称: tile.biogenerator
分析方块纹理类型:
面 0 纹理: tf:biogenerator_top
面 1 纹理: tf:biogenerator_top
面 2 纹理: tf:biogenerator
面 3 纹理: tf:biogenerator_face
面 4 纹理: tf:biogenerator
面 5 纹理: tf:biogenerator
结果: 不同面使用不同纹理，方向性方块
方块ID: 848, 注册名称: TacticalFrame:smeltgenerator, 未本地化名称: tile.smeltgenerator
分析方块纹理类型:
面 0 纹理: tf:smeltgenerator_top
面 1 纹理: tf:smeltgenerator_top
面 2 纹理: tf:smeltgenerator
面 3 纹理: tf:smeltgenerator_face
面 4 纹理: tf:smeltgenerator
面 5 纹理: tf:smeltgenerator
结果: 不同面使用不同纹理，方向性方块
方块ID: 849, 注册名称: TacticalFrame:energyreactor, 未本地化名称: tile.energyreactor
分析方块纹理类型:
面 0 纹理: tf:energyreactor_top
面 1 纹理: tf:energyreactor_top
面 2 纹理: tf:energyreactor
面 3 纹理: tf:energyreactor_face
面 4 纹理: tf:energyreactor
面 5 纹理: tf:energyreactor
结果: 不同面使用不同纹理，方向性方块
方块ID: 850, 注册名称: TacticalFrame:metalseparator, 未本地化名称: tile.metalseparator
分析方块纹理类型:
面 0 纹理: tf:separator_top
面 1 纹理: tf:separator_top
面 2 纹理: tf:separator
面 3 纹理: tf:separator_face
面 4 纹理: tf:separator
面 5 纹理: tf:separator
结果: 不同面使用不同纹理，方向性方块
方块ID: 851, 注册名称: TacticalFrame:stonemaker, 未本地化名称: tile.stonemaker
分析方块纹理类型:
面 0 纹理: tf:stonemaker
面 1 纹理: tf:stonemaker
面 2 纹理: tf:stonemaker
面 3 纹理: tf:stonemaker_face
面 4 纹理: tf:stonemaker
面 5 纹理: tf:stonemaker
结果: 不同面使用不同纹理，方向性方块
方块ID: 852, 注册名称: TacticalFrame:rigidocontainer, 未本地化名称: tile.rigidocontainer
分析方块纹理类型:
面 0 纹理: tf:rigidocontainer_top
面 1 纹理: tf:rigidocontainer_top
面 2 纹理: tf:rigidocontainer_side
面 3 纹理: tf:rigidocontainer_face
面 4 纹理: tf:rigidocontainer_side
面 5 纹理: tf:rigidocontainer_side
结果: 不同面使用不同纹理，方向性方块
方块ID: 853, 注册名称: TacticalFrame:flamcontainer, 未本地化名称: tile.flamcontainer
分析方块纹理类型:
面 0 纹理: tf:flamcontainer_top
面 1 纹理: tf:flamcontainer_top
面 2 纹理: tf:flamcontainer_side
面 3 纹理: tf:flamcontainer_face
面 4 纹理: tf:flamcontainer_side
面 5 纹理: tf:flamcontainer_side
结果: 不同面使用不同纹理，方向性方块
方块ID: 854, 注册名称: TacticalFrame:pulverizer, 未本地化名称: tile.pulverizer
分析方块纹理类型:
面 0 纹理: tf:pulverizer_top
面 1 纹理: tf:pulverizer_top
面 2 纹理: tf:pulverizer_side
面 3 纹理: tf:pulverizer_face
面 4 纹理: tf:pulverizer_side
面 5 纹理: tf:pulverizer_side
结果: 不同面使用不同纹理，方向性方块
方块ID: 855, 注册名称: TacticalFrame:repair, 未本地化名称: tile.repair
分析方块纹理类型:
面 0 纹理: tf:repair_top
面 1 纹理: tf:repair_top
面 2 纹理: tf:repair_side
面 3 纹理: tf:repair_face
面 4 纹理: tf:repair_side
面 5 纹理: tf:repair_side
结果: 不同面使用不同纹理，方向性方块
方块ID: 856, 注册名称: TacticalFrame:rigidofurnace, 未本地化名称: tile.rigidofurnace
分析方块纹理类型:
面 0 纹理: tf:rigidofurnace
面 1 纹理: tf:rigidofurnace
面 2 纹理: tf:rigidofurnace
面 3 纹理: tf:rigidofurnace_face
面 4 纹理: tf:rigidofurnace
面 5 纹理: tf:rigidofurnace
结果: 不同面使用不同纹理，方向性方块
方块ID: 857, 注册名称: TacticalFrame:arsfurnace, 未本地化名称: tile.arsfurnace
分析方块纹理类型:
面 0 纹理: tf:arsfurnace
面 1 纹理: tf:arsfurnace
面 2 纹理: tf:arsfurnace
面 3 纹理: tf:arsfurnace_face
面 4 纹理: tf:arsfurnace
面 5 纹理: tf:arsfurnace
结果: 不同面使用不同纹理，方向性方块
方块ID: 858, 注册名称: TacticalFrame:fierytrap, 未本地化名称: tile.fierytrap
分析方块纹理类型:
面 0 纹理: cobblestone
面 1 纹理: cobblestone
面 2 纹理: tf:fierytrap
面 3 纹理: tf:fierytrap
面 4 纹理: tf:fierytrap
面 5 纹理: tf:fierytrap
结果: 不同面使用不同纹理，方向性方块
方块ID: 859, 注册名称: TacticalFrame:explodetrap, 未本地化名称: tile.explodetrap
分析方块纹理类型:
面 0 纹理: grass_top
面 1 纹理: grass_top
面 2 纹理: tf:explodetrap
面 3 纹理: tf:explodetrap
面 4 纹理: tf:explodetrap
面 5 纹理: tf:explodetrap
结果: 不同面使用不同纹理，方向性方块
方块ID: 860, 注册名称: TacticalFrame:flower_blue, 未本地化名称: tile.flower_blue
分析方块纹理类型:
面 0 纹理: tf:tile.flower_blue_0
面 1 纹理: tf:tile.flower_blue_0
面 2 纹理: tf:tile.flower_blue_0
面 3 纹理: tf:tile.flower_blue_0
面 4 纹理: tf:tile.flower_blue_0
面 5 纹理: tf:tile.flower_blue_0
结果: 所有面使用相同纹理，标准方块
方块ID: 861, 注册名称: TacticalFrame:flower_red, 未本地化名称: tile.flower_red
分析方块纹理类型:
面 0 纹理: tf:tile.flower_red_0
面 1 纹理: tf:tile.flower_red_0
面 2 纹理: tf:tile.flower_red_0
面 3 纹理: tf:tile.flower_red_0
面 4 纹理: tf:tile.flower_red_0
面 5 纹理: tf:tile.flower_red_0
结果: 所有面使用相同纹理，标准方块
方块ID: 862, 注册名称: TacticalFrame:flower_purple, 未本地化名称: tile.flower_purple
分析方块纹理类型:
面 0 纹理: tf:tile.flower_purple_0
面 1 纹理: tf:tile.flower_purple_0
面 2 纹理: tf:tile.flower_purple_0
面 3 纹理: tf:tile.flower_purple_0
面 4 纹理: tf:tile.flower_purple_0
面 5 纹理: tf:tile.flower_purple_0
结果: 所有面使用相同纹理，标准方块
方块ID: 863, 注册名称: TacticalFrame:flower_green, 未本地化名称: tile.flower_green
分析方块纹理类型:
面 0 纹理: tf:tile.flower_green_0
面 1 纹理: tf:tile.flower_green_0
面 2 纹理: tf:tile.flower_green_0
面 3 纹理: tf:tile.flower_green_0
面 4 纹理: tf:tile.flower_green_0
面 5 纹理: tf:tile.flower_green_0
结果: 所有面使用相同纹理，标准方块
方块ID: 864, 注册名称: TacticalFrame:riceplant, 未本地化名称: tile.riceplant
分析方块纹理类型:
面 0 纹理: tf:riceplant_0
面 1 纹理: tf:riceplant_0
面 2 纹理: tf:riceplant_0
面 3 纹理: tf:riceplant_0
面 4 纹理: tf:riceplant_0
面 5 纹理: tf:riceplant_0
结果: 所有面使用相同纹理，标准方块
方块ID: 865, 注册名称: TacticalFrame:radishplant, 未本地化名称: tile.radishplant
分析方块纹理类型:
面 0 纹理: tf:radishplant_0
面 1 纹理: tf:radishplant_0
面 2 纹理: tf:radishplant_0
面 3 纹理: tf:radishplant_0
面 4 纹理: tf:radishplant_0
面 5 纹理: tf:radishplant_0
结果: 所有面使用相同纹理，标准方块
方块ID: 866, 注册名称: TacticalFrame:temperedironblock, 未本地化名称: tile.temperedironblock
分析方块纹理类型:
面 0 纹理: tf:temperedironblock
面 1 纹理: tf:temperedironblock
面 2 纹理: tf:temperedironblock
面 3 纹理: tf:temperedironblock
面 4 纹理: tf:temperedironblock
面 5 纹理: tf:temperedironblock
结果: 所有面使用相同纹理，标准方块
方块ID: 867, 注册名称: TacticalFrame:cubeblock, 未本地化名称: tile.cubeblock
分析方块纹理类型:
面 0 纹理: tf:cubeblock_top
面 1 纹理: tf:cubeblock_top
面 2 纹理: tf:cubeblock_side
面 3 纹理: tf:cubeblock_side
面 4 纹理: tf:cubeblock_side
面 5 纹理: tf:cubeblock_side
结果: 不同面使用不同纹理，方向性方块
方块ID: 868, 注册名称: TacticalFrame:coreblock0, 未本地化名称: tile.coreblock0
分析方块纹理类型:
面 0 纹理: tf:coreblock_top_0
面 1 纹理: tf:coreblock_top_0
面 2 纹理: tf:coreblock_side_0
面 3 纹理: tf:coreblock_side_0
面 4 纹理: tf:coreblock_side_0
面 5 纹理: tf:coreblock_side_0
结果: 不同面使用不同纹理，方向性方块
方块ID: 869, 注册名称: TacticalFrame:coreblock1, 未本地化名称: tile.coreblock1
分析方块纹理类型:
面 0 纹理: tf:coreblock_top_1
面 1 纹理: tf:coreblock_top_1
面 2 纹理: tf:coreblock_side_1
面 3 纹理: tf:coreblock_side_1
面 4 纹理: tf:coreblock_side_1
面 5 纹理: tf:coreblock_side_1
结果: 不同面使用不同纹理，方向性方块
方块ID: 870, 注册名称: TacticalFrame:coreblock2, 未本地化名称: tile.coreblock2
分析方块纹理类型:
面 0 纹理: tf:coreblock_top_2
面 1 纹理: tf:coreblock_top_2
面 2 纹理: tf:coreblock_side_2
面 3 纹理: tf:coreblock_side_2
面 4 纹理: tf:coreblock_side_2
面 5 纹理: tf:coreblock_side_2
结果: 不同面使用不同纹理，方向性方块
方块ID: 871, 注册名称: TacticalFrame:coreblock3, 未本地化名称: tile.coreblock3
分析方块纹理类型:
面 0 纹理: tf:coreblock_top_3
面 1 纹理: tf:coreblock_top_3
面 2 纹理: tf:coreblock_side_3
面 3 纹理: tf:coreblock_side_3
面 4 纹理: tf:coreblock_side_3
面 5 纹理: tf:coreblock_side_3
结果: 不同面使用不同纹理，方向性方块
方块ID: 872, 注册名称: TacticalFrame:pigironblock, 未本地化名称: tile.pigironblock
分析方块纹理类型:
面 0 纹理: iron_block
面 1 纹理: iron_block
面 2 纹理: iron_block
面 3 纹理: iron_block
面 4 纹理: iron_block
面 5 纹理: iron_block
结果: 所有面使用相同纹理，标准方块
方块ID: 873, 注册名称: TacticalFrame:flamlightblock, 未本地化名称: tile.flamlightblock
分析方块纹理类型:
面 0 纹理: tf:flamlightblock
面 1 纹理: tf:flamlightblock
面 2 纹理: tf:flamlightblock
面 3 纹理: tf:flamlightblock
面 4 纹理: tf:flamlightblock
面 5 纹理: tf:flamlightblock
结果: 所有面使用相同纹理，标准方块
方块ID: 874, 注册名称: TacticalFrame:rigidoblock, 未本地化名称: tile.rigidoblock
分析方块纹理类型:
面 0 纹理: tf:rigidoblock
面 1 纹理: tf:rigidoblock
面 2 纹理: tf:rigidoblock
面 3 纹理: tf:rigidoblock
面 4 纹理: tf:rigidoblock
面 5 纹理: tf:rigidoblock
结果: 所有面使用相同纹理，标准方块
方块ID: 875, 注册名称: TacticalFrame:lepreblock, 未本地化名称: tile.lepreblock
分析方块纹理类型:
面 0 纹理: tf:lepreblock
面 1 纹理: tf:lepreblock
面 2 纹理: tf:lepreblock
面 3 纹理: tf:lepreblock
面 4 纹理: tf:lepreblock
面 5 纹理: tf:lepreblock
结果: 所有面使用相同纹理，标准方块
方块ID: 876, 注册名称: TacticalFrame:rnanoblock, 未本地化名称: tile.nanoblock
分析方块纹理类型:
面 0 纹理: tf:nanoblock
面 1 纹理: tf:nanoblock
面 2 纹理: tf:nanoblock
面 3 纹理: tf:nanoblock
面 4 纹理: tf:nanoblock
面 5 纹理: tf:nanoblock
结果: 所有面使用相同纹理，标准方块
方块ID: 877, 注册名称: TacticalFrame:flamgem, 未本地化名称: tile.flamgem
分析方块纹理类型:
面 0 纹理: tf:flamgem
面 1 纹理: tf:flamgem
面 2 纹理: tf:flamgem
面 3 纹理: tf:flamgem
面 4 纹理: tf:flamgem
面 5 纹理: tf:flamgem
结果: 所有面使用相同纹理，标准方块
方块ID: 878, 注册名称: TacticalFrame:glowgem, 未本地化名称: tile.glowgem
分析方块纹理类型:
面 0 纹理: tf:glowgem
面 1 纹理: tf:glowgem
面 2 纹理: tf:glowgem
面 3 纹理: tf:glowgem
面 4 纹理: tf:glowgem
面 5 纹理: tf:glowgem
结果: 所有面使用相同纹理，标准方块
方块ID: 879, 注册名称: TacticalFrame:soltcauldron, 未本地化名称: tile.soltcauldron
分析方块纹理类型:
面 0 纹理: tf:soltcauldron
面 1 纹理: tf:soltcauldron
面 2 纹理: tf:soltcauldron
面 3 纹理: tf:soltcauldron
面 4 纹理: tf:soltcauldron
面 5 纹理: tf:soltcauldron
结果: 所有面使用相同纹理，标准方块
方块ID: 880, 注册名称: TacticalFrame:soltblock, 未本地化名称: tile.soltblock
分析方块纹理类型:
面 0 纹理: tf:soltblock
面 1 纹理: tf:soltblock
面 2 纹理: tf:soltblock
面 3 纹理: tf:soltblock
面 4 纹理: tf:soltblock
面 5 纹理: tf:soltblock
结果: 所有面使用相同纹理，标准方块
方块ID: 881, 注册名称: TacticalFrame:sulfurblock, 未本地化名称: tile.sulfurblock
分析方块纹理类型:
面 0 纹理: tf:sulfurblock
面 1 纹理: tf:sulfurblock
面 2 纹理: tf:sulfurblock
面 3 纹理: tf:sulfurblock
面 4 纹理: tf:sulfurblock
面 5 纹理: tf:sulfurblock
结果: 所有面使用相同纹理，标准方块
方块ID: 882, 注册名称: TacticalFrame:cokeblock, 未本地化名称: tile.cokeblock
分析方块纹理类型:
面 0 纹理: tf:cokeblock
面 1 纹理: tf:cokeblock
面 2 纹理: tf:cokeblock
面 3 纹理: tf:cokeblock
面 4 纹理: tf:cokeblock
面 5 纹理: tf:cokeblock
结果: 所有面使用相同纹理，标准方块
方块ID: 883, 注册名称: TacticalFrame:machineblock0, 未本地化名称: tile.machineblock0
分析方块纹理类型:
面 0 纹理: tf:machineblock
面 1 纹理: tf:machineblock
面 2 纹理: tf:machineblock
面 3 纹理: tf:machineblock
面 4 纹理: tf:machineblock
面 5 纹理: tf:machineblock
结果: 所有面使用相同纹理，标准方块
方块ID: 884, 注册名称: TacticalFrame:machineblock1, 未本地化名称: tile.machineblock
分析方块纹理类型:
面 0 纹理: tf:machineblock_0
面 1 纹理: tf:machineblock_0
面 2 纹理: tf:machineblock_0
面 3 纹理: tf:machineblock_0
面 4 纹理: tf:machineblock_0
面 5 纹理: tf:machineblock_0
结果: 所有面使用相同纹理，标准方块
方块ID: 885, 注册名称: TacticalFrame:slowice, 未本地化名称: tile.slowice
分析方块纹理类型:
面 0 纹理: ice
面 1 纹理: ice
面 2 纹理: ice
面 3 纹理: ice
面 4 纹理: ice
面 5 纹理: ice
结果: 所有面使用相同纹理，标准方块
方块ID: 886, 注册名称: TacticalFrame:carryline, 未本地化名称: tile.carryline
分析方块纹理类型:
面 0 纹理: tf:carryline
面 1 纹理: tf:carryline
面 2 纹理: tf:carryline
面 3 纹理: tf:carryline_face
面 4 纹理: tf:carryline
面 5 纹理: tf:carryline
结果: 不同面使用不同纹理，方向性方块
方块ID: 887, 注册名称: TacticalFrame:carryline_up, 未本地化名称: tile.carryline_up
分析方块纹理类型:
面 0 纹理: tf:carryline_up
面 1 纹理: tf:carryline_up
面 2 纹理: tf:carryline_up
面 3 纹理: tf:carryline_up
面 4 纹理: tf:carryline_up
面 5 纹理: tf:carryline_up
结果: 所有面使用相同纹理，标准方块
方块ID: 888, 注册名称: TacticalFrame:carryline_down, 未本地化名称: tile.carryline_down
分析方块纹理类型:
面 0 纹理: tf:carryline_down
面 1 纹理: tf:carryline_down
面 2 纹理: tf:carryline_down
面 3 纹理: tf:carryline_down
面 4 纹理: tf:carryline_down
面 5 纹理: tf:carryline_down
结果: 所有面使用相同纹理，标准方块
方块ID: 889, 注册名称: TacticalFrame:catapult, 未本地化名称: tile.catapult
分析方块纹理类型:
面 0 纹理: tf:catapult
面 1 纹理: tf:catapult
面 2 纹理: tf:catapult
面 3 纹理: tf:catapult_face
面 4 纹理: tf:catapult
面 5 纹理: tf:catapult
结果: 不同面使用不同纹理，方向性方块
方块ID: 890, 注册名称: TacticalFrame:hardstone, 未本地化名称: tile.hardstone
分析方块纹理类型:
面 0 纹理: tf:hardstone_0
面 1 纹理: tf:hardstone_0
面 2 纹理: tf:hardstone_0
面 3 纹理: tf:hardstone_0
面 4 纹理: tf:hardstone_0
面 5 纹理: tf:hardstone_0
结果: 所有面使用相同纹理，标准方块
方块ID: 891, 注册名称: TacticalFrame:hardstone_slab, 未本地化名称: tile.hardstone_slab
分析方块纹理类型:
面 0 纹理: tf:hardstone_0
面 1 纹理: tf:hardstone_0
面 2 纹理: tf:hardstone_0
面 3 纹理: tf:hardstone_0
面 4 纹理: tf:hardstone_0
面 5 纹理: tf:hardstone_0
结果: 所有面使用相同纹理，标准方块
方块ID: 892, 注册名称: TacticalFrame:hardstone_stairs, 未本地化名称: tile.hardstonestairs
分析方块纹理类型:
面 0 纹理: tf:hardstone_2
面 1 纹理: tf:hardstone_2
面 2 纹理: tf:hardstone_2
面 3 纹理: tf:hardstone_2
面 4 纹理: tf:hardstone_2
面 5 纹理: tf:hardstone_2
结果: 所有面使用相同纹理，标准方块
方块ID: 893, 注册名称: TacticalFrame:hardstone_stairs2, 未本地化名称: tile.hardstonestairs2
分析方块纹理类型:
面 0 纹理: tf:hardstone_3
面 1 纹理: tf:hardstone_3
面 2 纹理: tf:hardstone_3
面 3 纹理: tf:hardstone_3
面 4 纹理: tf:hardstone_3
面 5 纹理: tf:hardstone_3
结果: 所有面使用相同纹理，标准方块
方块ID: 894, 注册名称: TacticalFrame:temperedstone, 未本地化名称: tile.temperedstone
分析方块纹理类型:
面 0 纹理: tf:temperedstone_0
面 1 纹理: tf:temperedstone_0
面 2 纹理: tf:temperedstone_0
面 3 纹理: tf:temperedstone_0
面 4 纹理: tf:temperedstone_0
面 5 纹理: tf:temperedstone_0
结果: 所有面使用相同纹理，标准方块
方块ID: 895, 注册名称: TacticalFrame:hardglass, 未本地化名称: tile.hardglass
分析方块纹理类型:
面 0 纹理: tf:hardglass_0
面 1 纹理: tf:hardglass_0
面 2 纹理: tf:hardglass_0
面 3 纹理: tf:hardglass_0
面 4 纹理: tf:hardglass_0
面 5 纹理: tf:hardglass_0
结果: 所有面使用相同纹理，标准方块
方块ID: 896, 注册名称: TacticalFrame:pipe, 未本地化名称: tile.pipe
分析方块纹理类型:
面 0 纹理: tf:pipe_top
面 1 纹理: tf:pipe_top
面 2 纹理: tf:pipe
面 3 纹理: tf:pipe
面 4 纹理: tf:pipe
面 5 纹理: tf:pipe
结果: 不同面使用不同纹理，方向性方块
方块ID: 897, 注册名称: TacticalFrame:led_white, 未本地化名称: tile.led_white
分析方块纹理类型:
面 0 纹理: tf:led_0
面 1 纹理: tf:led_0
面 2 纹理: tf:led_0
面 3 纹理: tf:led_0
面 4 纹理: tf:led_0
面 5 纹理: tf:led_0
结果: 所有面使用相同纹理，标准方块
方块ID: 898, 注册名称: TacticalFrame:led_white_off, 未本地化名称: tile.led_white
分析方块纹理类型:
面 0 纹理: tf:led_0
面 1 纹理: tf:led_0
面 2 纹理: tf:led_0
面 3 纹理: tf:led_0
面 4 纹理: tf:led_0
面 5 纹理: tf:led_0
结果: 所有面使用相同纹理，标准方块
方块ID: 899, 注册名称: TacticalFrame:led_black, 未本地化名称: tile.led_black
分析方块纹理类型:
面 0 纹理: tf:led_1
面 1 纹理: tf:led_1
面 2 纹理: tf:led_1
面 3 纹理: tf:led_1
面 4 纹理: tf:led_1
面 5 纹理: tf:led_1
结果: 所有面使用相同纹理，标准方块
方块ID: 900, 注册名称: TacticalFrame:led_black_off, 未本地化名称: tile.led_black
分析方块纹理类型:
面 0 纹理: tf:led_1
面 1 纹理: tf:led_1
面 2 纹理: tf:led_1
面 3 纹理: tf:led_1
面 4 纹理: tf:led_1
面 5 纹理: tf:led_1
结果: 所有面使用相同纹理，标准方块
方块ID: 901, 注册名称: TacticalFrame:led_red, 未本地化名称: tile.led_red
分析方块纹理类型:
面 0 纹理: tf:led_2
面 1 纹理: tf:led_2
面 2 纹理: tf:led_2
面 3 纹理: tf:led_2
面 4 纹理: tf:led_2
面 5 纹理: tf:led_2
结果: 所有面使用相同纹理，标准方块
方块ID: 902, 注册名称: TacticalFrame:led_red_off, 未本地化名称: tile.led_red
分析方块纹理类型:
面 0 纹理: tf:led_2
面 1 纹理: tf:led_2
面 2 纹理: tf:led_2
面 3 纹理: tf:led_2
面 4 纹理: tf:led_2
面 5 纹理: tf:led_2
结果: 所有面使用相同纹理，标准方块
方块ID: 903, 注册名称: TacticalFrame:led_orange, 未本地化名称: tile.led_orange
分析方块纹理类型:
面 0 纹理: tf:led_3
面 1 纹理: tf:led_3
面 2 纹理: tf:led_3
面 3 纹理: tf:led_3
面 4 纹理: tf:led_3
面 5 纹理: tf:led_3
结果: 所有面使用相同纹理，标准方块
方块ID: 904, 注册名称: TacticalFrame:led_orange_off, 未本地化名称: tile.led_orange
分析方块纹理类型:
面 0 纹理: tf:led_3
面 1 纹理: tf:led_3
面 2 纹理: tf:led_3
面 3 纹理: tf:led_3
面 4 纹理: tf:led_3
面 5 纹理: tf:led_3
结果: 所有面使用相同纹理，标准方块
方块ID: 905, 注册名称: TacticalFrame:led_yellow, 未本地化名称: tile.led_yellow
分析方块纹理类型:
面 0 纹理: tf:led_4
面 1 纹理: tf:led_4
面 2 纹理: tf:led_4
面 3 纹理: tf:led_4
面 4 纹理: tf:led_4
面 5 纹理: tf:led_4
结果: 所有面使用相同纹理，标准方块
方块ID: 906, 注册名称: TacticalFrame:led_yellow_off, 未本地化名称: tile.led_yellow
分析方块纹理类型:
面 0 纹理: tf:led_4
面 1 纹理: tf:led_4
面 2 纹理: tf:led_4
面 3 纹理: tf:led_4
面 4 纹理: tf:led_4
面 5 纹理: tf:led_4
结果: 所有面使用相同纹理，标准方块
方块ID: 907, 注册名称: TacticalFrame:led_green, 未本地化名称: tile.led_green
分析方块纹理类型:
面 0 纹理: tf:led_5
面 1 纹理: tf:led_5
面 2 纹理: tf:led_5
面 3 纹理: tf:led_5
面 4 纹理: tf:led_5
面 5 纹理: tf:led_5
结果: 所有面使用相同纹理，标准方块
方块ID: 908, 注册名称: TacticalFrame:led_green_off, 未本地化名称: tile.led_green
分析方块纹理类型:
面 0 纹理: tf:led_5
面 1 纹理: tf:led_5
面 2 纹理: tf:led_5
面 3 纹理: tf:led_5
面 4 纹理: tf:led_5
面 5 纹理: tf:led_5
结果: 所有面使用相同纹理，标准方块
方块ID: 909, 注册名称: TacticalFrame:led_cyan, 未本地化名称: tile.led_cyan
分析方块纹理类型:
面 0 纹理: tf:led_6
面 1 纹理: tf:led_6
面 2 纹理: tf:led_6
面 3 纹理: tf:led_6
面 4 纹理: tf:led_6
面 5 纹理: tf:led_6
结果: 所有面使用相同纹理，标准方块
方块ID: 910, 注册名称: TacticalFrame:led_cyan_off, 未本地化名称: tile.led_cyan
分析方块纹理类型:
面 0 纹理: tf:led_6
面 1 纹理: tf:led_6
面 2 纹理: tf:led_6
面 3 纹理: tf:led_6
面 4 纹理: tf:led_6
面 5 纹理: tf:led_6
结果: 所有面使用相同纹理，标准方块
方块ID: 911, 注册名称: TacticalFrame:led_blue, 未本地化名称: tile.led_blue
分析方块纹理类型:
面 0 纹理: tf:led_7
面 1 纹理: tf:led_7
面 2 纹理: tf:led_7
面 3 纹理: tf:led_7
面 4 纹理: tf:led_7
面 5 纹理: tf:led_7
结果: 所有面使用相同纹理，标准方块
方块ID: 912, 注册名称: TacticalFrame:led_blue_off, 未本地化名称: tile.led_blue
分析方块纹理类型:
面 0 纹理: tf:led_7
面 1 纹理: tf:led_7
面 2 纹理: tf:led_7
面 3 纹理: tf:led_7
面 4 纹理: tf:led_7
面 5 纹理: tf:led_7
结果: 所有面使用相同纹理，标准方块
方块ID: 913, 注册名称: TacticalFrame:led_purple, 未本地化名称: tile.led_purple
分析方块纹理类型:
面 0 纹理: tf:led_8
面 1 纹理: tf:led_8
面 2 纹理: tf:led_8
面 3 纹理: tf:led_8
面 4 纹理: tf:led_8
面 5 纹理: tf:led_8
结果: 所有面使用相同纹理，标准方块
方块ID: 914, 注册名称: TacticalFrame:led_purple_off, 未本地化名称: tile.led_purple
分析方块纹理类型:
面 0 纹理: tf:led_8
面 1 纹理: tf:led_8
面 2 纹理: tf:led_8
面 3 纹理: tf:led_8
面 4 纹理: tf:led_8
面 5 纹理: tf:led_8
结果: 所有面使用相同纹理，标准方块
方块ID: 915, 注册名称: TacticalFrame:led_lime, 未本地化名称: tile.led_lime
分析方块纹理类型:
面 0 纹理: tf:led_9
面 1 纹理: tf:led_9
面 2 纹理: tf:led_9
面 3 纹理: tf:led_9
面 4 纹理: tf:led_9
面 5 纹理: tf:led_9
结果: 所有面使用相同纹理，标准方块
方块ID: 916, 注册名称: TacticalFrame:led_lime_off, 未本地化名称: tile.led_lime
分析方块纹理类型:
面 0 纹理: tf:led_9
面 1 纹理: tf:led_9
面 2 纹理: tf:led_9
面 3 纹理: tf:led_9
面 4 纹理: tf:led_9
面 5 纹理: tf:led_9
结果: 所有面使用相同纹理，标准方块
方块ID: 917, 注册名称: TacticalFrame:led_pink, 未本地化名称: tile.led_pink
分析方块纹理类型:
面 0 纹理: tf:led_10
面 1 纹理: tf:led_10
面 2 纹理: tf:led_10
面 3 纹理: tf:led_10
面 4 纹理: tf:led_10
面 5 纹理: tf:led_10
结果: 所有面使用相同纹理，标准方块
方块ID: 918, 注册名称: TacticalFrame:led_pink_off, 未本地化名称: tile.led_pink
分析方块纹理类型:
面 0 纹理: tf:led_10
面 1 纹理: tf:led_10
面 2 纹理: tf:led_10
面 3 纹理: tf:led_10
面 4 纹理: tf:led_10
面 5 纹理: tf:led_10
结果: 所有面使用相同纹理，标准方块
方块ID: 919, 注册名称: TacticalFrame:led_panel, 未本地化名称: tile.led
分析方块纹理类型:
面 0 纹理: tf:led_0
面 1 纹理: tf:led_0
面 2 纹理: tf:led_0
面 3 纹理: tf:led_0
面 4 纹理: tf:led_0
面 5 纹理: tf:led_0
结果: 所有面使用相同纹理，标准方块
方块ID: 920, 注册名称: TacticalFrame:aidstone, 未本地化名称: tile.aidstone
分析方块纹理类型:
面 0 纹理: tf:aidstone_0
面 1 纹理: tf:aidstone_0
面 2 纹理: tf:aidstone_0
面 3 纹理: tf:aidstone_0
面 4 纹理: tf:aidstone_0
面 5 纹理: tf:aidstone_0
结果: 所有面使用相同纹理，标准方块
方块ID: 921, 注册名称: IC2NuclearControl:blockNuclearControlMain, 未本地化名称: tile.null
分析方块纹理类型:
面 0 纹理为null
面 1 纹理为null
面 2 纹理为null
面 3 纹理为null
面 4 纹理为null
面 5 纹理为null
结果: 所有面纹理均为null，可能使用完全自定义渲染
方块ID: 922, 注册名称: IC2NuclearControl:blockNuclearControlLight, 未本地化名称: tile.null
分析方块纹理类型:
面 0 纹理为null
面 1 纹理为null
面 2 纹理为null
面 3 纹理为null
面 4 纹理为null
面 5 纹理为null
结果: 所有面纹理均为null，可能使用完全自定义渲染

===== 方块分类统计 =====
总方块数: 764
标准方块 (所有面相同纹理): 557 (72.9%)
方向性方块 (不同面不同纹理): 198 (25.9%)
自定义渲染方块 (至少一个面无纹理): 9 (1.2%)
错误方块 (获取纹理发生异常): 0 (0.0%)
未知类型方块: 0 (0.0%)

===== 标准方块列表 =====
  minecraft:stone (BlockStone)
  minecraft:dirt (BlockDirt)
  minecraft:cobblestone (Block)
  minecraft:planks (BlockWood)
  minecraft:sapling (BlockSapling)
  minecraft:bedrock (Block)
  minecraft:sand (BlockSand)
  minecraft:gravel (BlockGravel)
  minecraft:gold_ore (BlockOre)
  minecraft:iron_ore (BlockOre)
  minecraft:coal_ore (BlockOre)
  minecraft:leaves (BlockOldLeaf)
  minecraft:sponge (BlockSponge)
  minecraft:glass (BlockGlass)
  minecraft:lapis_ore (BlockOre)
  minecraft:lapis_block (BlockCompressed)
  minecraft:noteblock (BlockNote)
  minecraft:golden_rail (BlockRailPowered)
  minecraft:detector_rail (BlockRailDetector)
  minecraft:web (BlockWeb)
  minecraft:tallgrass (BlockTallGrass)
  minecraft:deadbush (BlockDeadBush)
  minecraft:wool (BlockColored)
  minecraft:piston_extension (BlockPistonMoving)
  minecraft:yellow_flower (BlockFlower)
  minecraft:red_flower (BlockFlower)
  minecraft:brown_mushroom (BlockMushroom)
  minecraft:red_mushroom (BlockMushroom)
  minecraft:gold_block (BlockCompressed)
  minecraft:iron_block (BlockCompressed)
  minecraft:brick_block (Block)
  minecraft:mossy_cobblestone (Block)
  minecraft:obsidian (BlockObsidian)
  minecraft:torch (BlockTorch)
  minecraft:fire (BlockFire)
  minecraft:mob_spawner (BlockMobSpawner)
  minecraft:oak_stairs (BlockStairs)
  minecraft:chest (BlockChest)
  minecraft:redstone_wire (BlockRedstoneWire)
  minecraft:diamond_ore (BlockOre)
  minecraft:diamond_block (BlockCompressed)
  minecraft:wheat (BlockCrops)
  minecraft:standing_sign (BlockSign)
  minecraft:wooden_door (BlockDoor)
  minecraft:ladder (BlockLadder)
  minecraft:rail (BlockRail)
  minecraft:stone_stairs (BlockStairs)
  minecraft:wall_sign (BlockSign)
  minecraft:lever (BlockLever)
  minecraft:stone_pressure_plate (BlockPressurePlate)
  minecraft:iron_door (BlockDoor)
  minecraft:wooden_pressure_plate (BlockPressurePlate)
  minecraft:redstone_ore (BlockRedstoneOre)
  minecraft:lit_redstone_ore (BlockRedstoneOre)
  minecraft:unlit_redstone_torch (BlockRedstoneTorch)
  minecraft:redstone_torch (BlockRedstoneTorch)
  minecraft:stone_button (BlockButtonStone)
  minecraft:snow_layer (BlockSnow)
  minecraft:ice (BlockIce)
  minecraft:snow (BlockSnowBlock)
  minecraft:clay (BlockClay)
  minecraft:reeds (BlockReed)
  minecraft:fence (BlockFence)
  minecraft:netherrack (BlockNetherrack)
  minecraft:soul_sand (BlockSoulSand)
  minecraft:glowstone (BlockGlowstone)
  minecraft:portal (BlockPortal)
  minecraft:stained_glass (BlockStainedGlass)
  minecraft:trapdoor (BlockTrapDoor)
  minecraft:monster_egg (BlockSilverfish)
  minecraft:stonebrick (BlockStoneBrick)
  minecraft:brown_mushroom_block (BlockHugeMushroom)
  minecraft:red_mushroom_block (BlockHugeMushroom)
  minecraft:iron_bars (BlockPane)
  minecraft:glass_pane (BlockPane)
  minecraft:pumpkin_stem (BlockStem)
  minecraft:melon_stem (BlockStem)
  minecraft:vine (BlockVine)
  minecraft:fence_gate (BlockFenceGate)
  minecraft:brick_stairs (BlockStairs)
  minecraft:stone_brick_stairs (BlockStairs)
  minecraft:waterlily (BlockLilyPad)
  minecraft:nether_brick (Block)
  minecraft:nether_brick_fence (BlockFence)
  minecraft:nether_brick_stairs (BlockStairs)
  minecraft:nether_wart (BlockNetherWart)
  minecraft:brewing_stand (BlockBrewingStand)
  minecraft:end_portal (BlockEndPortal)
  minecraft:end_stone (Block)
  minecraft:dragon_egg (BlockDragonEgg)
  minecraft:redstone_lamp (BlockRedstoneLight)
  minecraft:lit_redstone_lamp (BlockRedstoneLight)
  minecraft:double_wooden_slab (BlockWoodSlab)
  minecraft:wooden_slab (BlockWoodSlab)
  minecraft:cocoa (BlockCocoa)
  minecraft:emerald_ore (BlockOre)
  minecraft:ender_chest (BlockEnderChest)
  minecraft:tripwire_hook (BlockTripWireHook)
  minecraft:tripwire (BlockTripWire)
  minecraft:emerald_block (BlockCompressed)
  minecraft:spruce_stairs (BlockStairs)
  minecraft:birch_stairs (BlockStairs)
  minecraft:jungle_stairs (BlockStairs)
  minecraft:command_block (BlockCommandBlock)
  minecraft:beacon (BlockBeacon)
  minecraft:cobblestone_wall (BlockWall)
  minecraft:flower_pot (BlockFlowerPot)
  minecraft:carrots (BlockCarrot)
  minecraft:potatoes (BlockPotato)
  minecraft:wooden_button (BlockButtonWood)
  minecraft:skull (BlockSkull)
  minecraft:anvil (BlockAnvil)
  minecraft:trapped_chest (BlockChest)
  minecraft:light_weighted_pressure_plate (BlockPressurePlateWeighted)
  minecraft:heavy_weighted_pressure_plate (BlockPressurePlateWeighted)
  minecraft:redstone_block (BlockCompressedPowered)
  minecraft:quartz_ore (BlockOre)
  minecraft:activator_rail (BlockRailPowered)
  minecraft:stained_hardened_clay (BlockColored)
  minecraft:stained_glass_pane (BlockStainedGlassPane)
  minecraft:leaves2 (BlockNewLeaf)
  minecraft:acacia_stairs (BlockStairs)
  minecraft:dark_oak_stairs (BlockStairs)
  BambooMod:bamboo (BlockBamboo)
  BambooMod:bamboosingle (BlockBamboo)
  BambooMod:bamboo2 (BlockBamboo)
  BambooMod:blockbambooshoot (BlockBambooShoot)
  BambooMod:singleTexDeco (BlockCustomRenderSingleTexture)
  minecraft:carpet (BlockCarpet)
  minecraft:hardened_clay (BlockHardenedClay)
  minecraft:coal_block (Block)
  minecraft:packed_ice (BlockPackedIce)
  minecraft:double_plant (BlockDoublePlant)
  BambooMod:kitunebi (BlockKitunebi)
  BambooMod:dirSquare (BlockDSquare)
  BambooMod:halfDirSquare (BlockDSquare)
  BambooMod:andon (BlockAndon)
  BambooMod:bambooPanel (BlockBambooPane)
  BambooMod:sakuraLeaves (BlockSakuraLeaves)
  BambooMod:sakuraSapling (BlockSakura)
  BambooMod:kayabukiRoof (BlockKayabukiRoof)
  BambooMod:delude_width (BlockDelude)
  BambooMod:delude_height (BlockDelude)
  BambooMod:delude_stair (BlockDeludeStair)
  BambooMod:campfire (BlockCampfire)
  BambooMod:deco (BlockDecorations)
  BambooMod:halfDeco (BlockDecorations)
  BambooMod:twoDirDeco (BlockTwoDirections)
  BambooMod:halfTwoDirDeco (BlockTwoDirections)
  BambooMod:kawara_stair (BlockKawaraStair)
  BambooMod:wara_stair (BlockKawaraStair)
  BambooMod:decoCarpet (BlockDecoCarpet)
  BambooMod:thickSakuraPillar (BlockPillar)
  BambooMod:thinSakuraPillar (BlockPillar)
  BambooMod:thickOrcPillar (BlockPillar)
  BambooMod:thinOrcPillar (BlockPillar)
  BambooMod:thickSprucePillar (BlockPillar)
  BambooMod:thinSprucePillar (BlockPillar)
  BambooMod:thickBirchPillar (BlockPillar)
  BambooMod:thinBirchPillar (BlockPillar)
  BambooMod:delude_plate (BlockDeludePressurePlate)
  BambooMod:ricePlant (BlockRicePlant)
  BambooMod:bambooMillStone (BlockMillStone)
  BambooMod:bambooMoss (BlockMoss)
  BambooMod:bambooMultiPot (BlockMultiPot)
  BambooMod:blobkbroom (BlockBroom)
  BambooMod:bamboohuton (BlockHuton)
  BambooMod:bamboomultiblock (BlockMultiBlock)
  BambooMod:alphamultiblock (BlockAlphaMultiBlock)
  BambooMod:sakuracarpet (BlockSakuraCarpet)
  BambooMod:seaweed (BlockSeaweedPlant)
  BambooMod:beanPlant (BlockBeanPlant)
  BambooMod:tomatoPlant (BlockTamatoPlant)
  BambooMod:villagerBlock (BlockVillager)
  BambooMod:crossLamp (BlockCrossLamp)
  BambooMod:bambooLiangThick (BlockLiangBamboo)
  BambooMod:bambooLiangVLogThick (BlockLiangVanillaLog)
  BambooMod:bambooLiangVLog2Thick (BlockLiangVanillaLog2)
  BambooMod:bambooLiangVWoodThick (BlockLiangVanillaWood)
  BambooMod:bambooLiangThin (BlockLiangBamboo)
  BambooMod:bambooLiangVLogThin (BlockLiangVanillaLog)
  BambooMod:bambooLiangVLog2Thin (BlockLiangVanillaLog2)
  BambooMod:bambooLiangVWoodThin (BlockLiangVanillaWood)
  BambooMod:maneki (BlockManeki)
  customnpcs:npcRedstoneBlock (BlockNpcRedstone)
  customnpcs:npcMailbox (BlockMailbox)
  customnpcs:npcWaypoint (BlockWaypoint)
  customnpcs:npcBanner (BlockBanner)
  customnpcs:npcWallBanner (BlockWallBanner)
  customnpcs:npcTallLamp (BlockTallLamp)
  customnpcs:npcChair (BlockChair)
  customnpcs:npcCrate (BlockCrate)
  customnpcs:npcWeaponRack (BlockWeaponRack)
  customnpcs:npcCouchWool (BlockCouchWool)
  customnpcs:npcCouchWood (BlockCouchWood)
  customnpcs:npcTable (BlockTable)
  customnpcs:npcStool (BlockStool)
  customnpcs:npcPlaceholder (BlockPlaceholder)
  customnpcs:npcBigSign (BlockBigSign)
  customnpcs:npcBarrel (BlockBarrel)
  customnpcs:npcTombstone (BlockTombstone)
  customnpcs:npcShelf (BlockShelf)
  customnpcs:npcSign (BlockSign)
  customnpcs:npcBeam (BlockBeam)
  customnpcs:npcBook (BlockBook)
  customnpcs:npcPedestal (BlockPedestal)
  customnpcs:npcCrystalBlock (BlockCrystal)
  customnpcs:npcCampfire (BlockCampfire)
  customnpcs:npcLamp (BlockLamp)
  customnpcs:npcCandle (BlockCandle)
  customnpcs:npcCampfireUnlit (BlockCampfire)
  customnpcs:npcLampUnlit (BlockCandle)
  customnpcs:npcCandleUnlit (BlockLamp)
  flansmod:teamsSpawner (BlockSpawner)
  IC2:blockRubLeaves (BlockRubLeaves)
  IC2:blockRubSapling (BlockRubSapling)
  IC2:blockDoorAlloy (BlockIC2Door)
  IC2:fluidPahoehoeLava (BlockIC2Fluid)
  IC2:fluidBiogas (BlockIC2Fluid)
  IC2:fluidSuperheatedSteam (BlockIC2Fluid)
  IC2:fluidSteam (BlockIC2Fluid)
  mw:TitaniumOre (BlockTitaniumOre)
  mw:LeadOre (BlockLeadOre)
  mw:CopperOre (BlockCopperOre)
  mw:TinOre (BlockTinOre)
  mw:SulfurOre (BlockSulfurOre)
  mw:BauxiteOre (BlockBauxiteOre)
  mw:SiliconOre (BlockSiliconOre)
  mw:TantalumOre (BlockTantalumOre)
  mw:RubyOre (BlockRubyOre)
  Thaumcraft:blockFluxGoo (BlockFluxGoo)
  Thaumcraft:blockFluxGas (BlockFluxGas)
  Thaumcraft:blockFluidPure (BlockFluidPure)
  Thaumcraft:blockFluidDeath (BlockFluidDeath)
  Thaumcraft:blockCustomOre (BlockCustomOre)
  Thaumcraft:blockMagicalLeaves (BlockMagicalLeaves)
  Thaumcraft:blockCustomPlant (BlockCustomPlant)
  Thaumcraft:blockTaint (BlockTaint)
  Thaumcraft:blockTaintFibres (BlockTaintFibres)
  Thaumcraft:blockCosmeticSolid (BlockCosmeticSolid)
  Thaumcraft:blockCrystal (BlockCrystal)
  Thaumcraft:blockTube (BlockTube)
  Thaumcraft:blockMetalDevice (BlockMetalDevice)
  Thaumcraft:blockWoodenDevice (BlockWoodenDevice)
  Thaumcraft:blockMirror (BlockMirror)
  Thaumcraft:blockTable (BlockTable)
  Thaumcraft:blockChestHungry (BlockChestHungry)
  Thaumcraft:blockArcaneDoor (BlockArcaneDoor)
  Thaumcraft:blockMagicBox (BlockMagicBox)
  Thaumcraft:blockAlchemyFurnace (BlockAlchemyFurnace)
  Thaumcraft:blockCandle (BlockCandle)
  Thaumcraft:blockEldritch (BlockEldritch)
  Thaumcraft:blockAiry (BlockAiry)
  Thaumcraft:blockManaPod (BlockManaPod)
  Thaumcraft:blockWarded (BlockWarded)
  Thaumcraft:blockHole (BlockHole)
  Thaumcraft:blockPortalEldritch (BlockEldritchPortal)
  Thaumcraft:blockEssentiaReservoir (BlockEssentiaReservoir)
  Thaumcraft:blockEldritchNothing (BlockEldritchNothing)
  Thaumcraft:blockStairsArcaneStone (BlockCosmeticStairs)
  Thaumcraft:blockStairsGreatwood (BlockCosmeticStairs)
  Thaumcraft:blockStairsSilverwood (BlockCosmeticStairs)
  Thaumcraft:blockStairsEldritch (BlockCosmeticStairs)
  Thaumcraft:blockCosmeticSlabWood (BlockCosmeticWoodSlab)
  Thaumcraft:blockCosmeticSlabStone (BlockCosmeticStoneSlab)
  Thaumcraft:blockCosmeticDoubleSlabWood (BlockCosmeticWoodSlab)
  Thaumcraft:blockCosmeticDoubleSlabStone (BlockCosmeticStoneSlab)
  harvestcraft:salt (BlockPamSalt)
  harvestcraft:spamcompressedsaltBlockalt (BlockPamSalt)
  harvestcraft:fishtrap (BlockPamFishTrap)
  harvestcraft:animaltrap (BlockPamAnimalTrap)
  harvestcraft:berrygarden (BlockPamNormalGarden)
  harvestcraft:desertgarden (BlockPamDesertGarden)
  harvestcraft:grassgarden (BlockPamNormalGarden)
  harvestcraft:gourdgarden (BlockPamNormalGarden)
  harvestcraft:groundgarden (BlockPamNormalGarden)
  harvestcraft:herbgarden (BlockPamNormalGarden)
  harvestcraft:leafygarden (BlockPamNormalGarden)
  harvestcraft:mushroomgarden (BlockPamMushroomGarden)
  harvestcraft:stalkgarden (BlockPamNormalGarden)
  harvestcraft:textilegarden (BlockPamNormalGarden)
  harvestcraft:tropicalgarden (BlockPamNormalGarden)
  harvestcraft:watergarden (BlockPamWaterGarden)
  harvestcraft:pamApple (BlockPamFruit)
  harvestcraft:pamappleSapling (BlockPamSapling)
  harvestcraft:pamAlmond (BlockPamFruit)
  harvestcraft:pamalmondSapling (BlockPamSapling)
  harvestcraft:pamApricot (BlockPamFruit)
  harvestcraft:pamapricotSapling (BlockPamSapling)
  harvestcraft:pamAvocado (BlockPamFruit)
  harvestcraft:pamavocadoSapling (BlockPamSapling)
  harvestcraft:pamBanana (BlockPamFruit)
  harvestcraft:pambananaSapling (BlockPamSapling)
  harvestcraft:pamCashew (BlockPamFruit)
  harvestcraft:pamcashewSapling (BlockPamSapling)
  harvestcraft:pamCherry (BlockPamFruit)
  harvestcraft:pamcherrySapling (BlockPamSapling)
  harvestcraft:pamChestnut (BlockPamFruit)
  harvestcraft:pamchestnutSapling (BlockPamSapling)
  harvestcraft:pamcinnamonSapling (BlockPamSapling)
  harvestcraft:pamCoconut (BlockPamFruit)
  harvestcraft:pamcoconutSapling (BlockPamSapling)
  harvestcraft:pamDate (BlockPamFruit)
  harvestcraft:pamdateSapling (BlockPamSapling)
  harvestcraft:pamDragonfruit (BlockPamFruit)
  harvestcraft:pamdragonfruitSapling (BlockPamSapling)
  harvestcraft:pamDurian (BlockPamFruit)
  harvestcraft:pamdurianSapling (BlockPamSapling)
  harvestcraft:pamFig (BlockPamFruit)
  harvestcraft:pamfigSapling (BlockPamSapling)
  harvestcraft:pamGrapefruit (BlockPamFruit)
  harvestcraft:pamgrapefruitSapling (BlockPamSapling)
  harvestcraft:pamLemon (BlockPamFruit)
  harvestcraft:pamlemonSapling (BlockPamSapling)
  harvestcraft:pamLime (BlockPamFruit)
  harvestcraft:pamlimeSapling (BlockPamSapling)
  harvestcraft:pammapleSapling (BlockPamSapling)
  harvestcraft:pamMango (BlockPamFruit)
  harvestcraft:pammangoSapling (BlockPamSapling)
  harvestcraft:pamNutmeg (BlockPamFruit)
  harvestcraft:pamnutmegSapling (BlockPamSapling)
  harvestcraft:pamOlive (BlockPamFruit)
  harvestcraft:pamoliveSapling (BlockPamSapling)
  harvestcraft:pamOrange (BlockPamFruit)
  harvestcraft:pamorangeSapling (BlockPamSapling)
  harvestcraft:pamPapaya (BlockPamFruit)
  harvestcraft:pampapayaSapling (BlockPamSapling)
  harvestcraft:pampaperbarkSapling (BlockPamSapling)
  harvestcraft:pamPeach (BlockPamFruit)
  harvestcraft:pampeachSapling (BlockPamSapling)
  harvestcraft:pamPear (BlockPamFruit)
  harvestcraft:pampearSapling (BlockPamSapling)
  harvestcraft:pamPecan (BlockPamFruit)
  harvestcraft:pampecanSapling (BlockPamSapling)
  harvestcraft:pamPeppercorn (BlockPamFruit)
  harvestcraft:pampeppercornSapling (BlockPamSapling)
  harvestcraft:pamPersimmon (BlockPamFruit)
  harvestcraft:pampersimmonSapling (BlockPamSapling)
  harvestcraft:pamPistachio (BlockPamFruit)
  harvestcraft:pampistachioSapling (BlockPamSapling)
  harvestcraft:pamPlum (BlockPamFruit)
  harvestcraft:pamplumSapling (BlockPamSapling)
  harvestcraft:pamPomegranate (BlockPamFruit)
  harvestcraft:pampomegranateSapling (BlockPamSapling)
  harvestcraft:pamStarfruit (BlockPamFruit)
  harvestcraft:pamstarfruitSapling (BlockPamSapling)
  harvestcraft:pamVanillabean (BlockPamFruit)
  harvestcraft:pamvanillabeanSapling (BlockPamSapling)
  harvestcraft:pamWalnut (BlockPamFruit)
  harvestcraft:pamwalnutSapling (BlockPamSapling)
  harvestcraft:pamGooseberry (BlockPamFruit)
  harvestcraft:pamgooseberrySapling (BlockPamSapling)
  harvestcraft:pamblackberryCrop (BlockPamCrop)
  harvestcraft:pamblueberryCrop (BlockPamCrop)
  harvestcraft:pamcandleberryCrop (BlockPamCrop)
  harvestcraft:pamraspberryCrop (BlockPamCrop)
  harvestcraft:pamstrawberryCrop (BlockPamCrop)
  harvestcraft:pamcactusfruitCrop (BlockPamCrop)
  harvestcraft:pamasparagusCrop (BlockPamCrop)
  harvestcraft:pambarleyCrop (BlockPamCrop)
  harvestcraft:pamoatsCrop (BlockPamCrop)
  harvestcraft:pamryeCrop (BlockPamCrop)
  harvestcraft:pamcornCrop (BlockPamCrop)
  harvestcraft:pambambooshootCrop (BlockPamCrop)
  harvestcraft:pamcantaloupeCrop (BlockPamCrop)
  harvestcraft:pamcucumberCrop (BlockPamCrop)
  harvestcraft:pamwintersquashCrop (BlockPamCrop)
  harvestcraft:pamzucchiniCrop (BlockPamCrop)
  harvestcraft:pambeetCrop (BlockPamCrop)
  harvestcraft:pamonionCrop (BlockPamCrop)
  harvestcraft:pamparsnipCrop (BlockPamCrop)
  harvestcraft:pampeanutCrop (BlockPamCrop)
  harvestcraft:pamradishCrop (BlockPamCrop)
  harvestcraft:pamrutabagaCrop (BlockPamCrop)
  harvestcraft:pamsweetpotatoCrop (BlockPamCrop)
  harvestcraft:pamturnipCrop (BlockPamCrop)
  harvestcraft:pamrhubarbCrop (BlockPamCrop)
  harvestcraft:pamceleryCrop (BlockPamCrop)
  harvestcraft:pamgarlicCrop (BlockPamCrop)
  harvestcraft:pamgingerCrop (BlockPamCrop)
  harvestcraft:pamspiceleafCrop (BlockPamCrop)
  harvestcraft:pamtealeafCrop (BlockPamCrop)
  harvestcraft:pamcoffeebeanCrop (BlockPamCrop)
  harvestcraft:pammustardseedsCrop (BlockPamCrop)
  harvestcraft:pambroccoliCrop (BlockPamCrop)
  harvestcraft:pamcauliflowerCrop (BlockPamCrop)
  harvestcraft:pamleekCrop (BlockPamCrop)
  harvestcraft:pamlettuceCrop (BlockPamCrop)
  harvestcraft:pamscallionCrop (BlockPamCrop)
  harvestcraft:pamartichokeCrop (BlockPamCrop)
  harvestcraft:pambrusselsproutCrop (BlockPamCrop)
  harvestcraft:pamcabbageCrop (BlockPamCrop)
  harvestcraft:pamspinachCrop (BlockPamCrop)
  harvestcraft:pamwhitemushroomCrop (BlockPamCrop)
  harvestcraft:pambeanCrop (BlockPamCrop)
  harvestcraft:pamsoybeanCrop (BlockPamCrop)
  harvestcraft:pambellpepperCrop (BlockPamCrop)
  harvestcraft:pamchilipepperCrop (BlockPamCrop)
  harvestcraft:pameggplantCrop (BlockPamCrop)
  harvestcraft:pamokraCrop (BlockPamCrop)
  harvestcraft:pampeasCrop (BlockPamCrop)
  harvestcraft:pamtomatoCrop (BlockPamCrop)
  harvestcraft:pamcottonCrop (BlockPamCrop)
  harvestcraft:pampineappleCrop (BlockPamCrop)
  harvestcraft:pamgrapeCrop (BlockPamCrop)
  harvestcraft:pamkiwiCrop (BlockPamCrop)
  harvestcraft:pamcranberryCrop (BlockPamCrop)
  harvestcraft:pamriceCrop (BlockPamCrop)
  harvestcraft:pamseaweedCrop (BlockPamCrop)
  harvestcraft:pamcurryleafCrop (BlockPamCrop)
  harvestcraft:pamsesameseedsCrop (BlockPamCrop)
  harvestcraft:pamwaterchestnutCrop (BlockPamCrop)
  harvestcraft:pamcandleDeco1 (BlockPamCandleDeco)
  harvestcraft:pamcandleDeco2 (BlockPamCandleDeco)
  harvestcraft:pamcandleDeco3 (BlockPamCandleDeco)
  harvestcraft:pamcandleDeco4 (BlockPamCandleDeco)
  harvestcraft:pamcandleDeco5 (BlockPamCandleDeco)
  harvestcraft:pamcandleDeco6 (BlockPamCandleDeco)
  harvestcraft:pamcandleDeco7 (BlockPamCandleDeco)
  harvestcraft:pamcandleDeco8 (BlockPamCandleDeco)
  harvestcraft:pamcandleDeco9 (BlockPamCandleDeco)
  harvestcraft:pamcandleDeco10 (BlockPamCandleDeco)
  harvestcraft:pamcandleDeco11 (BlockPamCandleDeco)
  harvestcraft:pamcandleDeco12 (BlockPamCandleDeco)
  harvestcraft:pamcandleDeco13 (BlockPamCandleDeco)
  harvestcraft:pamcandleDeco14 (BlockPamCandleDeco)
  harvestcraft:pamcandleDeco15 (BlockPamCandleDeco)
  harvestcraft:pamcandleDeco16 (BlockPamCandleDeco)
  Railcraft:fluid.steam (BlockRailcraftFluidFinite)
  Railcraft:residual.heat (BlockHidden)
  Railcraft:cube (BlockCube)
  Railcraft:anvil (BlockRCAnvil)
  Railcraft:track (BlockTrack)
  Railcraft:track.elevator (BlockTrackElevator)
  Railcraft:signal (BlockSignalRailcraft)
  Railcraft:stair (BlockRailcraftStairs)
  Railcraft:slab (BlockRailcraftSlab)
  Railcraft:lantern.stone (BlockLantern)
  Railcraft:lantern.metal (BlockLantern)
  Railcraft:brick.abyssal (BlockBrick)
  Railcraft:brick.bleachedbone (BlockBrick)
  Railcraft:brick.bloodstained (BlockBrick)
  Railcraft:brick.frostbound (BlockBrick)
  Railcraft:brick.infernal (BlockBrick)
  Railcraft:brick.quarried (BlockBrick)
  Railcraft:brick.sandy (BlockBrick)
  Railcraft:brick.nether (BlockBrick)
  Railcraft:post (BlockPost)
  Railcraft:post.metal (BlockPostMetal)
  Railcraft:post.metal.platform (BlockPostMetal)
  Railcraft:wall.alpha (BlockRailcraftWall)
  Railcraft:glass (BlockStrengthGlass)
  Railcraft:machine.epsilon (BlockMachine)
  Railcraft:ore (BlockOre)
  Railcraft:worldlogic (BlockWorldLogic)
  Railcraft:firestone.recharge (BlockFirestoneRecharge)
  Railcraft:machine.delta (BlockMachine)
  shincolle:BlockPolymetalOre (BlockPolymetalOre)
  shincolle:BlockVolBlock (BlockVolBlock)
  shincolle:BlockVolCore (BlockVolCore)
  shincolle:BlockAbyssium (BlockAbyssium)
  shincolle:BlockGrudge (BlockGrudge)
  shincolle:BlockPolymetal (BlockPolymetal)
  shincolle:BlockPolymetalGravel (BlockPolymetalGravel)
  shincolle:BlockGrudgeHeavy (BlockGrudgeHeavy)
  shincolle:BlockWaypoint (BlockWaypoint)
  THKaguyaMod:Danmaku Crafting Table (BlockDanmakuCraftingTable)
  THKaguyaMod:Divine Spirit (BlockDivineSpirit)
  TwilightForest:tile.TFRoots (BlockTFRoots)
  TwilightForest:tile.TFLeaves (BlockTFLeaves)
  TwilightForest:tile.TFFirefly (BlockTFFirefly)
  TwilightForest:tile.TFCicada (BlockTFCicada)
  TwilightForest:tile.TFPortal (BlockTFPortal)
  TwilightForest:tile.TFMazestone (BlockTFMazestone)
  TwilightForest:tile.TFHedge (BlockTFHedge)
  TwilightForest:tile.TFBossSpawner (BlockTFBossSpawner)
  TwilightForest:tile.TFSapling (BlockTFSapling)
  TwilightForest:tile.TFMoonworm (BlockTFMoonworm)
  TwilightForest:tile.TFMagicLeaves (BlockTFMagicLeaves)
  TwilightForest:tile.TFTowerStone (BlockTFTowerWood)
  TwilightForest:tile.TFTowerDevice (BlockTFTowerDevice)
  TwilightForest:tile.TFTowerTranslucent (BlockTFTowerTranslucent)
  TwilightForest:tile.TFTrophy (BlockTFTrophy)
  TwilightForest:tile.TFAuroraBrick (BlockTFAuroraBrick)
  TwilightForest:tile.TFUnderBrick (BlockTFUnderBrick)
  TwilightForest:tile.TFThornRose (BlockTFThornRose)
  TwilightForest:tile.TFLeaves3 (BlockTFLeaves3)
  TwilightForest:tile.TFDeadrock (BlockTFDeadrock)
  TwilightForest:tile.DarkLeaves (BlockTFDarkLeaves)
  TwilightForest:tile.TrollSteinn (BlockTFTrollSteinn)
  TwilightForest:tile.WispyCloud (BlockTFWispyCloud)
  TwilightForest:tile.FluffyCloud (BlockTFFluffyCloud)
  TwilightForest:tile.UberousSoil (BlockTFUberousSoil)
  TwilightForest:tile.HugeGloomBlock (BlockTFHugeGloomBlock)
  TwilightForest:tile.TrollVidr (BlockTFTrollRoot)
  TwilightForest:tile.UnripeTrollBer (BlockTFUnripeTorchCluster)
  TwilightForest:tile.TrollBer (BlockTFRipeTorchCluster)
  TwilightForest:tile.KnightmetalBlock (BlockTFKnightmetalBlock)
  TwilightForest:tile.HugeWaterLily (BlockTFHugeWaterLily)
  TwilightForest:tile.CastleBrick (BlockTFCastleBlock)
  TwilightForest:tile.CastleMagic (BlockTFCastleMagic)
  TwilightForest:tile.ForceField (BlockTFForceField)
  TacticalFrame:cupolaframe (BlockBase)
  TacticalFrame:cokeframe (BlockBase)
  TacticalFrame:flower_blue (BlockFlowerBlue)
  TacticalFrame:flower_red (BlockFlowerRed)
  TacticalFrame:flower_purple (BlockFlowerPurple)
  TacticalFrame:flower_green (BlockFlowerGreen)
  TacticalFrame:riceplant (BlockRicePlant)
  TacticalFrame:radishplant (BlockRadishPlant)
  TacticalFrame:temperedironblock (BlockBase)
  TacticalFrame:pigironblock (BlockPigIron)
  TacticalFrame:flamlightblock (BlockFlamlight)
  TacticalFrame:rigidoblock (BlockBase)
  TacticalFrame:lepreblock (BlockBase)
  TacticalFrame:rnanoblock (BlockBase)
  TacticalFrame:flamgem (BlockFlamGem)
  TacticalFrame:glowgem (BlockGlowGem)
  TacticalFrame:soltcauldron (BlockSoltCauldron)
  TacticalFrame:soltblock (BlockBase)
  TacticalFrame:sulfurblock (BlockBase)
  TacticalFrame:cokeblock (BlockBase)
  TacticalFrame:machineblock0 (BlockBase)
  TacticalFrame:machineblock1 (BlockMachine)
  TacticalFrame:slowice (BlockSlowIce)
  TacticalFrame:carryline_up (BlockCarryline_up)
  TacticalFrame:carryline_down (BlockCarryline_down)
  TacticalFrame:hardstone (BlockHardStone)
  TacticalFrame:hardstone_slab (BlockHardStoneSlab)
  TacticalFrame:hardstone_stairs (BlockHardStoneStairs)
  TacticalFrame:hardstone_stairs2 (BlockHardStoneStairs2)
  TacticalFrame:temperedstone (BlockTemperedStone)
  TacticalFrame:hardglass (BlockHardGlass)
  TacticalFrame:led_white (BlockLED)
  TacticalFrame:led_white_off (BlockLED)
  TacticalFrame:led_black (BlockLED)
  TacticalFrame:led_black_off (BlockLED)
  TacticalFrame:led_red (BlockLED)
  TacticalFrame:led_red_off (BlockLED)
  TacticalFrame:led_orange (BlockLED)
  TacticalFrame:led_orange_off (BlockLED)
  TacticalFrame:led_yellow (BlockLED)
  TacticalFrame:led_yellow_off (BlockLED)
  TacticalFrame:led_green (BlockLED)
  TacticalFrame:led_green_off (BlockLED)
  TacticalFrame:led_cyan (BlockLED)
  TacticalFrame:led_cyan_off (BlockLED)
  TacticalFrame:led_blue (BlockLED)
  TacticalFrame:led_blue_off (BlockLED)
  TacticalFrame:led_purple (BlockLED)
  TacticalFrame:led_purple_off (BlockLED)
  TacticalFrame:led_lime (BlockLED)
  TacticalFrame:led_lime_off (BlockLED)
  TacticalFrame:led_pink (BlockLED)
  TacticalFrame:led_pink_off (BlockLED)
  TacticalFrame:led_panel (BlockLEDPanel)
  TacticalFrame:aidstone (BlockAidStone)


===== 方向性方块列表 =====
  minecraft:grass (BlockGrass)
  minecraft:flowing_water (BlockDynamicLiquid)
  minecraft:water (BlockStaticLiquid)
  minecraft:flowing_lava (BlockDynamicLiquid)
  minecraft:lava (BlockStaticLiquid)
  minecraft:log (BlockOldLog)
  minecraft:dispenser (BlockDispenser)
  minecraft:sandstone (BlockSandStone)
  minecraft:bed (BlockBed)
  minecraft:sticky_piston (BlockPistonBase)
  minecraft:piston (BlockPistonBase)
  minecraft:piston_head (BlockPistonExtension)
  minecraft:double_stone_slab (BlockStoneSlab)
  minecraft:stone_slab (BlockStoneSlab)
  minecraft:tnt (BlockTNT)
  minecraft:bookshelf (BlockBookshelf)
  minecraft:crafting_table (BlockWorkbench)
  minecraft:farmland (BlockFarmland)
  minecraft:furnace (BlockFurnace)
  minecraft:lit_furnace (BlockFurnace)
  minecraft:cactus (BlockCactus)
  minecraft:jukebox (BlockJukebox)
  minecraft:pumpkin (BlockPumpkin)
  minecraft:lit_pumpkin (BlockPumpkin)
  minecraft:cake (BlockCake)
  minecraft:unpowered_repeater (BlockRedstoneRepeater)
  minecraft:powered_repeater (BlockRedstoneRepeater)
  minecraft:melon_block (BlockMelon)
  minecraft:mycelium (BlockMycelium)
  minecraft:enchanting_table (BlockEnchantmentTable)
  minecraft:cauldron (BlockCauldron)
  minecraft:end_portal_frame (BlockEndPortalFrame)
  minecraft:sandstone_stairs (BlockStairs)
  minecraft:unpowered_comparator (BlockRedstoneComparator)
  minecraft:powered_comparator (BlockRedstoneComparator)
  minecraft:daylight_detector (BlockDaylightDetector)
  minecraft:hopper (BlockHopper)
  minecraft:quartz_block (BlockQuartz)
  minecraft:quartz_stairs (BlockStairs)
  minecraft:dropper (BlockDropper)
  minecraft:log2 (BlockNewLog)
  minecraft:hay_block (BlockHay)
  BambooMod:jpChest (BlockJpchest)
  BambooMod:spaWater (BlockSpaWater)
  BambooMod:spaUnit (BlockSpaUnit)
  BambooMod:sakuraLog (BlockSakuraLog)
  BambooMod:decoPlaster (BlockDecoPlaster)
  BambooMod:decoCurvePlaster (BlockDecoPlaster)
  BambooMod:decoDCurvePlaster (BlockDecoPlaster)
  customnpcs:npcBorder (BlockBorder)
  customnpcs:npcBloodBlock (BlockBlood)
  flansmod:flansWorkbench (BlockFlansWorkbench)
  flansmod:armorBox.mwArmour (BlockArmourBox)
  flansmod:armorBox.ww2Armour (BlockArmourBox)
  flansmod:gunBox.modern (BlockGunBox)
  flansmod:gunBox.american (BlockGunBox)
  flansmod:gunBox.british (BlockGunBox)
  flansmod:gunBox.german (BlockGunBox)
  flansmod:gunBox.japanese (BlockGunBox)
  flansmod:gunBox.russian (BlockGunBox)
  IC2:blockOreCopper (BlockMetaData)
  IC2:blockOreTin (BlockMetaData)
  IC2:blockOreUran (BlockMetaData)
  IC2:blockOreLead (BlockMetaData)
  IC2:blockRubWood (BlockRubWood)
  IC2:blockHarz (BlockResin)
  IC2:blockRubber (BlockRubberSheet)
  IC2:blockFenceIron (BlockPoleFence)
  IC2:blockAlloy (BlockMetaData)
  IC2:blockBasalt (BlockMetaData)
  IC2:blockAlloyGlass (BlockTexGlass)
  IC2:blockReinforcedFoam (BlockReinforcedFoam)
  IC2:blockFoam (BlockFoam)
  IC2:blockWall (BlockWall)
  IC2:blockScaffold (BlockScaffold)
  IC2:blockIronScaffold (BlockScaffold)
  IC2:blockMetal (BlockMetal)
  IC2:blockCable (BlockCable)
  IC2:blockKineticGenerator (BlockKineticGenerator)
  IC2:blockHeatGenerator (BlockHeatGenerator)
  IC2:blockGenerator (BlockGenerator)
  IC2:blockReactorChamber (BlockReactorChamber)
  IC2:blockReactorFluidPort (BlockReactorFluidPort)
  IC2:blockReactorAccessHatch (BlockReactorAccessHatch)
  IC2:blockReactorRedstonePort (BlockReactorRedstonePort)
  IC2:blockreactorvessel (BlockReactorVessel)
  IC2:blockElectric (BlockElectric)
  IC2:blockChargepad (BlockChargepad)
  IC2:blockMachine (BlockMachine)
  IC2:blockMachine2 (BlockMachine2)
  IC2:blockMachine3 (BlockMachine3)
  IC2:blockLuminatorDark (BlockLuminator)
  IC2:blockLuminator (BlockLuminator)
  IC2:blockMiningPipe (BlockMiningPipe)
  IC2:blockMiningTip (BlockMiningTip)
  IC2:blockPersonal (BlockPersonal)
  IC2:blockITNT (BlockITNT)
  IC2:blockNuke (BlockITNT)
  IC2:blockDynamite (BlockDynamite)
  IC2:blockDynamiteRemote (BlockDynamite)
  IC2:blockCrop (BlockCrop)
  IC2:blockBarrel (BlockBarrel)
  IC2:fluidUuMatter (BlockIC2Fluid)
  IC2:fluidConstructionFoam (BlockIC2Fluid)
  IC2:fluidCoolant (BlockIC2Fluid)
  IC2:fluidHotCoolant (BlockIC2Fluid)
  IC2:fluidBiomass (BlockIC2Fluid)
  IC2:fluidDistilledWater (BlockIC2Fluid)
  IC2:fluidHotWater (BlockIC2Fluid)
  Thaumcraft:blockMagicalLog (BlockMagicalLog)
  Thaumcraft:blockCosmeticOpaque (BlockCosmeticOpaque)
  Thaumcraft:blockStoneDevice (BlockStoneDevice)
  Thaumcraft:blockLifter (BlockLifter)
  Thaumcraft:blockJar (BlockJar)
  Thaumcraft:blockLootUrn (BlockLoot)
  Thaumcraft:blockLootCrate (BlockLoot)
  harvestcraft:cuttingboard (BlockPamCuttingBoard)
  harvestcraft:pot (BlockPamPot)
  harvestcraft:beehive (BlockPamBeehive)
  harvestcraft:apiary (BlockPamApiary)
  harvestcraft:presser (BlockPamPresser)
  harvestcraft:sink (BlockPamSink)
  harvestcraft:market (BlockPamMarket)
  harvestcraft:oven (BlockPamOven)
  harvestcraft:ovenon (BlockPamOven)
  harvestcraft:churn (BlockPamChurn)
  harvestcraft:churnon (BlockPamChurn)
  harvestcraft:quern (BlockPamQuern)
  harvestcraft:quernon (BlockPamQuern)
  harvestcraft:pamCinnamon (BlockPamFruitingLog)
  harvestcraft:pamMaple (BlockPamFruitingLog)
  harvestcraft:pamPaperbark (BlockPamFruitingLog)
  harvestcraft:pamcarrotCake (BlockPamCake)
  harvestcraft:pamcheeseCake (BlockPamCake)
  harvestcraft:pamcherrycheeseCake (BlockPamCake)
  harvestcraft:pampineappleupsidedownCake (BlockPamCake)
  harvestcraft:pamchocolatesprinkleCake (BlockPamCake)
  harvestcraft:pamredvelvetCake (BlockPamCake)
  harvestcraft:pamlamingtonCake (BlockPamCake)
  harvestcraft:pampavlovaCake (BlockPamCake)
  harvestcraft:pamholidayCake (BlockPamCake)
  harvestcraft:pampumpkincheeseCake (BlockPamCake)
  Railcraft:fluid.creosote (BlockRailcraftFluid)
  Railcraft:machine.alpha (BlockMachine)
  Railcraft:machine.beta (BlockMachine)
  Railcraft:wall.beta (BlockRailcraftWall)
  Railcraft:detector (BlockDetector)
  Railcraft:machine.gamma (BlockMachine)
  Railcraft:frame (BlockFrame)
  shincolle:BlockCrane (BlockCrane)
  shincolle:BlockFrame (BlockFrame)
  shincolle:BlockLightLiquid (BlockLightLiquid)
  shincolle:BlockLightFluid (BasicBlockFluid)
  TwilightForest:tile.TFLog (BlockTFLog)
  TwilightForest:tile.TFFireflyJar (BlockTFFireflyJar)
  TwilightForest:tile.TFUncraftingTable (BlockTFUncraftingTable)
  TwilightForest:tile.TFFireJet (BlockTFFireJet)
  TwilightForest:tile.TFNagastone (BlockTFNagastone)
  TwilightForest:tile.TFMagicLog (BlockTFMagicLog)
  TwilightForest:tile.TFMagicLogSpecial (BlockTFMagicLogSpecial)
  TwilightForest:tile.TFShield (BlockTFShield)
  TwilightForest:tile.TFTrophyPedestal (BlockTFTrophyPedestal)
  TwilightForest:tile.TFThorns (BlockTFThorns)
  TwilightForest:tile.TFBurntThorns (BlockTFBurntThorns)
  TwilightForest:tile.AuroraPillar (BlockTFAuroraPillar)
  TwilightForest:tile.AuroraSlab (BlockTFAuroraSlab)
  TwilightForest:tile.AuroraDoubleSlab (BlockTFAuroraSlab)
  TwilightForest:tile.GiantCobble (BlockTFGiantCobble)
  TwilightForest:tile.GiantLog (BlockTFGiantLog)
  TwilightForest:tile.GiantLeaves (BlockTFGiantLeaves)
  TwilightForest:tile.GiantObsidian (BlockTFGiantObsidian)
  TwilightForest:tile.HugeStalk (BlockTFHugeStalk)
  TwilightForest:tile.HugeLilyPad (BlockTFHugeLilyPad)
  TwilightForest:tile.Slider (BlockTFSlider)
  TacticalFrame:guncraft (BlockGunCraft)
  TacticalFrame:cupola (BlockCupola)
  TacticalFrame:cokeoven (BlockCokeOven)
  TacticalFrame:biogenerator (BlockBiogenerator)
  TacticalFrame:smeltgenerator (BlockSmeltGenerator)
  TacticalFrame:energyreactor (BlockEnergyreactor)
  TacticalFrame:metalseparator (BlockMetalseparator)
  TacticalFrame:stonemaker (BlockStoneMaker)
  TacticalFrame:rigidocontainer (BlockRigidoContainer)
  TacticalFrame:flamcontainer (BlockFlamContainer)
  TacticalFrame:pulverizer (BlockPulverizer)
  TacticalFrame:repair (BlockRepair)
  TacticalFrame:rigidofurnace (BlockRigidoFurnace)
  TacticalFrame:arsfurnace (BlockArsFurnace)
  TacticalFrame:fierytrap (BlockFierytrap)
  TacticalFrame:explodetrap (BlockExplodetrap)
  TacticalFrame:cubeblock (BlockCubeblock)
  TacticalFrame:coreblock0 (BlockCoreblock0)
  TacticalFrame:coreblock1 (BlockCoreblock1)
  TacticalFrame:coreblock2 (BlockCoreblock2)
  TacticalFrame:coreblock3 (BlockCoreblock3)
  TacticalFrame:carryline (BlockCarryline)
  TacticalFrame:catapult (BlockCatapult)
  TacticalFrame:pipe (BlockPipe)


===== 自定义渲染方块列表 =====
  minecraft:air (BlockAir)
  customnpcs:npcCarpentyBench (BlockCarpentryBench)
  Thaumcraft:blockArcaneFurnace (BlockArcaneFurnace)
  shincolle:BlockDesk (BlockDesk)
  shincolle:BlockLightAir (BlockLightAir)
  shincolle:BlockSmallShipyard (BlockSmallShipyard)
  TwilightForest:tile.TFPlant (BlockTFPlant)
  IC2NuclearControl:blockNuclearControlMain (BlockNuclearControlMain)
  IC2NuclearControl:blockNuclearControlLight (BlockNuclearControlLight)


===== 错误方块列表 =====

===== 方块记录完成 =====