# Blender v2.72 (sub 0) OBJ File: ''
# www.blender.org
mtllib TM45B.mtl
o blade
v 0.209373 3.008876 -0.416385
v -0.136338 3.008877 -0.411175
v 0.106731 3.028220 -0.414446
v 0.084039 3.007911 -0.038816
v -0.042822 3.007911 -0.036906
v 0.053250 3.022561 -0.037094
v -0.118965 3.008877 -6.222207
v -0.370862 3.008882 -6.022421
v -0.127649 3.008875 -5.605493
v 0.202422 3.008877 -5.779216
v 0.103189 3.028902 -5.692354
v -0.255912 3.008876 -0.389517
v -0.424255 3.008877 -0.087517
v -0.305554 3.028220 -0.299657
v 0.008405 3.007911 -0.092189
v -0.053371 3.007911 0.018631
v -0.005498 3.022561 -0.064664
v -5.448070 3.008877 -3.008079
v -5.401000 3.008882 -2.690038
v -4.918322 3.008876 -2.692203
v -4.903734 3.008877 -3.064914
v -4.878130 3.028902 -2.935543
v -0.465286 3.008876 0.026866
v -0.287918 3.008877 0.323655
v -0.412286 3.028220 0.114788
v -0.075635 3.007911 -0.053375
v -0.010549 3.007911 0.055534
v -0.058749 3.022561 -0.027573
v -5.329106 3.008877 3.214126
v -5.030140 3.008882 3.332384
v -4.790674 3.008876 2.913288
v -5.106156 3.008877 2.714302
v -4.981314 3.028902 2.756808
v -0.209375 3.008876 0.416381
v 0.136336 3.008877 0.411170
v -0.106733 3.028220 0.414442
v -0.084040 3.007911 0.038812
v 0.042821 3.007911 0.036901
v -0.053252 3.022561 0.037090
v 0.118965 3.008878 6.222205
v 0.370861 3.008883 6.022425
v 0.127648 3.008876 5.605493
v -0.202422 3.008878 5.779216
v -0.103189 3.028903 5.692351
v 0.255911 3.008876 0.389513
v 0.424254 3.008877 0.087513
v 0.305552 3.028220 0.299652
v -0.008406 3.007911 0.092185
v 0.053370 3.007911 -0.018635
v 0.005496 3.022561 0.064660
v 5.448069 3.008877 3.008071
v 5.401002 3.008882 2.690033
v 4.918323 3.008876 2.692194
v 4.903733 3.008877 3.064905
v 4.878130 3.028902 2.935539
v 0.465285 3.008876 -0.026871
v 0.287917 3.008877 -0.323660
v 0.412284 3.028220 -0.114792
v 0.075633 3.007911 0.053371
v 0.010548 3.007911 -0.055539
v 0.058747 3.022561 0.027568
v 5.329104 3.008877 -3.214131
v 5.030141 3.008882 -3.332393
v 4.790673 3.008876 -2.913298
v 5.106154 3.008877 -2.714309
v 4.981312 3.028902 -2.756816
vt 0.809055 0.768292
vt 0.815944 0.774322
vt 0.793634 0.805073
vt 0.793031 0.762263
vt 0.808995 0.401869
vt 0.809045 0.704610
vt 0.792428 0.401688
vt 0.816426 0.402050
vt 0.816041 0.699462
vt 0.798920 0.375708
vt 0.805589 0.375721
vt 0.807726 0.375840
vt 0.776148 0.791205
usemtl mat1
s 1
f 11/1 10/2 7/3
f 22/1 21/2 18/3
f 33/1 32/2 29/3
f 44/1 43/2 40/3
f 55/1 54/2 51/3
f 66/1 65/2 62/3
f 9/4 3/5 11/6
f 9/4 2/7 3/5
f 11/6 1/8 10/9
f 3/5 1/8 11/6
f 9/4 1/8 2/7
f 10/9 1/8 9/4
f 3/5 5/10 6/11
f 3/5 2/7 5/10
f 2/7 4/12 5/10
f 2/7 1/8 4/12
f 4/12 3/5 6/11
f 4/12 1/8 3/5
f 9/4 7/3 10/2
f 9/4 8/13 7/3
f 11/1 8/13 9/4
f 11/1 7/3 8/13
f 20/4 14/5 22/6
f 20/4 13/7 14/5
f 22/6 12/8 21/9
f 22/6 14/5 12/8
f 20/4 12/8 13/7
f 20/4 21/9 12/8
f 14/5 16/10 17/11
f 14/5 13/7 16/10
f 13/7 15/12 16/10
f 13/7 12/8 15/12
f 15/12 14/5 17/11
f 15/12 12/8 14/5
f 20/4 18/3 21/2
f 20/4 19/13 18/3
f 22/1 19/13 20/4
f 22/1 18/3 19/13
f 31/4 25/5 33/6
f 31/4 24/7 25/5
f 33/6 23/8 32/9
f 33/6 25/5 23/8
f 31/4 23/8 24/7
f 31/4 32/9 23/8
f 25/5 27/10 28/11
f 25/5 24/7 27/10
f 24/7 26/12 27/10
f 24/7 23/8 26/12
f 26/12 25/5 28/11
f 26/12 23/8 25/5
f 31/4 29/3 32/2
f 31/4 30/13 29/3
f 33/1 30/13 31/4
f 33/1 29/3 30/13
f 42/4 36/5 44/6
f 42/4 35/7 36/5
f 44/6 34/8 43/9
f 44/6 36/5 34/8
f 42/4 34/8 35/7
f 42/4 43/9 34/8
f 36/5 38/10 39/11
f 36/5 35/7 38/10
f 35/7 37/12 38/10
f 35/7 34/8 37/12
f 37/12 36/5 39/11
f 37/12 34/8 36/5
f 42/4 40/3 43/2
f 42/4 41/13 40/3
f 44/1 41/13 42/4
f 44/1 40/3 41/13
f 53/4 47/5 55/6
f 53/4 46/7 47/5
f 55/6 45/8 54/9
f 55/6 47/5 45/8
f 53/4 45/8 46/7
f 53/4 54/9 45/8
f 47/5 49/10 50/11
f 47/5 46/7 49/10
f 46/7 48/12 49/10
f 46/7 45/8 48/12
f 48/12 47/5 50/11
f 48/12 45/8 47/5
f 53/4 51/3 54/2
f 53/4 52/13 51/3
f 55/1 52/13 53/4
f 55/1 51/3 52/13
f 64/4 58/5 66/6
f 64/4 57/7 58/5
f 66/6 56/8 65/9
f 66/6 58/5 56/8
f 64/4 56/8 57/7
f 64/4 65/9 56/8
f 58/5 60/10 61/11
f 58/5 57/7 60/10
f 57/7 59/12 60/10
f 57/7 56/8 59/12
f 59/12 58/5 61/11
f 59/12 56/8 58/5
f 64/4 62/3 65/2
f 64/4 63/13 62/3
f 66/1 63/13 64/4
f 66/1 62/3 63/13
o body
v 0.359757 1.756190 1.039832
v 0.719514 1.756190 0.416714
v 0.359757 1.756190 -0.206403
v -0.359758 1.756190 -0.206403
v -0.719516 1.756190 0.416714
v -0.359758 1.756190 1.039832
v 0.359757 1.116420 1.039832
v 0.719514 1.116420 0.416714
v 0.359757 1.116420 -0.206403
v -0.359758 1.116420 -0.206403
v -0.719516 1.116420 0.416714
v -0.359758 1.116420 1.039832
v -0.000001 1.116420 0.416714
v 0.012682 2.088496 -7.853528
v 0.040052 0.410831 -8.093502
v 0.122487 0.410831 -7.351127
v 0.056630 0.410831 -7.238310
v 0.071638 2.088496 -6.711498
v -0.013518 0.410831 -7.351127
v 0.009260 2.088496 -6.564191
v -0.060797 2.088496 -6.711498
v 0.280816 1.066180 5.162684
v 0.762994 1.260421 4.409434
v 0.994264 1.450551 3.403644
v -0.280818 1.066180 5.162684
v 0.791033 1.390398 3.396974
v -0.327232 1.110574 4.684871
v 0.327230 1.110574 4.684871
v 0.280813 1.341412 5.204402
v 0.762989 1.535653 4.451138
v 0.994259 1.725781 3.445359
v -0.280815 1.341412 5.204402
v 0.441463 1.573923 4.469108
v -0.135514 2.663330 -1.950130
v 0.284543 2.397321 -1.950130
v 0.284543 1.783224 -1.950130
v 0.135507 2.663330 -1.950130
v 0.158165 1.671569 -1.950130
v 0.220486 2.539083 -1.950130
v -0.067690 2.475617 -2.351949
v 0.067683 2.475617 -2.351949
v -0.117123 1.699363 -2.356145
v 0.117116 1.699363 -2.356145
v 0.210757 2.400445 -2.352358
v 0.210704 1.809375 -2.355552
v -0.210711 1.809375 -2.355552
v -0.210764 2.400445 -2.352358
v -0.000003 2.547304 -2.351562
v -0.000003 1.662598 -2.356343
v 0.110130 2.467105 -2.351995
v -0.110136 2.467105 -2.351995
v -0.791035 1.390398 3.396974
v -0.447986 0.900280 3.322688
v 0.447985 0.900280 3.322688
v -0.000003 1.606087 -2.018255
v -0.762996 1.260421 4.409434
v -0.994266 1.450551 3.403644
v -0.762992 1.535653 4.451138
v -0.994261 1.725781 3.445359
v 0.994268 1.596054 2.572958
v 0.791036 1.535900 2.566294
v 0.994262 1.871285 2.614681
v 0.718770 1.971490 2.204777
v -0.791032 1.535900 2.566294
v -0.447983 1.045784 2.492005
v 0.447987 1.045784 2.492005
v -0.994263 1.596054 2.572958
v -0.994259 1.871285 2.614681
v -0.718765 1.971490 2.204777
v 0.882101 1.659205 2.156321
v 0.712377 1.599053 2.149654
v 0.882096 1.934434 2.198039
v -0.712370 1.599053 2.149654
v -0.436949 1.307829 2.105515
v 0.436955 1.307829 2.105515
v -0.882094 1.659205 2.156321
v -0.882091 1.934434 2.198039
v 0.882100 1.746297 1.581744
v 0.712376 1.686144 1.575076
v 0.729606 2.058584 1.630201
v -0.712371 1.686144 1.575076
v -0.436949 1.394922 1.530935
v 0.436955 1.394922 1.530935
v -0.882095 1.746297 1.581744
v -0.729600 2.058584 1.630201
v 0.487123 2.440704 2.062348
v -0.487117 2.440704 2.062348
v 0.494466 2.527794 1.487767
v -0.494461 2.527794 1.487767
v 0.712379 1.697227 -0.566767
v -0.712368 1.697227 -0.566767
v -0.436946 1.406004 -0.566767
v 0.436958 1.406004 -0.566767
v 0.362948 2.538877 -0.566767
v -0.362937 2.538877 -0.566767
v 0.882096 2.021528 1.623460
v 0.713136 2.500276 1.489150
v -0.882091 2.021528 1.623460
v -0.713138 2.492353 1.489150
v -0.882093 1.757380 -0.566767
v -0.713138 2.492353 -0.566767
v 0.719710 2.152383 1.404217
v -0.712888 2.147834 1.406476
v 0.544840 2.467219 1.308644
v -0.538018 2.462668 1.310904
v 0.793188 2.127517 1.399693
v 0.678998 2.443298 1.309571
v -0.788180 2.122967 1.401955
v -0.674427 2.433436 1.311829
v -0.349416 2.533335 0.778763
v 0.349424 2.533335 0.778763
v 0.285677 2.893841 -0.564853
v -0.285666 2.893841 -0.564853
v -0.275024 2.888301 0.462414
v 0.275033 2.888301 0.462414
v 0.628318 1.775390 3.461649
v -0.628320 1.775389 3.461649
v 0.616167 1.984045 2.216823
v -0.616158 1.984042 2.216823
v 0.413103 2.383929 2.092878
v -0.413094 2.383928 2.092878
v 0.413103 2.200841 3.525828
v -0.413094 2.200841 3.525828
v -0.441465 1.573922 4.469108
v 0.543831 1.787423 3.476168
v -0.543834 1.787423 3.476168
v 0.328616 2.163879 3.538029
v -0.328607 2.163879 3.538029
v 0.299339 1.845367 4.458964
v -0.299341 1.845367 4.458964
v 0.000006 1.406004 -0.689458
v -0.174706 2.533335 1.181734
v 0.174714 2.533335 1.181734
v 0.192219 1.453082 5.243531
v -0.192221 1.453082 5.243531
v -0.319345 1.508124 4.728590
v 0.319343 1.508124 4.728590
v 0.200044 1.271881 5.454309
v -0.200045 1.271881 5.454309
v 0.160627 1.351431 5.482186
v -0.160629 1.351431 5.482186
v 0.346498 2.412920 -1.740553
v 0.397629 1.778212 -1.681790
v 0.882103 1.757380 -0.566767
v 0.713136 2.500276 -0.566767
v 0.689923 2.399379 -1.523644
v 0.700917 1.891114 -1.522143
v -0.284550 2.397321 -1.950130
v -0.284550 1.783224 -1.950130
v -0.158172 1.671569 -1.950130
v -0.220492 2.539083 -1.950130
v -0.712381 1.697227 -0.566767
v -0.436959 1.406004 -0.566767
v -0.362950 2.538877 -0.566767
v -0.346500 2.412920 -1.740553
v -0.397631 1.778212 -1.681790
v -0.882105 1.757380 -0.566767
v -0.713138 2.500276 -0.566767
v -0.689924 2.399379 -1.523644
v -0.700918 1.891114 -1.522143
v -0.441465 1.573923 4.469108
v -0.994264 1.871285 2.614681
v -0.718772 1.971490 2.204777
v -0.882099 1.934434 2.198039
v -0.729608 2.058584 1.630201
v -0.882098 2.021528 1.623460
v -0.628320 1.775390 3.461649
v -0.616169 1.984045 2.216823
v -0.543833 1.787423 3.476168
v 0.114335 2.422502 -7.846879
v 1.566019 2.761348 -7.792799
v 1.561076 2.810868 -7.300666
v 1.559839 2.761346 -7.143814
v 0.046682 2.472022 -6.986978
v 1.561076 2.711831 -7.300666
v 0.125967 2.422507 -6.765244
v 0.046682 2.372982 -6.986978
v 1.551726 2.838596 -7.044809
v 1.626926 2.838596 -7.044809
v 1.551726 2.693488 -7.044809
v 1.626926 2.693488 -7.044809
v 1.666457 2.808168 -7.067272
v 1.666457 2.723914 -7.067272
v 1.666457 2.808168 -7.765496
v 1.626926 2.838596 -7.813144
v 1.666457 2.723914 -7.765496
v 1.626926 2.693488 -7.813144
v 1.626926 2.786592 -7.888733
v 1.551726 2.786592 -7.888733
v 1.551726 2.838596 -7.813144
v 1.551726 2.693488 -7.813144
v 1.551726 2.745488 -7.888733
v 1.626926 2.745488 -7.888733
v 1.605157 2.800011 -7.783313
v 2.221406 3.867216 -8.029039
v 2.185705 3.851110 -7.770415
v 2.223827 3.861593 -7.687998
v 1.563658 2.797399 -7.255877
v 2.260970 3.874326 -7.770415
v 1.605156 2.800011 -7.119866
v 1.638923 2.820613 -7.255877
v 1.605157 2.726897 -7.783313
v 2.221406 1.141512 -8.029039
v 2.185705 1.157619 -7.770415
v 2.223827 1.147136 -7.687998
v 1.563658 2.729506 -7.255877
v 2.260970 1.134403 -7.770415
v 1.605156 2.726897 -7.119866
v 1.638923 2.706293 -7.255877
v 3.335256 1.499958 -0.840180
v 3.523860 -0.575250 -0.990361
v 3.591534 -0.575250 -0.616858
v 3.525677 -0.575250 -0.504046
v 3.394213 1.499958 0.301845
v 3.455529 -0.575250 -0.616858
v 3.331833 1.499958 0.449157
v 3.261778 1.499958 0.301845
v 0.799367 1.878788 -0.602288
v 3.254755 1.532839 -0.964135
v 3.250902 1.618552 0.142990
v 3.249936 1.532833 0.366469
v 0.807072 1.964504 0.923148
v 3.250902 1.447126 0.142990
v 0.799367 1.878793 1.239101
v 0.807072 1.793072 0.923148
v 3.241509 1.720145 0.560617
v 3.395726 1.720145 0.560617
v 3.241509 1.422572 0.560617
v 3.395726 1.422572 0.560617
v 3.476799 1.657749 0.514548
v 3.476799 1.484970 0.514548
v 3.476799 1.657749 -0.917323
v 3.395726 1.720145 -1.015033
v 3.476799 1.484970 -0.917323
v 3.395726 1.422572 -1.015033
v 3.395726 1.613502 -1.170053
v 3.241509 1.613502 -1.170053
v 3.241509 1.720145 -1.015033
v 3.241509 1.422572 -1.015033
v 3.241509 1.529217 -1.170053
v 3.395726 1.529217 -1.170053
v 3.335255 1.622610 -0.840181
v 3.523860 2.365024 -0.990362
v 3.591534 2.365024 -0.616859
v 3.525677 2.365024 -0.504046
v 3.394213 1.622611 0.301844
v 3.455529 2.365024 -0.616859
v 3.331833 1.622611 0.449157
v 3.261778 1.622611 0.301844
v -0.114337 2.422502 -7.846879
v -1.566021 2.761348 -7.792799
v -1.561077 2.810868 -7.300666
v -1.559841 2.761346 -7.143814
v -0.046684 2.472022 -6.986978
v -1.561077 2.711831 -7.300666
v -0.125968 2.422507 -6.765244
v -0.046684 2.372982 -6.986978
v -1.551728 2.838596 -7.044809
v -1.626928 2.838596 -7.044809
v -1.551728 2.693488 -7.044809
v -1.626928 2.693488 -7.044809
v -1.666459 2.808168 -7.067272
v -1.666459 2.723914 -7.067272
v -1.666459 2.808168 -7.765496
v -1.626928 2.838596 -7.813144
v -1.666459 2.723914 -7.765496
v -1.626928 2.693488 -7.813144
v -1.626928 2.786592 -7.888733
v -1.551728 2.786592 -7.888733
v -1.551728 2.838596 -7.813144
v -1.551728 2.693488 -7.813144
v -1.551728 2.745488 -7.888733
v -1.626928 2.745488 -7.888733
v -1.605159 2.800011 -7.783313
v -2.221407 3.867216 -8.029039
v -2.185707 3.851110 -7.770415
v -2.223829 3.861593 -7.687998
v -1.563660 2.797399 -7.255877
v -2.260971 3.874326 -7.770415
v -1.605157 2.800011 -7.119866
v -1.638925 2.820613 -7.255877
v -1.605159 2.726897 -7.783313
v -2.221407 1.141512 -8.029039
v -2.185707 1.157619 -7.770415
v -2.223829 1.147136 -7.687998
v -1.563660 2.729506 -7.255877
v -2.260971 1.134403 -7.770415
v -1.605157 2.726897 -7.119866
v -1.638925 2.706293 -7.255877
v -3.335258 1.499958 -0.840180
v -3.523861 -0.575250 -0.990361
v -3.591534 -0.575250 -0.616858
v -3.525678 -0.575250 -0.504046
v -3.394215 1.499958 0.301845
v -3.455531 -0.575250 -0.616858
v -3.331835 1.499958 0.449157
v -3.261780 1.499958 0.301845
v -0.799368 1.878788 -0.602288
v -3.254757 1.532839 -0.964135
v -3.250904 1.618552 0.142990
v -3.249938 1.532833 0.366469
v -0.807074 1.964504 0.923148
v -3.250904 1.447126 0.142990
v -0.799368 1.878793 1.239101
v -0.807074 1.793072 0.923148
v -3.241511 1.720145 0.560617
v -3.395728 1.720145 0.560617
v -3.241511 1.422572 0.560617
v -3.395728 1.422572 0.560617
v -3.476800 1.657749 0.514548
v -3.476800 1.484970 0.514548
v -3.476800 1.657749 -0.917323
v -3.395728 1.720145 -1.015033
v -3.476800 1.484970 -0.917323
v -3.395728 1.422572 -1.015033
v -3.395728 1.613502 -1.170053
v -3.241511 1.613502 -1.170053
v -3.241511 1.720145 -1.015033
v -3.241511 1.422572 -1.015033
v -3.241511 1.529217 -1.170053
v -3.395728 1.529217 -1.170053
v -3.335258 1.622610 -0.840181
v -3.523861 2.365024 -0.990362
v -3.591533 2.365024 -0.616859
v -3.525678 2.365024 -0.504046
v -3.394215 1.622611 0.301844
v -3.455531 2.365024 -0.616859
v -3.331835 1.622611 0.449157
v -3.261780 1.622611 0.301844
v -0.000001 3.320163 -0.000002
v -0.000001 3.320163 0.340508
v 0.294890 3.320163 0.170253
v 0.294890 3.320163 -0.170257
v -0.000001 3.320163 -0.340513
v -0.294892 3.320163 -0.170257
v -0.294892 3.320163 0.170253
v -0.000001 3.123797 0.340508
v 0.294890 3.123797 0.170253
v 0.294890 3.123797 -0.170257
v -0.000001 3.123797 -0.340513
v -0.294892 3.123797 -0.170257
v -0.294892 3.123797 0.170253
v -0.000001 3.123797 -0.000002
v -0.000001 1.278627 -0.148253
v 0.294890 1.445138 -0.183762
v 0.294890 1.778162 -0.254777
v -0.000001 1.944673 -0.290283
v -0.294892 1.778162 -0.254777
v -0.294892 1.445138 -0.183762
v -0.000001 0.897331 -1.936324
v 0.294890 1.063843 -1.971829
v 0.294890 1.396866 -2.042845
v -0.000001 1.563377 -2.078351
v -0.294892 1.396866 -2.042845
v -0.294892 1.063843 -1.971829
v -0.000001 0.926216 -1.939465
v 0.269570 1.078429 -1.971923
v 0.269570 1.382859 -2.036838
v -0.000001 1.535074 -2.069300
v -0.269572 1.382859 -2.036838
v -0.269572 1.078429 -1.971923
v -0.000001 0.865227 -2.471743
v 0.227524 0.993699 -2.499140
v 0.227524 1.250643 -2.553931
v -0.000001 1.379115 -2.581328
v -0.227525 1.250643 -2.553931
v -0.227525 0.993699 -2.499140
v -0.000001 1.198922 -2.153147
v -0.000001 3.196149 0.124319
v 0.107675 3.196149 0.062153
v 0.107675 3.196149 -0.062180
v -0.000001 3.196149 -0.124347
v -0.107676 3.196149 -0.062180
v -0.107676 3.196149 0.062153
v -0.000001 2.866876 0.124319
v 0.107675 2.866876 0.062153
v 0.107675 2.866876 -0.062180
v -0.000001 2.866876 -0.124347
v -0.107676 2.866876 -0.062180
v -0.107676 2.866876 0.062153
v 0.346498 2.412920 -1.740553
v 0.397629 1.778212 -1.681790
v 0.689923 2.399379 -1.523644
v 0.700917 1.891114 -1.522143
v 0.384791 2.373614 -2.037291
v 0.413903 1.898755 -2.024186
v 0.661996 2.389498 -1.968683
v 0.670631 1.903485 -1.972590
v 0.430769 2.333750 -1.689809
v 0.450993 1.937437 -1.679128
v 0.637115 2.341188 -1.718817
v 0.647671 1.940277 -1.722003
v -0.346500 2.412920 -1.740553
v -0.397631 1.778212 -1.681790
v -0.689924 2.399379 -1.523644
v -0.700918 1.891114 -1.522143
v -0.381285 2.373614 -2.037291
v -0.413904 1.898755 -2.024186
v -0.661998 2.389498 -1.968683
v -0.670633 1.903485 -1.972590
v -0.430771 2.333750 -1.689809
v -0.450995 1.937437 -1.679128
v -0.637117 2.341188 -1.718817
v -0.647672 1.940277 -1.722003
v -0.038562 2.496704 -7.877480
v 0.038556 2.496704 -7.877480
v -0.066744 2.077326 -7.877480
v 0.066737 2.077326 -7.877480
v 0.120064 2.443366 -7.877480
v 0.120064 2.165556 -7.877480
v -0.120070 2.165556 -7.877480
v -0.120070 2.443366 -7.877480
v -0.000003 2.547567 -7.877480
v -0.000003 2.061354 -7.877480
v 0.062736 2.499115 -7.877480
v -0.062743 2.499115 -7.877480
v -0.028447 2.493239 -8.047485
v 0.028441 2.493239 -8.047485
v -0.049237 2.155267 -8.047485
v 0.049231 2.155267 -8.047485
v 0.088569 2.447543 -8.047485
v 0.088569 2.230856 -8.047485
v -0.088575 2.230856 -8.047485
v -0.088575 2.447543 -8.047485
v -0.000003 2.536816 -8.047485
v -0.000003 2.141585 -8.047485
v 0.046279 2.495304 -8.047485
v -0.046285 2.495304 -8.047485
v -0.016684 2.506482 -8.136763
v 0.016678 2.506482 -8.136763
v -0.028876 2.220965 -8.136763
v 0.028870 2.220965 -8.136763
v 0.051940 2.479683 -8.136763
v 0.051940 2.265296 -8.136763
v -0.051946 2.265296 -8.136763
v -0.051946 2.479683 -8.136763
v -0.000003 2.532036 -8.136763
v -0.000003 2.212944 -8.136763
v 0.027139 2.507694 -8.136763
v -0.027145 2.507694 -8.136763
v -0.000004 2.421973 -8.174204
v -0.067690 2.475617 -2.351949
v 0.067683 2.475617 -2.351949
v -0.117123 1.699363 -2.356145
v 0.117116 1.699363 -2.356145
v 0.210757 2.400445 -2.352358
v 0.210704 1.809375 -2.355552
v -0.210711 1.809375 -2.355552
v -0.210764 2.400445 -2.352358
v -0.000003 2.547304 -2.351562
v -0.000003 1.662598 -2.356343
v 0.110130 2.467105 -2.351995
v -0.110136 2.467105 -2.351995
v 0.012682 2.088496 -7.853528
v 0.071638 2.088496 -6.711498
v 0.009260 2.088496 -6.564191
v -0.060797 2.088496 -6.711498
v -0.302097 1.032666 5.214047
v -0.302097 0.958012 5.470059
v -0.302097 1.217059 5.406709
v -0.302097 1.291713 5.150684
v -0.302097 1.107320 4.958026
v -0.302097 0.848274 5.021385
v -0.302097 0.773619 5.277403
v -0.231610 0.937344 5.540942
v -0.231610 1.268106 5.460043
v -0.231610 1.363428 5.133148
v -0.231610 1.127988 4.887150
v -0.231610 0.797227 4.968049
v -0.231610 0.701905 5.294941
v 0.231609 0.937344 5.540942
v 0.231609 1.268106 5.460043
v 0.231609 1.363428 5.133148
v 0.231609 1.127988 4.887150
v 0.231609 0.797227 4.968049
v 0.231609 0.701905 5.294941
v 0.302095 0.958012 5.470059
v 0.302095 1.217059 5.406709
v 0.302095 1.291713 5.150684
v 0.302095 1.107320 4.958026
v 0.302095 0.848274 5.021385
v 0.302095 0.773619 5.277403
v 0.302095 1.032666 5.214047
v -1.870355 1.573708 0.407482
v -1.870355 0.000678 0.407482
v -1.688857 1.573708 0.407482
v -1.688857 0.000678 0.407482
v -1.688857 1.573708 -0.407482
v -1.688857 0.000677 -0.407482
v -1.870355 1.573708 -0.407482
v -1.870355 0.000677 -0.407482
v -1.307644 -0.957067 0.407482
v -1.312307 -0.614691 0.407482
v -1.312307 -0.614691 -0.407482
v -1.307644 -0.957067 -0.407482
v 1.870355 1.573708 0.407482
v 1.870355 0.000678 0.407482
v 1.688857 1.573708 0.407482
v 1.688857 0.000678 0.407482
v 1.688857 1.573708 -0.407482
v 1.688857 0.000677 -0.407482
v 1.870355 1.573708 -0.407482
v 1.870355 0.000677 -0.407482
v 1.307644 -0.957067 0.407482
v 1.312307 -0.614691 0.407482
v 1.312307 -0.614691 -0.407482
v 1.307644 -0.957067 -0.407482
v 3.003740 0.633192 1.022321
v 3.062888 0.735630 1.022321
v 3.003740 0.838067 1.022321
v 2.885463 0.838067 1.022321
v 2.826316 0.735628 1.022321
v 2.885461 0.633192 1.022321
v 3.003740 0.633192 -1.617992
v 3.062888 0.735630 -1.617992
v 3.003740 0.838066 -1.617992
v 2.885463 0.838066 -1.617992
v 2.826316 0.735628 -1.617992
v 2.885461 0.633192 -1.617992
v 2.944600 0.735630 -1.420979
v 2.995522 0.647428 1.128003
v 3.046448 0.735630 1.128003
v 2.995523 0.823832 1.128003
v 2.893680 0.823831 1.128003
v 2.842756 0.735629 1.128003
v 2.893680 0.647427 1.128003
v 2.944600 0.735630 1.203652
v 2.978602 0.676741 1.203652
v 3.012595 0.735630 1.203652
v 2.978602 0.794518 1.203652
v 2.910601 0.794517 1.203652
v 2.876606 0.735629 1.203652
v 2.910600 0.676741 1.203652
v 2.883147 0.669371 -1.171509
v 2.734048 0.520268 -1.382341
v 2.734048 0.520268 -1.582223
v 2.883147 0.669371 -1.584961
v 2.878344 0.674177 -1.171509
v 2.729238 0.525072 -1.382341
v 2.729238 0.525072 -1.582223
v 2.878344 0.674177 -1.584961
v 3.007491 0.793715 -1.171509
v 3.156596 0.942820 -1.382341
v 3.156596 0.942820 -1.582223
v 3.007491 0.793715 -1.584961
v 3.002687 0.798521 -1.171509
v 3.151791 0.947624 -1.382341
v 3.151791 0.947624 -1.582223
v 3.002687 0.798521 -1.584961
v 2.890291 0.782661 0.798764
v 2.768754 0.904191 0.626921
v 2.768754 0.904191 0.464007
v 2.890291 0.782661 0.461776
v 2.894202 0.786581 0.798764
v 2.772670 0.908111 0.626921
v 2.772670 0.908111 0.464007
v 2.894202 0.786581 0.461776
v 2.991631 0.681311 0.798764
v 3.113166 0.559781 0.626921
v 3.113166 0.559781 0.464007
v 2.991631 0.681311 0.461776
v 2.995546 0.685232 0.798764
v 3.117082 0.563701 0.626921
v 3.117082 0.563701 0.464007
v 2.995546 0.685232 0.461776
v 2.276922 1.266264 0.030473
v 2.276922 1.266264 0.091158
v 2.321199 1.304010 0.030473
v 2.321199 1.304010 0.091158
v 2.321199 1.068369 0.091158
v 2.321199 1.068369 0.030473
v 2.276922 1.106115 0.091158
v 2.276922 1.106115 0.030473
v 3.077525 1.106115 0.030473
v 3.077525 1.106115 0.091158
v 3.033247 1.068369 0.091158
v 3.033247 1.068369 0.030473
v 3.033247 1.304010 0.030473
v 3.033247 1.304010 0.091158
v 3.077525 1.266264 0.091158
v 3.077525 1.266264 0.030473
v 2.276922 0.821368 0.030473
v 2.276922 0.821368 0.091158
v 2.321199 0.859116 0.030473
v 2.321199 0.859116 0.091158
v 2.321199 0.623474 0.091158
v 2.321199 0.623474 0.030473
v 2.276922 0.661220 0.091158
v 2.276922 0.661220 0.030473
v 3.077525 0.661220 0.030473
v 3.077525 0.661220 0.091158
v 3.033247 0.623474 0.091158
v 3.033247 0.623474 0.030473
v 3.033247 0.859116 0.030473
v 3.033247 0.859116 0.091158
v 3.077525 0.821368 0.091158
v 3.077525 0.821368 0.030473
v 2.718852 1.602016 0.038775
v 2.648092 1.602016 0.038775
v 2.718852 1.219676 0.038775
v 2.648094 1.219676 0.038775
v 2.718852 1.219676 -0.756118
v 2.648094 1.219676 -0.756118
v 2.718852 1.602016 -0.756118
v 2.648092 1.602016 -0.756118
v 2.718852 1.156931 0.038775
v 2.648094 1.156931 0.038775
v 2.718852 1.156931 -0.756118
v 2.648094 1.156931 -0.756118
v 2.893773 1.219676 0.038775
v 2.893773 1.219676 -0.756118
v 2.893773 1.156931 0.038775
v 2.893773 1.156931 -0.756118
v 2.516876 1.219676 0.038775
v 2.516876 1.219676 -0.756118
v 2.516876 1.156931 0.038775
v 2.516876 1.156931 -0.756118
v 2.718852 0.775562 0.038775
v 2.648094 0.775562 0.038775
v 2.718852 0.775562 -0.756118
v 2.648094 0.775562 -0.756118
v 2.718852 0.706973 0.038775
v 2.648094 0.706973 0.038775
v 2.718852 0.706973 -0.756118
v 2.648094 0.706973 -0.756118
v 2.515396 0.775562 0.038775
v 2.515396 0.775562 -0.756118
v 2.515396 0.706973 0.038775
v 2.515396 0.706973 -0.756118
v 2.904227 0.775562 0.038775
v 2.904227 0.775562 -0.756118
v 2.904227 0.706973 0.038775
v 2.904227 0.706973 -0.756118
v 1.533368 1.680032 0.577739
v 1.533368 0.823391 0.577739
v 1.690526 1.680032 0.577739
v 1.690526 0.823391 0.577739
v 1.690526 1.680032 -0.577743
v 1.690526 0.823391 -0.577742
v 1.533368 1.680032 -0.577743
v 1.533368 0.823391 -0.577742
v -2.276924 1.266264 0.030473
v -2.276924 1.266264 0.091158
v -2.321202 1.304010 0.030473
v -2.321202 1.304010 0.091158
v -2.321202 1.068369 0.091158
v -2.321202 1.068369 0.030473
v -2.276924 1.106115 0.091158
v -2.276924 1.106115 0.030473
v -3.077530 1.106115 0.030473
v -3.077530 1.106115 0.091158
v -3.033250 1.068369 0.091158
v -3.033250 1.068369 0.030473
v -3.033250 1.304010 0.030473
v -3.033250 1.304010 0.091158
v -3.077530 1.266264 0.091158
v -3.077530 1.266264 0.030473
v -2.276924 0.821368 0.030473
v -2.276924 0.821368 0.091158
v -2.321202 0.859116 0.030473
v -2.321202 0.859116 0.091158
v -2.321202 0.623474 0.091158
v -2.321202 0.623474 0.030473
v -2.276924 0.661220 0.091158
v -2.276924 0.661220 0.030473
v -3.077530 0.661220 0.030473
v -3.077530 0.661220 0.091158
v -3.033250 0.623474 0.091158
v -3.033250 0.623474 0.030473
v -3.033250 0.859116 0.030473
v -3.033250 0.859116 0.091158
v -3.077530 0.821368 0.091158
v -3.077530 0.821368 0.030473
v -2.718854 1.602016 0.038775
v -2.648094 1.602016 0.038775
v -2.718854 1.219676 0.038775
v -2.648094 1.219676 0.038775
v -2.718854 1.219676 -0.756118
v -2.648094 1.219676 -0.756118
v -2.718854 1.602016 -0.756118
v -2.648094 1.602016 -0.756118
v -2.718854 1.156931 0.038775
v -2.648094 1.156931 0.038775
v -2.718854 1.156931 -0.756118
v -2.648094 1.156931 -0.756118
v -2.893776 1.219676 0.038775
v -2.893776 1.219676 -0.756118
v -2.893776 1.156931 0.038775
v -2.893776 1.156931 -0.756118
v -2.516877 1.219676 0.038775
v -2.516877 1.219676 -0.756118
v -2.516877 1.156931 0.038775
v -2.516877 1.156931 -0.756118
v -2.718854 0.775562 0.038775
v -2.648094 0.775562 0.038775
v -2.718854 0.775562 -0.756118
v -2.648094 0.775562 -0.756118
v -2.718854 0.706973 0.038775
v -2.648094 0.706973 0.038775
v -2.718854 0.706973 -0.756118
v -2.648094 0.706973 -0.756118
v -2.515398 0.775562 0.038775
v -2.515398 0.775562 -0.756118
v -2.515398 0.706973 0.038775
v -2.515398 0.706973 -0.756118
v -2.904229 0.775562 0.038775
v -2.904229 0.775562 -0.756118
v -2.904229 0.706973 0.038775
v -2.904229 0.706973 -0.756118
v -1.533369 1.680032 0.577739
v -1.533369 0.823391 0.577739
v -1.690527 1.680032 0.577739
v -1.690527 0.823391 0.577739
v -1.690527 1.680032 -0.577743
v -1.690527 0.823391 -0.577742
v -1.533369 1.680032 -0.577743
v -1.533369 0.823391 -0.577742
v 3.007491 0.674174 -1.171509
v 3.156596 0.525075 -1.382341
v 3.156596 0.525075 -1.582223
v 3.007491 0.674174 -1.584961
v 3.002686 0.669371 -1.171509
v 3.151793 0.520267 -1.382341
v 3.151793 0.520267 -1.582223
v 3.002686 0.669371 -1.584961
v 2.883148 0.798519 -1.171509
v 2.734045 0.947625 -1.382341
v 2.734045 0.947625 -1.582223
v 2.883148 0.798519 -1.584961
v 2.878344 0.793716 -1.171509
v 2.729239 0.942817 -1.382341
v 2.729239 0.942817 -1.582223
v 2.878344 0.793716 -1.584961
v 2.894202 0.681317 0.798764
v 2.772673 0.559782 0.626921
v 2.772673 0.559782 0.464007
v 2.894202 0.681317 0.461776
v 2.890283 0.685229 0.798764
v 2.768753 0.563698 0.626921
v 2.768753 0.563698 0.464007
v 2.890283 0.685229 0.461776
v 2.995554 0.782661 0.798764
v 3.117084 0.904195 0.626921
v 3.117084 0.904195 0.464007
v 2.995554 0.782661 0.461776
v 2.991631 0.786575 0.798764
v 3.113162 0.908108 0.626921
v 3.113162 0.908108 0.464007
v 2.991631 0.786575 0.461776
v 2.477289 0.633192 1.022321
v 2.536435 0.735630 1.022321
v 2.477289 0.838067 1.022321
v 2.359011 0.838067 1.022321
v 2.299864 0.735628 1.022321
v 2.359008 0.633192 1.022321
v 2.477289 0.633192 -1.617992
v 2.536435 0.735630 -1.617992
v 2.477289 0.838066 -1.617992
v 2.359011 0.838066 -1.617992
v 2.299864 0.735628 -1.617992
v 2.359008 0.633192 -1.617992
v 2.418149 0.735630 -1.420979
v 2.469075 0.647428 1.128003
v 2.519997 0.735630 1.128003
v 2.469075 0.823832 1.128003
v 2.367226 0.823831 1.128003
v 2.316303 0.735629 1.128003
v 2.367226 0.647427 1.128003
v 2.418149 0.735630 1.203652
v 2.452151 0.676741 1.203652
v 2.486144 0.735630 1.203652
v 2.452152 0.794518 1.203652
v 2.384151 0.794517 1.203652
v 2.350153 0.735629 1.203652
v 2.384151 0.676741 1.203652
v 2.356694 0.669371 -1.171509
v 2.207597 0.520268 -1.382341
v 2.207597 0.520268 -1.582223
v 2.356694 0.669371 -1.584961
v 2.351892 0.674177 -1.171509
v 2.202790 0.525072 -1.382341
v 2.202790 0.525072 -1.582223
v 2.351892 0.674177 -1.584961
v 2.481040 0.793715 -1.171509
v 2.630147 0.942820 -1.382341
v 2.630147 0.942820 -1.582223
v 2.481040 0.793715 -1.584961
v 2.476237 0.798521 -1.171509
v 2.625338 0.947624 -1.382341
v 2.625338 0.947624 -1.582223
v 2.476237 0.798521 -1.584961
v 2.363836 0.782661 0.798764
v 2.242304 0.904191 0.626921
v 2.242304 0.904191 0.464007
v 2.363836 0.782661 0.461776
v 2.367752 0.786581 0.798764
v 2.246219 0.908111 0.626921
v 2.246219 0.908111 0.464007
v 2.367752 0.786581 0.461776
v 2.465183 0.681311 0.798764
v 2.586715 0.559781 0.626921
v 2.586715 0.559781 0.464007
v 2.465183 0.681311 0.461776
v 2.469097 0.685232 0.798764
v 2.590630 0.563701 0.626921
v 2.590630 0.563701 0.464007
v 2.469097 0.685232 0.461776
v 2.481041 0.674174 -1.171509
v 2.630146 0.525075 -1.382341
v 2.630146 0.525075 -1.582223
v 2.481041 0.674174 -1.584961
v 2.476236 0.669371 -1.171509
v 2.625340 0.520267 -1.382341
v 2.625340 0.520267 -1.582223
v 2.476236 0.669371 -1.584961
v 2.356697 0.798519 -1.171509
v 2.207594 0.947625 -1.382341
v 2.207594 0.947625 -1.582223
v 2.356697 0.798519 -1.584961
v 2.351891 0.793716 -1.171509
v 2.202790 0.942817 -1.382341
v 2.202790 0.942817 -1.582223
v 2.351891 0.793716 -1.584961
v 2.367753 0.681317 0.798764
v 2.246222 0.559782 0.626921
v 2.246222 0.559782 0.464007
v 2.367753 0.681317 0.461776
v 2.363831 0.685229 0.798764
v 2.242301 0.563698 0.626921
v 2.242301 0.563698 0.464007
v 2.363831 0.685229 0.461776
v 2.469101 0.782661 0.798764
v 2.590632 0.904195 0.626921
v 2.590632 0.904195 0.464007
v 2.469101 0.782661 0.461776
v 2.465182 0.786575 0.798764
v 2.586713 0.908108 0.626921
v 2.586713 0.908108 0.464007
v 2.465182 0.786575 0.461776
v 3.003740 1.086535 1.022321
v 3.062888 1.188974 1.022321
v 3.003740 1.291410 1.022321
v 2.885463 1.291410 1.022321
v 2.826316 1.188971 1.022321
v 2.885461 1.086535 1.022321
v 3.003740 1.086535 -1.617992
v 3.062888 1.188973 -1.617992
v 3.003740 1.291409 -1.617992
v 2.885463 1.291409 -1.617992
v 2.826316 1.188971 -1.617992
v 2.885461 1.086535 -1.617992
v 2.944600 1.188973 -1.420979
v 2.995522 1.100771 1.128003
v 3.046448 1.188974 1.128003
v 2.995523 1.277174 1.128003
v 2.893680 1.277174 1.128003
v 2.842756 1.188972 1.128003
v 2.893680 1.100770 1.128003
v 2.944600 1.188974 1.203652
v 2.978602 1.130085 1.203652
v 3.012595 1.188974 1.203652
v 2.978602 1.247861 1.203652
v 2.910601 1.247860 1.203652
v 2.876606 1.188972 1.203652
v 2.910600 1.130084 1.203652
v 2.883147 1.122714 -1.171509
v 2.734048 0.973612 -1.382341
v 2.734048 0.973612 -1.582223
v 2.883147 1.122714 -1.584961
v 2.878344 1.127521 -1.171509
v 2.729238 0.978416 -1.382341
v 2.729238 0.978416 -1.582223
v 2.878344 1.127521 -1.584961
v 3.007491 1.247059 -1.171509
v 3.156596 1.396163 -1.382341
v 3.156596 1.396163 -1.582223
v 3.007491 1.247059 -1.584961
v 3.002687 1.251864 -1.171509
v 3.151791 1.400968 -1.382341
v 3.151791 1.400968 -1.582223
v 3.002687 1.251864 -1.584961
v 2.890291 1.236005 0.798764
v 2.768754 1.357534 0.626921
v 2.768754 1.357534 0.464007
v 2.890291 1.236004 0.461776
v 2.894202 1.239924 0.798764
v 2.772670 1.361455 0.626921
v 2.772670 1.361455 0.464007
v 2.894202 1.239924 0.461776
v 2.991631 1.134654 0.798764
v 3.113166 1.013125 0.626921
v 3.113166 1.013125 0.464007
v 2.991631 1.134654 0.461776
v 2.995546 1.138575 0.798764
v 3.117082 1.017044 0.626921
v 3.117082 1.017044 0.464007
v 2.995546 1.138575 0.461776
v 3.007491 1.127517 -1.171509
v 3.156596 0.978419 -1.382341
v 3.156596 0.978419 -1.582223
v 3.007491 1.127517 -1.584961
v 3.002686 1.122714 -1.171509
v 3.151793 0.973612 -1.382341
v 3.151793 0.973612 -1.582223
v 3.002686 1.122714 -1.584961
v 2.883148 1.251863 -1.171509
v 2.734045 1.400968 -1.382341
v 2.734045 1.400968 -1.582223
v 2.883148 1.251863 -1.584961
v 2.878344 1.247060 -1.171509
v 2.729239 1.396160 -1.382341
v 2.729239 1.396160 -1.582223
v 2.878344 1.247060 -1.584961
v 2.894202 1.134660 0.798764
v 2.772673 1.013125 0.626921
v 2.772673 1.013125 0.464007
v 2.894202 1.134660 0.461776
v 2.890283 1.138574 0.798764
v 2.768753 1.017041 0.626921
v 2.768753 1.017041 0.464007
v 2.890283 1.138574 0.461776
v 2.995554 1.236005 0.798764
v 3.117084 1.357539 0.626921
v 3.117084 1.357539 0.464007
v 2.995554 1.236005 0.461776
v 2.991631 1.239919 0.798764
v 3.113162 1.361452 0.626921
v 3.113162 1.361452 0.464007
v 2.991631 1.239919 0.461776
v 2.477289 1.086535 1.022321
v 2.536435 1.188974 1.022321
v 2.477289 1.291410 1.022321
v 2.359011 1.291410 1.022321
v 2.299864 1.188971 1.022321
v 2.359008 1.086535 1.022321
v 2.477289 1.086535 -1.617992
v 2.536435 1.188973 -1.617992
v 2.477289 1.291409 -1.617992
v 2.359011 1.291409 -1.617992
v 2.299864 1.188971 -1.617992
v 2.359008 1.086535 -1.617992
v 2.418149 1.188973 -1.420979
v 2.469075 1.100771 1.128003
v 2.519997 1.188974 1.128003
v 2.469075 1.277174 1.128003
v 2.367226 1.277174 1.128003
v 2.316303 1.188972 1.128003
v 2.367226 1.100770 1.128003
v 2.418149 1.188974 1.203652
v 2.452151 1.130085 1.203652
v 2.486144 1.188974 1.203652
v 2.452152 1.247861 1.203652
v 2.384151 1.247860 1.203652
v 2.350153 1.188972 1.203652
v 2.384151 1.130084 1.203652
v 2.356694 1.122714 -1.171509
v 2.207597 0.973612 -1.382341
v 2.207597 0.973612 -1.582223
v 2.356694 1.122714 -1.584961
v 2.351892 1.127521 -1.171509
v 2.202790 0.978416 -1.382341
v 2.202790 0.978416 -1.582223
v 2.351892 1.127521 -1.584961
v 2.481040 1.247059 -1.171509
v 2.630147 1.396163 -1.382341
v 2.630147 1.396163 -1.582223
v 2.481040 1.247059 -1.584961
v 2.476237 1.251864 -1.171509
v 2.625338 1.400968 -1.382341
v 2.625338 1.400968 -1.582223
v 2.476237 1.251864 -1.584961
v 2.363836 1.236005 0.798764
v 2.242304 1.357534 0.626921
v 2.242304 1.357534 0.464007
v 2.363836 1.236004 0.461776
v 2.367752 1.239924 0.798764
v 2.246219 1.361455 0.626921
v 2.246219 1.361455 0.464007
v 2.367752 1.239924 0.461776
v 2.465183 1.134654 0.798764
v 2.586715 1.013125 0.626921
v 2.586715 1.013125 0.464007
v 2.465183 1.134654 0.461776
v 2.469097 1.138575 0.798764
v 2.590630 1.017044 0.626921
v 2.590630 1.017044 0.464007
v 2.469097 1.138575 0.461776
v 2.481041 1.127517 -1.171509
v 2.630146 0.978419 -1.382341
v 2.630146 0.978419 -1.582223
v 2.481041 1.127517 -1.584961
v 2.476236 1.122714 -1.171509
v 2.625340 0.973612 -1.382341
v 2.625340 0.973612 -1.582223
v 2.476236 1.122714 -1.584961
v 2.356697 1.251863 -1.171509
v 2.207594 1.400968 -1.382341
v 2.207594 1.400968 -1.582223
v 2.356697 1.251863 -1.584961
v 2.351891 1.247060 -1.171509
v 2.202790 1.396160 -1.382341
v 2.202790 1.396160 -1.582223
v 2.351891 1.247060 -1.584961
v 2.367753 1.134660 0.798764
v 2.246222 1.013125 0.626921
v 2.246222 1.013125 0.464007
v 2.367753 1.134660 0.461776
v 2.363831 1.138574 0.798764
v 2.242301 1.017041 0.626921
v 2.242301 1.017041 0.464007
v 2.363831 1.138574 0.461776
v 2.469101 1.236005 0.798764
v 2.590632 1.357539 0.626921
v 2.590632 1.357539 0.464007
v 2.469101 1.236005 0.461776
v 2.465182 1.239919 0.798764
v 2.586713 1.361452 0.626921
v 2.586713 1.361452 0.464007
v 2.465182 1.239919 0.461776
v -3.003742 0.633192 1.022321
v -3.062891 0.735630 1.022321
v -3.003742 0.838067 1.022321
v -2.885465 0.838067 1.022321
v -2.826318 0.735628 1.022321
v -2.885463 0.633192 1.022321
v -3.003742 0.633192 -1.617992
v -3.062891 0.735630 -1.617992
v -3.003742 0.838066 -1.617992
v -2.885465 0.838066 -1.617992
v -2.826318 0.735628 -1.617992
v -2.885463 0.633192 -1.617992
v -2.944602 0.735630 -1.420979
v -2.995526 0.647428 1.128003
v -3.046450 0.735630 1.128003
v -2.995527 0.823832 1.128003
v -2.893682 0.823831 1.128003
v -2.842759 0.735629 1.128003
v -2.893682 0.647427 1.128003
v -2.944602 0.735630 1.203652
v -2.978605 0.676741 1.203652
v -3.012598 0.735630 1.203652
v -2.978607 0.794518 1.203652
v -2.910603 0.794517 1.203652
v -2.876608 0.735629 1.203652
v -2.910602 0.676741 1.203652
v -2.883148 0.669371 -1.171509
v -2.734050 0.520268 -1.382341
v -2.734050 0.520268 -1.582223
v -2.883148 0.669371 -1.584961
v -2.878346 0.674177 -1.171509
v -2.729240 0.525072 -1.382341
v -2.729240 0.525072 -1.582223
v -2.878346 0.674177 -1.584961
v -3.007493 0.793715 -1.171509
v -3.156598 0.942820 -1.382341
v -3.156598 0.942820 -1.582223
v -3.007493 0.793715 -1.584961
v -3.002689 0.798521 -1.171509
v -3.151793 0.947624 -1.382341
v -3.151793 0.947624 -1.582223
v -3.002689 0.798521 -1.584961
v -2.890292 0.782661 0.798764
v -2.768756 0.904191 0.626921
v -2.768756 0.904191 0.464007
v -2.890292 0.782661 0.461776
v -2.894204 0.786581 0.798764
v -2.772672 0.908111 0.626921
v -2.772672 0.908111 0.464007
v -2.894204 0.786581 0.461776
v -2.991636 0.681311 0.798764
v -3.113169 0.559781 0.626921
v -3.113169 0.559781 0.464007
v -2.991636 0.681311 0.461776
v -2.995549 0.685232 0.798764
v -3.117084 0.563701 0.626921
v -3.117084 0.563701 0.464007
v -2.995549 0.685232 0.461776
v -2.276924 1.266264 0.030473
v -2.276924 1.266264 0.091158
v -2.321202 1.304010 0.030473
v -2.321202 1.304010 0.091158
v -2.321202 1.068369 0.091158
v -2.321202 1.068369 0.030473
v -2.276924 1.106115 0.091158
v -2.276924 1.106115 0.030473
v -3.077530 1.106115 0.030473
v -3.077530 1.106115 0.091158
v -3.033250 1.068369 0.091158
v -3.033250 1.068369 0.030473
v -3.033250 1.304010 0.030473
v -3.033250 1.304010 0.091158
v -3.077530 1.266264 0.091158
v -3.077530 1.266264 0.030473
v -2.276924 0.821368 0.030473
v -2.276924 0.821368 0.091158
v -2.321202 0.859116 0.030473
v -2.321202 0.859116 0.091158
v -2.321202 0.623474 0.091158
v -2.321202 0.623474 0.030473
v -2.276924 0.661220 0.091158
v -2.276924 0.661220 0.030473
v -3.077530 0.661220 0.030473
v -3.077530 0.661220 0.091158
v -3.033250 0.623474 0.091158
v -3.033250 0.623474 0.030473
v -3.033250 0.859116 0.030473
v -3.033250 0.859116 0.091158
v -3.077530 0.821368 0.091158
v -3.077530 0.821368 0.030473
v -2.718854 1.602016 0.038775
v -2.648094 1.602016 0.038775
v -2.718854 1.219676 0.038775
v -2.648094 1.219676 0.038775
v -2.718854 1.219676 -0.756118
v -2.648094 1.219676 -0.756118
v -2.718854 1.602016 -0.756118
v -2.648094 1.602016 -0.756118
v -2.718854 1.156931 0.038775
v -2.648094 1.156931 0.038775
v -2.718854 1.156931 -0.756118
v -2.648094 1.156931 -0.756118
v -2.893776 1.219676 0.038775
v -2.893776 1.219676 -0.756118
v -2.893776 1.156931 0.038775
v -2.893776 1.156931 -0.756118
v -2.516877 1.219676 0.038775
v -2.516877 1.219676 -0.756118
v -2.516877 1.156931 0.038775
v -2.516877 1.156931 -0.756118
v -2.718854 0.775562 0.038775
v -2.648094 0.775562 0.038775
v -2.718854 0.775562 -0.756118
v -2.648094 0.775562 -0.756118
v -2.718854 0.706973 0.038775
v -2.648094 0.706973 0.038775
v -2.718854 0.706973 -0.756118
v -2.648094 0.706973 -0.756118
v -2.515398 0.775562 0.038775
v -2.515398 0.775562 -0.756118
v -2.515398 0.706973 0.038775
v -2.515398 0.706973 -0.756118
v -2.904229 0.775562 0.038775
v -2.904229 0.775562 -0.756118
v -2.904229 0.706973 0.038775
v -2.904229 0.706973 -0.756118
v -1.533369 1.680032 0.577739
v -1.533369 0.823391 0.577739
v -1.690527 1.680032 0.577739
v -1.690527 0.823391 0.577739
v -1.690527 1.680032 -0.577743
v -1.690527 0.823391 -0.577742
v -1.533369 1.680032 -0.577743
v -1.533369 0.823391 -0.577742
v 2.276922 1.266264 0.030473
v 2.276922 1.266264 0.091158
v 2.321199 1.304010 0.030473
v 2.321199 1.304010 0.091158
v 2.321199 1.068369 0.091158
v 2.321199 1.068369 0.030473
v 2.276922 1.106115 0.091158
v 2.276922 1.106115 0.030473
v 3.077525 1.106115 0.030473
v 3.077525 1.106115 0.091158
v 3.033247 1.068369 0.091158
v 3.033247 1.068369 0.030473
v 3.033247 1.304010 0.030473
v 3.033247 1.304010 0.091158
v 3.077525 1.266264 0.091158
v 3.077525 1.266264 0.030473
v 2.276922 0.821368 0.030473
v 2.276922 0.821368 0.091158
v 2.321199 0.859116 0.030473
v 2.321199 0.859116 0.091158
v 2.321199 0.623474 0.091158
v 2.321199 0.623474 0.030473
v 2.276922 0.661220 0.091158
v 2.276922 0.661220 0.030473
v 3.077525 0.661220 0.030473
v 3.077525 0.661220 0.091158
v 3.033247 0.623474 0.091158
v 3.033247 0.623474 0.030473
v 3.033247 0.859116 0.030473
v 3.033247 0.859116 0.091158
v 3.077525 0.821368 0.091158
v 3.077525 0.821368 0.030473
v 2.718852 1.602016 0.038775
v 2.648092 1.602016 0.038775
v 2.718852 1.219676 0.038775
v 2.648094 1.219676 0.038775
v 2.718852 1.219676 -0.756118
v 2.648094 1.219676 -0.756118
v 2.718852 1.602016 -0.756118
v 2.648092 1.602016 -0.756118
v 2.718852 1.156931 0.038775
v 2.648094 1.156931 0.038775
v 2.718852 1.156931 -0.756118
v 2.648094 1.156931 -0.756118
v 2.893773 1.219676 0.038775
v 2.893773 1.219676 -0.756118
v 2.893773 1.156931 0.038775
v 2.893773 1.156931 -0.756118
v 2.516876 1.219676 0.038775
v 2.516876 1.219676 -0.756118
v 2.516876 1.156931 0.038775
v 2.516876 1.156931 -0.756118
v 2.718852 0.775562 0.038775
v 2.648094 0.775562 0.038775
v 2.718852 0.775562 -0.756118
v 2.648094 0.775562 -0.756118
v 2.718852 0.706973 0.038775
v 2.648094 0.706973 0.038775
v 2.718852 0.706973 -0.756118
v 2.648094 0.706973 -0.756118
v 2.515396 0.775562 0.038775
v 2.515396 0.775562 -0.756118
v 2.515396 0.706973 0.038775
v 2.515396 0.706973 -0.756118
v 2.904227 0.775562 0.038775
v 2.904227 0.775562 -0.756118
v 2.904227 0.706973 0.038775
v 2.904227 0.706973 -0.756118
v 1.533368 1.680032 0.577739
v 1.533368 0.823391 0.577739
v 1.690526 1.680032 0.577739
v 1.690526 0.823391 0.577739
v 1.690526 1.680032 -0.577743
v 1.690526 0.823391 -0.577742
v 1.533368 1.680032 -0.577743
v 1.533368 0.823391 -0.577742
v -3.007493 0.674174 -1.171509
v -3.156598 0.525075 -1.382341
v -3.156598 0.525075 -1.582223
v -3.007493 0.674174 -1.584961
v -3.002689 0.669371 -1.171509
v -3.151794 0.520267 -1.382341
v -3.151794 0.520267 -1.582223
v -3.002689 0.669371 -1.584961
v -2.883151 0.798519 -1.171509
v -2.734047 0.947625 -1.382341
v -2.734047 0.947625 -1.582223
v -2.883151 0.798519 -1.584961
v -2.878346 0.793716 -1.171509
v -2.729241 0.942817 -1.382341
v -2.729241 0.942817 -1.582223
v -2.878346 0.793716 -1.584961
v -2.894206 0.681317 0.798764
v -2.772675 0.559782 0.626921
v -2.772675 0.559782 0.464007
v -2.894206 0.681317 0.461776
v -2.890286 0.685229 0.798764
v -2.768755 0.563698 0.626921
v -2.768755 0.563698 0.464007
v -2.890286 0.685229 0.461776
v -2.995556 0.782661 0.798764
v -3.117086 0.904195 0.626921
v -3.117086 0.904195 0.464007
v -2.995556 0.782661 0.461776
v -2.991634 0.786575 0.798764
v -3.113164 0.908108 0.626921
v -3.113164 0.908108 0.464007
v -2.991634 0.786575 0.461776
v -2.477291 0.633192 1.022321
v -2.536437 0.735630 1.022321
v -2.477291 0.838067 1.022321
v -2.359014 0.838067 1.022321
v -2.299866 0.735628 1.022321
v -2.359010 0.633192 1.022321
v -2.477291 0.633192 -1.617992
v -2.536437 0.735630 -1.617992
v -2.477291 0.838066 -1.617992
v -2.359014 0.838066 -1.617992
v -2.299866 0.735628 -1.617992
v -2.359010 0.633192 -1.617992
v -2.418152 0.735630 -1.420979
v -2.469076 0.647428 1.128003
v -2.520000 0.735630 1.128003
v -2.469077 0.823832 1.128003
v -2.367228 0.823831 1.128003
v -2.316306 0.735629 1.128003
v -2.367228 0.647427 1.128003
v -2.418152 0.735630 1.203652
v -2.452153 0.676741 1.203652
v -2.486145 0.735630 1.203652
v -2.452153 0.794518 1.203652
v -2.384153 0.794517 1.203652
v -2.350157 0.735629 1.203652
v -2.384153 0.676741 1.203652
v -2.356697 0.669371 -1.171509
v -2.207599 0.520268 -1.382341
v -2.207599 0.520268 -1.582223
v -2.356697 0.669371 -1.584961
v -2.351894 0.674177 -1.171509
v -2.202791 0.525072 -1.382341
v -2.202791 0.525072 -1.582223
v -2.351894 0.674177 -1.584961
v -2.481042 0.793715 -1.171509
v -2.630149 0.942820 -1.382341
v -2.630149 0.942820 -1.582223
v -2.481042 0.793715 -1.584961
v -2.476239 0.798521 -1.171509
v -2.625340 0.947624 -1.382341
v -2.625340 0.947624 -1.582223
v -2.476239 0.798521 -1.584961
v -2.363838 0.782661 0.798764
v -2.242306 0.904191 0.626921
v -2.242306 0.904191 0.464007
v -2.363838 0.782661 0.461776
v -2.367755 0.786581 0.798764
v -2.246223 0.908111 0.626921
v -2.246223 0.908111 0.464007
v -2.367755 0.786581 0.461776
v -2.465183 0.681311 0.798764
v -2.586717 0.559781 0.626921
v -2.586717 0.559781 0.464007
v -2.465183 0.681311 0.461776
v -2.469099 0.685232 0.798764
v -2.590631 0.563701 0.626921
v -2.590631 0.563701 0.464007
v -2.469099 0.685232 0.461776
v -2.481043 0.674174 -1.171509
v -2.630148 0.525075 -1.382341
v -2.630148 0.525075 -1.582223
v -2.481043 0.674174 -1.584961
v -2.476237 0.669371 -1.171509
v -2.625342 0.520267 -1.382341
v -2.625342 0.520267 -1.582223
v -2.476237 0.669371 -1.584961
v -2.356699 0.798519 -1.171509
v -2.207596 0.947625 -1.382341
v -2.207596 0.947625 -1.582223
v -2.356699 0.798519 -1.584961
v -2.351894 0.793716 -1.171509
v -2.202791 0.942817 -1.382341
v -2.202791 0.942817 -1.582223
v -2.351894 0.793716 -1.584961
v -2.367755 0.681317 0.798764
v -2.246224 0.559782 0.626921
v -2.246224 0.559782 0.464007
v -2.367755 0.681317 0.461776
v -2.363833 0.685229 0.798764
v -2.242305 0.563698 0.626921
v -2.242305 0.563698 0.464007
v -2.363833 0.685229 0.461776
v -2.469103 0.782661 0.798764
v -2.590634 0.904195 0.626921
v -2.590634 0.904195 0.464007
v -2.469103 0.782661 0.461776
v -2.465183 0.786575 0.798764
v -2.586715 0.908108 0.626921
v -2.586715 0.908108 0.464007
v -2.465183 0.786575 0.461776
v -3.003742 1.086535 1.022321
v -3.062891 1.188974 1.022321
v -3.003742 1.291410 1.022321
v -2.885465 1.291410 1.022321
v -2.826318 1.188971 1.022321
v -2.885463 1.086535 1.022321
v -3.003742 1.086535 -1.617992
v -3.062891 1.188973 -1.617992
v -3.003742 1.291409 -1.617992
v -2.885465 1.291409 -1.617992
v -2.826318 1.188971 -1.617992
v -2.885463 1.086535 -1.617992
v -2.944602 1.188973 -1.420979
v -2.995526 1.100771 1.128003
v -3.046450 1.188974 1.128003
v -2.995527 1.277174 1.128003
v -2.893682 1.277174 1.128003
v -2.842759 1.188972 1.128003
v -2.893682 1.100770 1.128003
v -2.944602 1.188974 1.203652
v -2.978605 1.130085 1.203652
v -3.012598 1.188974 1.203652
v -2.978607 1.247861 1.203652
v -2.910603 1.247860 1.203652
v -2.876608 1.188972 1.203652
v -2.910602 1.130084 1.203652
v -2.883148 1.122714 -1.171509
v -2.734050 0.973612 -1.382341
v -2.734050 0.973612 -1.582223
v -2.883148 1.122714 -1.584961
v -2.878346 1.127521 -1.171509
v -2.729240 0.978416 -1.382341
v -2.729240 0.978416 -1.582223
v -2.878346 1.127521 -1.584961
v -3.007493 1.247059 -1.171509
v -3.156598 1.396163 -1.382341
v -3.156598 1.396163 -1.582223
v -3.007493 1.247059 -1.584961
v -3.002689 1.251864 -1.171509
v -3.151793 1.400968 -1.382341
v -3.151793 1.400968 -1.582223
v -3.002689 1.251864 -1.584961
v -2.890292 1.236005 0.798764
v -2.768756 1.357534 0.626921
v -2.768756 1.357534 0.464007
v -2.890292 1.236004 0.461776
v -2.894204 1.239924 0.798764
v -2.772672 1.361455 0.626921
v -2.772672 1.361455 0.464007
v -2.894204 1.239924 0.461776
v -2.991636 1.134654 0.798764
v -3.113169 1.013125 0.626921
v -3.113169 1.013125 0.464007
v -2.991636 1.134654 0.461776
v -2.995549 1.138575 0.798764
v -3.117084 1.017044 0.626921
v -3.117084 1.017044 0.464007
v -2.995549 1.138575 0.461776
v -3.007493 1.127517 -1.171509
v -3.156598 0.978419 -1.382341
v -3.156598 0.978419 -1.582223
v -3.007493 1.127517 -1.584961
v -3.002689 1.122714 -1.171509
v -3.151794 0.973612 -1.382341
v -3.151794 0.973612 -1.582223
v -3.002689 1.122714 -1.584961
v -2.883151 1.251863 -1.171509
v -2.734047 1.400968 -1.382341
v -2.734047 1.400968 -1.582223
v -2.883151 1.251863 -1.584961
v -2.878346 1.247060 -1.171509
v -2.729241 1.396160 -1.382341
v -2.729241 1.396160 -1.582223
v -2.878346 1.247060 -1.584961
v -2.894206 1.134660 0.798764
v -2.772675 1.013125 0.626921
v -2.772675 1.013125 0.464007
v -2.894206 1.134660 0.461776
v -2.890286 1.138574 0.798764
v -2.768755 1.017041 0.626921
v -2.768755 1.017041 0.464007
v -2.890286 1.138574 0.461776
v -2.995556 1.236005 0.798764
v -3.117086 1.357539 0.626921
v -3.117086 1.357539 0.464007
v -2.995556 1.236005 0.461776
v -2.991634 1.239919 0.798764
v -3.113164 1.361452 0.626921
v -3.113164 1.361452 0.464007
v -2.991634 1.239919 0.461776
v -2.477291 1.086535 1.022321
v -2.536437 1.188974 1.022321
v -2.477291 1.291410 1.022321
v -2.359014 1.291410 1.022321
v -2.299866 1.188971 1.022321
v -2.359010 1.086535 1.022321
v -2.477291 1.086535 -1.617992
v -2.536437 1.188973 -1.617992
v -2.477291 1.291409 -1.617992
v -2.359014 1.291409 -1.617992
v -2.299866 1.188971 -1.617992
v -2.359010 1.086535 -1.617992
v -2.418152 1.188973 -1.420979
v -2.469076 1.100771 1.128003
v -2.520000 1.188974 1.128003
v -2.469077 1.277174 1.128003
v -2.367228 1.277174 1.128003
v -2.316306 1.188972 1.128003
v -2.367228 1.100770 1.128003
v -2.418152 1.188974 1.203652
v -2.452153 1.130085 1.203652
v -2.486145 1.188974 1.203652
v -2.452153 1.247861 1.203652
v -2.384153 1.247860 1.203652
v -2.350157 1.188972 1.203652
v -2.384153 1.130084 1.203652
v -2.356697 1.122714 -1.171509
v -2.207599 0.973612 -1.382341
v -2.207599 0.973612 -1.582223
v -2.356697 1.122714 -1.584961
v -2.351894 1.127521 -1.171509
v -2.202791 0.978416 -1.382341
v -2.202791 0.978416 -1.582223
v -2.351894 1.127521 -1.584961
v -2.481042 1.247059 -1.171509
v -2.630149 1.396163 -1.382341
v -2.630149 1.396163 -1.582223
v -2.481042 1.247059 -1.584961
v -2.476239 1.251864 -1.171509
v -2.625340 1.400968 -1.382341
v -2.625340 1.400968 -1.582223
v -2.476239 1.251864 -1.584961
v -2.363838 1.236005 0.798764
v -2.242306 1.357534 0.626921
v -2.242306 1.357534 0.464007
v -2.363838 1.236004 0.461776
v -2.367755 1.239924 0.798764
v -2.246223 1.361455 0.626921
v -2.246223 1.361455 0.464007
v -2.367755 1.239924 0.461776
v -2.465183 1.134654 0.798764
v -2.586717 1.013125 0.626921
v -2.586717 1.013125 0.464007
v -2.465183 1.134654 0.461776
v -2.469099 1.138575 0.798764
v -2.590631 1.017044 0.626921
v -2.590631 1.017044 0.464007
v -2.469099 1.138575 0.461776
v -2.481043 1.127517 -1.171509
v -2.630148 0.978419 -1.382341
v -2.630148 0.978419 -1.582223
v -2.481043 1.127517 -1.584961
v -2.476237 1.122714 -1.171509
v -2.625342 0.973612 -1.382341
v -2.625342 0.973612 -1.582223
v -2.476237 1.122714 -1.584961
v -2.356699 1.251863 -1.171509
v -2.207596 1.400968 -1.382341
v -2.207596 1.400968 -1.582223
v -2.356699 1.251863 -1.584961
v -2.351894 1.247060 -1.171509
v -2.202791 1.396160 -1.382341
v -2.202791 1.396160 -1.582223
v -2.351894 1.247060 -1.584961
v -2.367755 1.134660 0.798764
v -2.246224 1.013125 0.626921
v -2.246224 1.013125 0.464007
v -2.367755 1.134660 0.461776
v -2.363833 1.138574 0.798764
v -2.242305 1.017041 0.626921
v -2.242305 1.017041 0.464007
v -2.363833 1.138574 0.461776
v -2.469103 1.236005 0.798764
v -2.590634 1.357539 0.626921
v -2.590634 1.357539 0.464007
v -2.469103 1.236005 0.461776
v -2.465183 1.239919 0.798764
v -2.586715 1.361452 0.626921
v -2.586715 1.361452 0.464007
v -2.465183 1.239919 0.461776
vt 0.351423 0.632945
vt 0.405960 0.632945
vt 0.460496 0.632945
vt 0.405960 0.688939
vt 0.351423 0.688939
vt 0.460496 0.688939
vt 0.373355 0.957412
vt 0.346469 0.864599
vt 0.387375 0.864896
vt 0.310884 0.957412
vt 0.340595 0.864450
vt 0.302826 0.957412
vt 0.277358 0.478742
vt 0.303114 0.462462
vt 0.274615 0.506984
vt 0.579197 0.767067
vt 0.574489 0.794960
vt 0.569790 0.794933
vt 0.560999 0.767067
vt 0.566118 0.794960
vt 0.855989 0.871053
vt 0.852678 0.764030
vt 0.879595 0.751315
vt 0.982654 0.870018
vt 0.958013 0.751315
vt 0.987519 0.746943
vt 0.238676 0.478742
vt 0.241419 0.506984
vt 0.212919 0.462462
vt 0.727763 0.390406
vt 0.727364 0.400059
vt 0.703137 0.383776
vt 0.510329 0.390487
vt 0.509160 0.517329
vt 0.493547 0.387874
vt 0.337509 0.517329
vt 0.336854 0.390340
vt 0.353856 0.387139
vt 0.402448 0.437801
vt 0.381170 0.395225
vt 0.393948 0.395160
vt 0.380950 0.517329
vt 0.401649 0.517329
vt 0.443753 0.437801
vt 0.465251 0.517329
vt 0.445190 0.517329
vt 0.464590 0.395446
vt 0.452620 0.395087
vt 0.726653 0.406124
vt 0.653076 0.405405
vt 0.652218 0.410399
vt 0.593530 0.416450
vt 0.443228 0.164719
vt 0.444580 0.146504
vt 0.452830 0.164034
vt 0.402784 0.164719
vt 0.393183 0.164034
vt 0.401433 0.146504
vt 0.918804 0.400163
vt 0.880561 0.594496
vt 0.880561 0.410901
vt 0.957047 0.594496
vt 0.957047 0.410901
vt 0.433427 0.413983
vt 0.581918 0.549663
vt 0.613759 0.576404
vt 0.589909 0.599596
vt 0.557663 0.549663
vt 0.550699 0.599596
vt 0.522947 0.577636
vt 0.412774 0.413983
vt 0.550070 0.425945
vt 0.578193 0.423668
vt 0.547757 0.431181
vt 0.630088 0.521940
vt 0.655583 0.512325
vt 0.655583 0.521709
vt 0.400804 0.598075
vt 0.402620 0.586707
vt 0.410832 0.598967
vt 0.445396 0.599858
vt 0.436132 0.599094
vt 0.444727 0.586325
vt 0.593910 0.372695
vt 0.594591 0.397446
vt 0.549738 0.394434
vt 0.651260 0.363302
vt 0.654039 0.383776
vt 0.000000 1.000000
vt 0.304772 0.402620
vt 0.316784 0.403014
vt 0.694863 0.524417
vt 0.655465 0.580489
vt 0.693621 0.580901
vt 0.694567 0.514835
vt 0.543191 0.767067
vt 0.548798 0.794553
vt 0.398541 0.622104
vt 0.417738 0.622719
vt 0.592444 0.767067
vt 0.585827 0.794964
vt 0.447277 0.622741
vt 0.429610 0.622846
vt 0.947444 0.870536
vt 0.890164 0.870536
vt 0.662025 0.506133
vt 0.694586 0.511358
vt 0.211262 0.402620
vt 0.199250 0.403014
vt 0.701057 0.364209
vt 0.304772 0.353522
vt 0.316784 0.353916
vt 0.879595 0.678611
vt 0.848018 0.693398
vt 0.958013 0.678611
vt 0.993215 0.677346
vt 0.211262 0.353522
vt 0.199250 0.353916
vt 0.724284 0.370389
vt 0.310154 0.329290
vt 0.300122 0.328896
vt 0.880561 0.644785
vt 0.847135 0.648648
vt 0.957047 0.644785
vt 0.993580 0.648130
vt 0.205880 0.329290
vt 0.215912 0.328896
vt 0.764190 0.373439
vt 0.761724 0.390406
vt 0.761325 0.399419
vt 0.300122 0.294935
vt 0.310154 0.295329
vt 0.847135 0.598360
vt 0.990473 0.598877
vt 0.215912 0.294935
vt 0.205880 0.295329
vt 0.394309 0.361934
vt 0.367097 0.387256
vt 0.371342 0.353074
vt 0.451892 0.361934
vt 0.480059 0.387476
vt 0.479052 0.351277
vt 0.310154 0.168340
vt 0.300123 0.168340
vt 0.847136 0.410901
vt 0.990473 0.411418
vt 0.205880 0.168340
vt 0.215912 0.168340
vt 0.668776 0.682631
vt 0.661205 0.717882
vt 0.657977 0.712493
vt 0.677184 0.672607
vt 0.662763 0.676111
vt 0.661827 0.684982
vt 0.640526 0.720484
vt 0.645290 0.714756
vt 0.646701 0.740924
vt 0.653797 0.775856
vt 0.637819 0.731331
vt 0.657458 0.770284
vt 0.670358 0.773049
vt 0.674477 0.779208
vt 0.653821 0.743275
vt 0.652240 0.734835
vt 0.523036 0.671038
vt 0.549960 0.670905
vt 0.614698 0.671038
vt 0.590237 0.670905
vt 0.474066 0.345013
vt 0.447517 0.358578
vt 0.449474 0.242658
vt 0.463192 0.331088
vt 0.449474 0.339461
vt 0.464013 0.246993
vt 0.376611 0.349489
vt 0.398684 0.358578
vt 0.393660 0.242658
vt 0.379942 0.331088
vt 0.379120 0.246993
vt 0.393660 0.339461
vt 0.461946 0.243074
vt 0.443766 0.240161
vt 0.443367 0.240161
vt 0.383687 0.243473
vt 0.399367 0.240161
vt 0.536362 0.487211
vt 0.524759 0.487211
vt 0.547757 0.453904
vt 0.578193 0.461418
vt 0.525188 0.434169
vt 0.547757 0.467538
vt 0.525188 0.464550
vt 0.527824 0.430442
vt 0.527824 0.468278
vt 0.550059 0.472419
vt 0.635645 0.581846
vt 0.501256 0.573797
vt 0.471214 0.573886
vt 0.524759 0.514751
vt 0.299445 0.111872
vt 0.281519 0.102436
vt 0.463879 0.573886
vt 0.381418 0.517329
vt 0.345413 0.573797
vt 0.375454 0.573886
vt 0.216589 0.111872
vt 0.234515 0.102436
vt 0.382322 0.573886
vt 0.322909 0.674383
vt 0.329651 0.673203
vt 0.325516 0.676047
vt 0.329651 0.670954
vt 0.322909 0.669774
vt 0.325516 0.668110
vt 0.308730 0.653540
vt 0.322555 0.651119
vt 0.314075 0.656953
vt 0.322555 0.646509
vt 0.308730 0.644088
vt 0.314075 0.640675
vt 0.339393 0.856510
vt 0.419277 0.826332
vt 0.419547 0.853253
vt 0.335692 0.809472
vt 0.419209 0.817753
vt 0.340029 0.797343
vt 0.283487 0.676047
vt 0.283487 0.668110
vt 0.284716 0.674383
vt 0.284716 0.669774
vt 0.439553 0.934960
vt 0.439591 0.993648
vt 0.452398 0.993785
vt 0.410403 0.935264
vt 0.433743 0.993626
vt 0.403411 0.935705
vt 0.439702 0.930961
vt 0.438996 0.845190
vt 0.410403 0.931253
vt 0.452994 0.844536
vt 0.434785 0.844992
vt 0.403411 0.931110
vt 0.272887 0.901523
vt 0.260671 0.788007
vt 0.281102 0.788007
vt 0.210417 0.901523
vt 0.254500 0.788007
vt 0.202358 0.901523
vt 0.032054 0.958464
vt 0.166157 0.917696
vt 0.166367 0.978258
vt 0.032476 0.875021
vt 0.166104 0.905472
vt 0.032054 0.857738
vt 0.227885 0.656953
vt 0.227885 0.640675
vt 0.230405 0.653540
vt 0.230405 0.644088
vt 0.272887 0.908233
vt 0.260671 0.948844
vt 0.210417 0.908233
vt 0.281102 0.948844
vt 0.254500 0.948844
vt 0.202359 0.908233
vt 0.732099 0.733261
vt 0.732741 0.694880
vt 0.765673 0.713736
vt 0.764851 0.752171
vt 0.732741 0.771081
vt 0.699426 0.751609
vt 0.699506 0.713389
vt 0.781246 0.855259
vt 0.806516 0.832465
vt 0.781246 0.818196
vt 0.806516 0.861004
vt 0.781246 0.875273
vt 0.755975 0.861004
vt 0.755975 0.832465
vt 0.732661 0.792891
vt 0.764851 0.771081
vt 0.764851 0.792891
vt 0.699346 0.771081
vt 0.699346 0.792891
vt 0.557987 0.811740
vt 0.684908 0.829636
vt 0.557995 0.829719
vt 0.684901 0.811657
vt 0.558011 0.853356
vt 0.684924 0.853273
vt 0.684932 0.871252
vt 0.558018 0.871335
vt 0.684704 0.830627
vt 0.684697 0.819824
vt 0.684718 0.852235
vt 0.684725 0.863039
vt 0.721719 0.823365
vt 0.721725 0.832483
vt 0.721737 0.850721
vt 0.721743 0.859839
vt 0.532343 0.873082
vt 0.544302 0.836510
vt 0.544302 0.873082
vt 0.532343 0.836510
vt 0.520384 0.836510
vt 0.520384 0.873082
vt 0.262046 0.694336
vt 0.199178 0.763779
vt 0.198968 0.692604
vt 0.261499 0.762395
vt 0.229553 0.765675
vt 0.271107 0.760170
vt 0.269272 0.693673
vt 0.221324 0.676793
vt 0.663627 0.775944
vt 0.666473 0.738775
vt 0.664523 0.741899
vt 0.665740 0.780046
vt 0.646104 0.775312
vt 0.642200 0.778697
vt 0.644672 0.738373
vt 0.647822 0.741658
vt 0.648870 0.715654
vt 0.646024 0.678485
vt 0.646758 0.719756
vt 0.647974 0.681609
vt 0.666393 0.715022
vt 0.670595 0.718407
vt 0.667825 0.678083
vt 0.664676 0.681368
vt 0.979108 0.959213
vt 0.982384 0.954162
vt 0.979108 0.961665
vt 0.979108 0.961559
vt 0.979108 0.963795
vt 0.979108 0.940449
vt 0.979108 0.936570
vt 0.979108 0.935867
vt 0.956415 0.956035
vt 0.971294 0.937435
vt 0.971294 0.956400
vt 0.956415 0.931720
vt 0.971294 0.930820
vt 0.956415 0.923998
vt 0.971294 0.964214
vt 0.956415 0.960703
vt 0.971294 0.960400
vt 0.956415 0.965155
vt 0.971294 0.929622
vt 0.956415 0.922600
vt 0.971294 0.960580
vt 0.956415 0.960914
vt 0.472844 0.952278
vt 0.473124 0.900546
vt 0.473176 0.890918
vt 0.472775 0.965132
vt 0.472809 0.958857
vt 0.473193 0.887700
vt 0.472813 0.958112
vt 0.854367 0.924976
vt 0.954319 0.924976
vt 0.841474 0.924976
vt 0.043279 0.800776
vt 0.062497 0.790371
vt 0.062497 0.811981
vt 0.043184 0.823022
vt 0.023965 0.811817
vt 0.024060 0.789571
vt 0.043373 0.778529
vt 0.132117 0.800776
vt 0.112899 0.811981
vt 0.112899 0.790371
vt 0.132212 0.823022
vt 0.151431 0.811817
vt 0.151336 0.789571
vt 0.132023 0.778529
vt 0.068377 0.816239
vt 0.068377 0.788647
vt 0.062497 0.858521
vt 0.068377 0.842240
vt 0.068377 0.864504
vt 0.062497 0.837981
vt 0.062497 0.814515
vt 0.062497 0.720667
vt 0.068377 0.741737
vt 0.062497 0.746186
vt 0.068377 0.714754
vt 0.062497 0.767544
vt 0.068377 0.769007
vt 0.107019 0.816239
vt 0.107019 0.788647
vt 0.107019 0.864504
vt 0.107019 0.842240
vt 0.107019 0.714754
vt 0.107019 0.741737
vt 0.107019 0.769007
vt 0.112899 0.858521
vt 0.112899 0.837981
vt 0.112899 0.814515
vt 0.112899 0.720667
vt 0.112899 0.746186
vt 0.112899 0.767544
vt 0.566996 0.325774
vt 0.566996 0.205772
vt 0.629168 0.205772
vt 0.629168 0.325774
vt 0.566996 0.158827
vt 0.566996 0.132708
vt 0.629168 0.158827
vt 0.629168 0.132708
vt 0.028796 0.488072
vt 0.039982 0.506703
vt 0.034388 0.506703
vt 0.023203 0.506703
vt 0.017609 0.506703
vt 0.028796 0.239863
vt 0.032011 0.239863
vt 0.035226 0.239863
vt 0.025580 0.239863
vt 0.022365 0.239863
vt 0.092486 0.407313
vt 0.092486 0.497269
vt 0.052823 0.453185
vt 0.052823 0.496673
vt 0.125565 0.407313
vt 0.165231 0.453185
vt 0.125565 0.497269
vt 0.165231 0.496673
vt 0.093854 0.300937
vt 0.093854 0.374257
vt 0.061524 0.338326
vt 0.061524 0.373771
vt 0.120814 0.300937
vt 0.153145 0.338326
vt 0.120814 0.374257
vt 0.153145 0.373771
vt 0.034388 0.257011
vt 0.039982 0.257011
vt 0.023203 0.257011
vt 0.017609 0.257011
vt 0.033611 0.247017
vt 0.038427 0.247017
vt 0.023980 0.247017
vt 0.019164 0.247017
vt 0.009514 0.696846
vt 0.005639 0.693542
vt 0.005639 0.679525
vt 0.009514 0.676222
vt 0.071834 0.676222
vt 0.075710 0.679525
vt 0.075710 0.693542
vt 0.071834 0.696846
vt 0.056626 0.665634
vt 0.050433 0.632171
vt 0.056626 0.632171
vt 0.050433 0.665634
vt 0.050433 0.626679
vt 0.056626 0.626679
vt 0.071936 0.626679
vt 0.071936 0.632171
vt 0.038949 0.626679
vt 0.038949 0.632171
vt 0.056626 0.593301
vt 0.050433 0.593301
vt 0.050433 0.587298
vt 0.056626 0.587298
vt 0.038819 0.587298
vt 0.038819 0.593301
vt 0.072851 0.587298
vt 0.072851 0.593301
vt 0.007506 0.662833
vt 0.021261 0.587858
vt 0.021261 0.662833
vt 0.007506 0.587858
usemtl mat1
s 1
f 73/14 79/15 74/15
f 74/15 79/15 75/16
f 75/16 79/15 76/16
f 76/16 79/15 77/15
f 77/15 79/15 78/14
f 78/14 79/15 73/14
f 68/17 67/18 73/14
f 73/14 74/15 68/17
f 74/15 69/19 68/17
f 74/15 75/16 69/19
f 75/16 70/19 69/19
f 75/16 76/16 70/19
f 70/19 77/15 71/17
f 70/19 76/16 77/15
f 77/15 72/18 71/17
f 77/15 78/14 72/18
f 67/18 78/14 73/14
f 67/18 72/18 78/14
f 80/20 82/21 81/22
f 80/20 84/23 82/21
f 83/24 84/23 86/25
f 83/24 82/21 84/23
f 80/20 85/21 87/23
f 80/20 81/22 85/21
f 87/23 83/24 86/25
f 87/23 85/21 83/24
f 85/21 82/21 83/24
f 85/21 81/22 82/21
f 94/26 89/27 88/28
f 103/29 107/30 114/31
f 114/31 100/32 103/29
f 100/32 114/31 106/33
f 93/34 118/35 119/36
f 94/37 120/38 92/39
f 93/40 91/41 122/42
f 138/43 129/44 128/45
f 144/46 210/47 162/48
f 166/49 150/50 164/51
f 176/52 165/53 155/54
f 176/52 167/55 165/53
f 176/52 161/56 167/55
f 177/57 211/58 160/59
f 177/57 163/60 211/58
f 177/57 154/61 163/60
f 184/62 182/63 129/44
f 191/64 99/65 182/63
f 195/66 203/67 99/68
f 196/69 190/70 202/71
f 197/72 148/73 158/74
f 197/72 149/75 148/73
f 197/72 159/76 149/75
f 199/77 154/61 177/57
f 199/78 177/79 181/80
f 198/81 180/82 176/83
f 198/84 176/52 155/54
f 95/85 203/86 200/87
f 209/88 104/89 102/90
f 222/88 215/90 216/89
f 220/56 214/91 221/92
f 214/91 220/56 217/93
f 160/59 101/94 105/95
f 101/94 160/59 208/96
f 230/43 228/45 229/44
f 234/62 229/44 233/63
f 235/64 233/63 227/65
f 98/85 201/87 202/86
f 95/85 89/97 96/98
f 95/85 88/99 89/97
f 203/86 96/98 99/65
f 203/86 95/85 96/98
f 96/98 90/100 97/101
f 96/98 89/97 90/100
f 182/63 96/98 97/101
f 182/63 99/65 96/98
f 98/102 93/102 91/102
f 98/102 202/102 93/102
f 89/27 92/103 90/104
f 89/27 94/26 92/103
f 91/102 95/102 98/102
f 91/102 88/102 95/102
f 88/28 93/40 94/26
f 88/28 91/41 93/40
f 111/105 101/106 102/90
f 111/105 110/107 101/106
f 214/106 112/105 215/90
f 214/106 113/107 112/105
f 104/89 111/105 102/90
f 104/89 109/108 111/105
f 106/33 217/109 100/32
f 106/33 117/110 217/109
f 217/93 113/111 214/91
f 217/93 117/112 113/111
f 105/113 107/30 103/29
f 105/113 116/114 107/30
f 110/115 105/95 101/94
f 110/115 116/116 105/95
f 119/36 94/117 93/118
f 119/36 120/38 94/117
f 121/119 109/108 104/89
f 121/119 115/120 109/108
f 108/108 121/119 216/89
f 108/108 115/120 121/119
f 98/85 122/97 91/99
f 98/85 124/98 122/97
f 124/98 123/100 122/97
f 124/98 125/101 123/100
f 122/42 118/121 93/40
f 122/42 123/122 118/121
f 97/101 126/123 128/45
f 97/101 90/100 126/123
f 182/63 128/45 129/44
f 182/63 97/101 128/45
f 90/104 127/124 126/125
f 90/104 92/103 127/124
f 131/126 118/35 130/127
f 131/126 119/36 118/35
f 92/39 132/128 127/129
f 92/39 120/38 132/128
f 120/38 131/126 132/128
f 120/38 119/36 131/126
f 133/123 125/101 134/45
f 133/123 123/100 125/101
f 130/130 123/122 133/131
f 130/130 118/121 123/122
f 138/43 126/123 136/132
f 138/43 128/45 126/123
f 136/133 127/124 137/134
f 136/133 126/125 127/124
f 140/135 130/127 139/136
f 140/135 131/126 130/127
f 127/129 141/137 137/138
f 127/129 132/128 141/137
f 132/128 140/135 141/137
f 132/128 131/126 140/135
f 133/123 143/43 142/132
f 133/123 134/45 143/43
f 130/130 142/139 139/140
f 130/130 133/131 142/139
f 138/43 144/141 162/142
f 138/43 136/132 144/141
f 146/143 138/43 162/142
f 146/143 129/44 138/43
f 136/133 145/144 144/145
f 136/133 137/134 145/144
f 140/135 147/146 148/73
f 140/135 139/136 147/146
f 145/147 141/137 149/75
f 145/147 137/138 141/137
f 149/75 140/135 148/73
f 149/75 141/137 140/135
f 150/141 143/43 164/142
f 150/141 142/132 143/43
f 147/148 142/139 150/149
f 147/148 139/140 142/139
f 153/150 151/151 135/152
f 153/150 155/54 151/151
f 152/153 146/154 154/61
f 152/153 129/155 146/154
f 153/150 154/61 155/54
f 153/150 152/153 154/61
f 210/156 145/144 156/157
f 210/156 144/145 145/144
f 148/73 157/158 158/74
f 148/73 147/146 157/158
f 156/159 149/75 159/76
f 156/159 145/147 149/75
f 147/148 166/160 157/161
f 147/148 150/149 166/160
f 163/60 210/47 211/58
f 163/60 162/48 210/47
f 166/49 165/53 167/55
f 166/49 164/51 165/53
f 172/162 163/163 173/164
f 172/162 162/165 163/163
f 172/162 146/166 162/165
f 172/162 168/167 146/166
f 168/167 154/168 146/166
f 168/167 170/169 154/168
f 170/169 163/163 154/168
f 170/169 173/164 163/163
f 173/164 168/167 172/162
f 173/164 170/169 168/167
f 174/170 165/171 164/172
f 174/170 175/173 165/171
f 171/174 165/171 175/173
f 171/174 155/175 165/171
f 169/176 155/175 171/174
f 169/176 151/177 155/175
f 174/170 151/177 169/176
f 174/170 164/172 151/177
f 175/173 169/176 171/174
f 175/173 174/170 169/176
f 180/82 161/178 176/83
f 180/82 179/179 161/178
f 181/80 160/180 178/181
f 181/80 177/79 160/180
f 179/179 181/80 178/181
f 179/179 180/82 181/80
f 184/182 152/153 186/183
f 184/182 129/155 152/153
f 188/184 184/185 186/186
f 188/184 182/187 184/185
f 185/188 153/150 135/152
f 185/188 187/189 153/150
f 189/190 185/191 183/192
f 189/190 187/193 185/191
f 186/183 153/150 187/189
f 186/183 152/153 153/150
f 187/193 188/184 186/186
f 187/193 189/190 188/184
f 191/194 188/184 193/195
f 191/194 182/187 188/184
f 191/194 195/66 99/68
f 191/194 193/196 195/66
f 192/197 189/190 183/192
f 192/197 194/198 189/190
f 196/69 192/197 190/70
f 196/69 194/198 192/197
f 193/195 189/190 194/198
f 193/195 188/184 189/190
f 194/198 195/66 193/196
f 194/198 196/69 195/66
f 196/69 203/67 195/66
f 196/69 202/71 203/67
f 161/178 100/32 217/109
f 161/178 179/179 100/32
f 160/180 103/29 178/181
f 160/180 105/113 103/29
f 179/179 103/29 100/32
f 179/179 178/181 103/29
f 197/102 104/102 159/102
f 197/102 121/102 104/102
f 197/199 216/89 121/119
f 197/199 158/200 216/89
f 180/82 199/78 181/80
f 180/82 198/81 199/78
f 154/61 198/84 155/54
f 154/61 199/77 198/84
f 201/201 203/86 202/202
f 201/201 200/87 203/86
f 206/203 201/204 207/205
f 206/203 200/87 201/204
f 204/206 200/87 206/203
f 204/206 95/85 200/87
f 205/102 95/102 204/102
f 205/102 98/102 95/102
f 205/207 201/204 98/208
f 205/207 207/205 201/204
f 207/205 204/206 206/203
f 207/205 205/207 204/206
f 208/209 102/90 101/106
f 208/209 209/88 102/90
f 213/210 211/58 210/47
f 213/210 212/211 211/58
f 159/200 209/88 156/212
f 159/200 104/89 209/88
f 156/157 213/213 210/156
f 156/157 209/214 213/213
f 160/59 212/215 208/96
f 160/59 211/58 212/215
f 221/209 215/90 222/88
f 221/209 214/106 215/90
f 224/216 226/217 223/49
f 224/216 225/218 226/217
f 222/88 219/200 218/212
f 222/88 216/89 219/200
f 226/219 218/161 223/160
f 226/219 222/220 218/161
f 225/221 220/56 221/92
f 225/221 224/55 220/56
f 202/86 124/98 98/85
f 202/86 227/65 124/98
f 124/98 233/63 125/101
f 124/98 227/65 233/63
f 233/63 228/45 125/101
f 233/63 229/44 228/45
f 230/43 231/143 232/142
f 230/43 229/44 231/143
f 112/105 216/89 215/90
f 112/105 108/108 216/89
f 250/222 254/223 251/224
f 259/225 252/226 253/227
f 298/228 302/229 299/230
f 307/231 300/232 301/233
f 334/223 330/222 331/224
f 332/226 339/225 333/227
f 382/229 378/228 379/230
f 380/232 387/231 381/233
f 236/234 238/235 237/236
f 236/234 240/237 238/235
f 239/238 240/237 242/239
f 239/238 238/235 240/237
f 236/234 241/235 243/237
f 236/234 237/236 241/235
f 243/237 239/238 242/239
f 243/237 241/235 239/238
f 244/240 247/241 245/240
f 244/240 246/241 247/241
f 248/242 247/241 249/243
f 248/242 245/240 247/241
f 248/242 252/226 250/222
f 248/242 249/243 252/226
f 256/224 254/223 255/223
f 256/224 251/224 254/223
f 256/224 245/240 251/224
f 256/224 244/240 245/240
f 258/225 253/227 257/227
f 258/225 259/225 253/227
f 246/241 253/227 247/241
f 246/241 257/227 253/227
f 254/223 258/225 255/223
f 254/223 259/225 258/225
f 246/241 244/240 257/227
f 257/227 244/240 258/225
f 258/225 244/240 255/223
f 255/223 244/240 256/224
f 250/222 245/240 248/242
f 250/222 251/224 245/240
f 247/241 252/226 249/243
f 247/241 253/227 252/226
f 252/226 254/223 250/222
f 252/226 259/225 254/223
f 260/244 262/245 261/246
f 260/244 264/247 262/245
f 263/248 264/247 266/249
f 263/248 262/245 264/247
f 260/244 265/245 267/247
f 260/244 261/246 265/245
f 267/247 263/248 266/249
f 267/247 265/245 263/248
f 268/250 270/251 272/252
f 268/250 269/253 270/251
f 272/252 271/254 274/255
f 272/252 270/251 271/254
f 268/250 273/251 269/253
f 268/250 275/252 273/251
f 271/254 275/252 274/255
f 271/254 273/251 275/252
f 276/256 278/257 277/258
f 276/256 280/259 278/257
f 279/260 280/259 282/261
f 279/260 278/257 280/259
f 276/256 281/257 283/259
f 276/256 277/258 281/257
f 283/259 279/260 282/261
f 283/259 281/257 279/260
f 241/235 238/235 239/238
f 241/235 237/236 238/235
f 243/237 240/237 236/234
f 243/237 242/239 240/237
f 265/245 262/245 263/248
f 265/245 261/246 262/245
f 267/247 264/247 260/244
f 267/247 266/249 264/247
f 275/252 272/252 274/255
f 275/252 268/250 272/252
f 273/251 270/251 269/253
f 273/251 271/254 270/251
f 281/257 278/257 279/260
f 281/257 277/258 278/257
f 283/259 280/259 276/256
f 283/259 282/261 280/259
f 284/262 286/263 285/264
f 284/262 288/265 286/263
f 287/266 288/265 290/267
f 287/266 286/263 288/265
f 284/262 289/263 291/265
f 284/262 285/264 289/263
f 291/265 287/266 290/267
f 291/265 289/263 287/266
f 292/268 295/269 293/268
f 292/268 294/269 295/269
f 296/270 295/269 297/271
f 296/270 293/268 295/269
f 296/270 300/232 298/228
f 296/270 297/271 300/232
f 304/230 302/229 303/229
f 304/230 299/230 302/229
f 304/230 293/268 299/230
f 304/230 292/268 293/268
f 306/231 301/233 305/233
f 306/231 307/231 301/233
f 294/269 301/233 295/269
f 294/269 305/233 301/233
f 302/229 306/231 303/229
f 302/229 307/231 306/231
f 294/269 292/268 305/233
f 305/233 292/268 306/231
f 306/231 292/268 303/229
f 303/229 292/268 304/230
f 298/228 293/268 296/270
f 298/228 299/230 293/268
f 295/269 300/232 297/271
f 295/269 301/233 300/232
f 298/228 307/231 302/229
f 298/228 300/232 307/231
f 289/263 286/263 287/266
f 289/263 285/264 286/263
f 291/265 288/265 284/262
f 291/265 290/267 288/265
f 308/272 310/273 312/274
f 308/272 309/275 310/273
f 312/274 311/276 314/277
f 312/274 310/273 311/276
f 308/272 313/273 309/275
f 308/272 315/274 313/273
f 311/276 315/274 314/277
f 311/276 313/273 315/274
f 313/273 310/273 309/275
f 313/273 311/276 310/273
f 312/274 315/274 308/272
f 312/274 314/277 315/274
f 318/235 316/234 317/236
f 318/235 320/237 316/234
f 320/237 319/238 322/239
f 320/237 318/235 319/238
f 321/235 316/234 323/237
f 321/235 317/236 316/234
f 319/238 323/237 322/239
f 319/238 321/235 323/237
f 326/241 325/240 327/241
f 326/241 324/240 325/240
f 327/241 328/242 329/243
f 327/241 325/240 328/242
f 329/243 330/222 332/226
f 329/243 328/242 330/222
f 331/224 335/223 334/223
f 331/224 336/224 335/223
f 324/240 331/224 325/240
f 324/240 336/224 331/224
f 339/225 337/227 333/227
f 339/225 338/225 337/227
f 337/227 327/241 333/227
f 337/227 326/241 327/241
f 339/225 335/223 338/225
f 339/225 334/223 335/223
f 337/227 338/225 326/241
f 326/241 338/225 324/240
f 338/225 335/223 324/240
f 324/240 335/223 336/224
f 325/240 330/222 328/242
f 325/240 331/224 330/222
f 332/226 327/241 329/243
f 332/226 333/227 327/241
f 339/225 330/222 334/223
f 339/225 332/226 330/222
f 342/245 340/244 341/246
f 342/245 344/247 340/244
f 344/247 343/248 346/249
f 344/247 342/245 343/248
f 345/245 340/244 347/247
f 345/245 341/246 340/244
f 343/248 347/247 346/249
f 343/248 345/245 347/247
f 350/251 348/250 352/252
f 350/251 349/253 348/250
f 351/254 352/252 354/255
f 351/254 350/251 352/252
f 353/251 348/250 349/253
f 353/251 355/252 348/250
f 355/252 351/254 354/255
f 355/252 353/251 351/254
f 358/257 356/256 357/258
f 358/257 360/259 356/256
f 360/259 359/260 362/261
f 360/259 358/257 359/260
f 361/257 356/256 363/259
f 361/257 357/258 356/256
f 359/260 363/259 362/261
f 359/260 361/257 363/259
f 318/235 321/235 319/238
f 318/235 317/236 321/235
f 320/237 323/237 316/234
f 320/237 322/239 323/237
f 342/245 345/245 343/248
f 342/245 341/246 345/245
f 344/247 347/247 340/244
f 344/247 346/249 347/247
f 352/252 355/252 354/255
f 352/252 348/250 355/252
f 350/251 353/251 349/253
f 350/251 351/254 353/251
f 358/257 361/257 359/260
f 358/257 357/258 361/257
f 360/259 363/259 356/256
f 360/259 362/261 363/259
f 366/263 364/262 365/264
f 366/263 368/265 364/262
f 368/265 367/266 370/267
f 368/265 366/263 367/266
f 369/263 364/262 371/265
f 369/263 365/264 364/262
f 367/266 371/265 370/267
f 367/266 369/263 371/265
f 374/269 373/268 375/269
f 374/269 372/268 373/268
f 375/269 376/270 377/271
f 375/269 373/268 376/270
f 377/271 378/228 380/232
f 377/271 376/270 378/228
f 379/230 383/229 382/229
f 379/230 384/230 383/229
f 372/268 379/230 373/268
f 372/268 384/230 379/230
f 387/231 385/233 381/233
f 387/231 386/231 385/233
f 385/233 375/269 381/233
f 385/233 374/269 375/269
f 387/231 383/229 386/231
f 387/231 382/229 383/229
f 385/233 386/231 374/269
f 374/269 386/231 372/268
f 386/231 383/229 372/268
f 372/268 383/229 384/230
f 373/268 378/228 376/270
f 373/268 379/230 378/228
f 380/232 375/269 377/271
f 380/232 381/233 375/269
f 387/231 378/228 382/229
f 387/231 380/232 378/228
f 366/263 369/263 367/266
f 366/263 365/264 369/263
f 368/265 371/265 364/262
f 368/265 370/267 371/265
f 390/273 388/272 392/274
f 390/273 389/275 388/272
f 391/276 392/274 394/277
f 391/276 390/273 392/274
f 393/273 388/272 389/275
f 393/273 395/274 388/272
f 395/274 391/276 394/277
f 395/274 393/273 391/276
f 390/273 393/273 389/275
f 390/273 391/276 393/273
f 395/274 392/274 388/272
f 395/274 394/277 392/274
f 396/278 397/279 398/280
f 396/278 398/280 399/281
f 396/278 399/281 400/282
f 396/278 400/282 401/283
f 396/278 401/283 402/284
f 396/278 402/284 397/279
f 409/278 404/280 403/279
f 409/278 405/281 404/280
f 409/278 406/282 405/281
f 409/278 407/283 406/282
f 409/278 408/284 407/283
f 409/278 403/279 408/284
f 434/285 429/286 428/287
f 434/285 430/288 429/286
f 434/285 431/289 430/288
f 434/285 432/290 431/289
f 434/285 433/291 432/290
f 434/285 428/287 433/291
f 397/292 404/293 398/294
f 397/292 403/282 404/293
f 398/294 405/293 399/294
f 398/294 404/293 405/293
f 399/294 406/282 400/292
f 399/294 405/293 406/282
f 400/292 407/295 401/296
f 400/292 406/282 407/295
f 401/296 408/295 402/296
f 401/296 407/295 408/295
f 402/296 403/282 397/292
f 402/296 408/295 403/282
f 410/297 417/298 411/299
f 410/297 416/300 417/298
f 412/301 417/298 418/302
f 412/301 411/299 417/298
f 412/301 419/303 413/304
f 412/301 418/302 419/303
f 414/301 419/303 420/302
f 414/301 413/304 419/303
f 414/301 421/298 415/299
f 414/301 420/302 421/298
f 410/297 421/298 416/300
f 410/297 415/299 421/298
f 423/305 416/300 422/306
f 423/305 417/298 416/300
f 424/307 417/298 423/305
f 424/307 418/302 417/298
f 425/308 418/302 424/307
f 425/308 419/303 418/302
f 425/308 420/302 419/303
f 425/308 426/307 420/302
f 426/307 421/298 420/302
f 426/307 427/305 421/298
f 427/305 416/300 421/298
f 427/305 422/306 416/300
f 428/309 423/305 422/306
f 428/309 429/310 423/305
f 429/310 424/307 423/305
f 429/310 430/311 424/307
f 430/311 425/308 424/307
f 430/311 431/312 425/308
f 432/311 425/308 431/312
f 432/311 426/307 425/308
f 433/310 426/307 432/311
f 433/310 427/305 426/307
f 428/309 427/305 433/310
f 428/309 422/306 427/305
f 435/313 442/314 436/315
f 435/313 441/316 442/314
f 436/315 443/314 437/315
f 436/315 442/314 443/314
f 437/315 444/316 438/313
f 437/315 443/314 444/316
f 438/313 445/317 439/318
f 438/313 444/316 445/317
f 439/318 446/317 440/318
f 439/318 445/317 446/317
f 440/318 441/316 435/313
f 440/318 446/317 441/316
f 454/319 449/320 450/321
f 454/319 453/322 449/320
f 453/322 447/323 449/320
f 453/322 451/324 447/323
f 452/325 447/323 451/324
f 452/325 448/326 447/323
f 454/319 448/326 452/325
f 454/319 450/321 448/326
f 457/327 454/328 458/329
f 457/327 453/330 454/328
f 455/331 453/330 457/327
f 455/331 451/332 453/330
f 455/331 452/333 451/332
f 455/331 456/334 452/333
f 456/334 454/328 452/333
f 456/334 458/329 454/328
f 457/327 456/334 455/331
f 457/327 458/329 456/334
f 461/320 466/319 462/321
f 461/320 465/322 466/319
f 459/323 465/322 461/320
f 459/323 463/324 465/322
f 464/325 459/323 460/326
f 464/325 463/324 459/323
f 466/319 460/326 462/321
f 466/319 464/325 460/326
f 469/335 466/336 465/337
f 469/335 470/338 466/336
f 467/339 465/337 463/340
f 467/339 469/335 465/337
f 464/341 467/339 463/340
f 464/341 468/342 467/339
f 466/336 468/342 464/341
f 466/336 470/338 468/342
f 468/342 469/335 467/339
f 468/342 470/338 469/335
f 499/343 507/344 505/345
f 505/345 507/344 496/346
f 496/346 507/344 503/347
f 503/347 507/344 495/346
f 495/346 507/344 506/345
f 506/345 507/344 502/343
f 502/343 507/344 501/348
f 501/348 507/344 497/349
f 497/349 507/344 504/350
f 504/350 507/344 498/349
f 498/349 507/344 500/348
f 500/348 507/344 499/343
f 475/351 488/352 487/353
f 475/351 476/354 488/352
f 489/352 478/351 490/353
f 489/352 477/354 478/351
f 476/354 486/355 488/352
f 476/354 474/356 486/355
f 485/355 477/354 489/352
f 485/355 473/356 477/354
f 491/357 472/358 484/359
f 491/357 479/360 472/358
f 471/358 491/357 483/359
f 471/358 479/360 491/357
f 474/356 492/361 486/355
f 474/356 480/362 492/361
f 492/361 473/356 485/355
f 492/361 480/362 473/356
f 494/363 471/358 483/359
f 494/363 482/364 471/358
f 490/353 482/364 494/363
f 490/353 478/351 482/364
f 472/358 493/363 484/359
f 472/358 481/364 493/363
f 481/364 487/353 493/363
f 481/364 475/351 487/353
f 487/353 500/348 499/343
f 487/353 488/352 500/348
f 501/348 490/353 502/343
f 501/348 489/352 490/353
f 488/352 498/349 500/348
f 488/352 486/355 498/349
f 497/349 489/352 501/348
f 497/349 485/355 489/352
f 491/357 496/346 503/347
f 491/357 484/359 496/346
f 495/346 491/357 503/347
f 495/346 483/359 491/357
f 486/355 504/350 498/349
f 486/355 492/361 504/350
f 504/350 485/355 497/349
f 504/350 492/361 485/355
f 506/345 483/359 495/346
f 506/345 494/363 483/359
f 502/343 494/363 506/345
f 502/343 490/353 494/363
f 484/359 505/345 496/346
f 484/359 493/363 505/345
f 493/363 499/343 505/345
f 493/363 487/353 499/343
f 512/365 476/354 475/351
f 512/365 513/366 476/354
f 477/354 515/365 478/351
f 477/354 514/366 515/365
f 513/366 474/356 476/354
f 513/366 511/367 474/356
f 473/356 514/366 477/354
f 473/356 510/367 514/366
f 516/368 472/358 479/360
f 516/368 509/369 472/358
f 508/369 479/360 471/358
f 508/369 516/368 479/360
f 511/367 480/362 474/356
f 511/367 517/370 480/362
f 480/362 510/367 473/356
f 480/362 517/370 510/367
f 482/364 508/369 471/358
f 482/364 519/371 508/369
f 478/351 519/371 482/364
f 478/351 515/365 519/371
f 509/369 481/364 472/358
f 509/369 518/371 481/364
f 518/371 475/351 481/364
f 518/371 512/365 475/351
f 523/372 521/372 520/373
f 523/372 522/374 521/372
f 524/375 525/376 526/377
f 524/375 526/377 527/378
f 524/375 527/378 528/379
f 524/375 528/379 529/380
f 524/375 529/380 530/381
f 524/375 530/381 525/376
f 549/382 544/383 543/384
f 549/382 545/385 544/383
f 549/382 546/386 545/385
f 549/382 547/387 546/386
f 549/382 548/388 547/387
f 549/382 543/384 548/388
f 525/376 532/389 526/377
f 525/376 531/390 532/389
f 527/391 532/392 533/393
f 527/391 526/394 532/392
f 528/395 533/393 534/389
f 528/395 527/391 533/393
f 528/396 535/397 529/398
f 528/396 534/399 535/397
f 530/400 535/397 536/401
f 530/400 529/398 535/397
f 525/376 536/401 531/390
f 525/376 530/400 536/401
f 531/390 538/402 532/389
f 531/390 537/403 538/402
f 532/392 539/404 533/393
f 532/392 538/405 539/404
f 533/393 540/402 534/389
f 533/393 539/404 540/402
f 535/397 540/406 541/407
f 535/397 534/399 540/406
f 535/397 542/408 536/401
f 535/397 541/407 542/408
f 536/401 537/403 531/390
f 536/401 542/408 537/403
f 538/402 543/384 544/383
f 538/402 537/403 543/384
f 538/405 545/409 539/404
f 538/405 544/410 545/409
f 539/404 546/411 540/402
f 539/404 545/409 546/411
f 541/407 546/412 547/413
f 541/407 540/406 546/412
f 541/407 548/414 542/408
f 541/407 547/413 548/414
f 542/408 543/384 537/403
f 542/408 548/414 543/384
f 550/415 553/416 552/415
f 550/415 551/416 553/416
f 552/415 555/417 554/418
f 552/415 553/416 555/417
f 554/418 557/417 556/418
f 554/418 555/417 557/417
f 556/418 551/416 550/415
f 556/418 557/417 551/416
f 556/418 552/415 554/418
f 556/418 550/415 552/415
f 559/419 551/416 558/420
f 559/419 553/416 551/416
f 560/421 553/416 559/419
f 560/421 555/417 553/416
f 560/421 557/417 555/417
f 560/421 561/422 557/417
f 558/420 557/417 561/422
f 558/420 551/416 557/417
f 558/420 560/421 559/419
f 558/420 561/422 560/421
f 565/416 562/415 564/415
f 563/416 562/415 565/416
f 567/417 564/415 566/418
f 565/416 564/415 567/417
f 569/417 566/418 568/418
f 567/417 566/418 569/417
f 563/416 568/418 562/415
f 569/417 568/418 563/416
f 564/415 568/418 566/418
f 562/415 568/418 564/415
f 563/416 571/419 570/420
f 565/416 571/419 563/416
f 565/416 572/421 571/419
f 567/417 572/421 565/416
f 569/417 572/421 567/417
f 573/422 572/421 569/417
f 569/417 570/420 573/422
f 563/416 570/420 569/417
f 572/421 570/420 571/419
f 573/422 570/420 572/421
f 586/423 581/424 580/425
f 586/423 582/425 581/424
f 586/423 583/426 582/425
f 586/423 584/427 583/426
f 586/423 585/426 584/427
f 586/423 580/425 585/426
f 593/428 594/429 595/430
f 593/428 595/430 596/429
f 593/428 596/429 597/431
f 593/428 597/431 598/432
f 593/428 598/432 599/431
f 593/428 599/431 594/429
f 604/433 607/434 605/435
f 605/435 607/434 606/436
f 603/434 600/433 601/435
f 603/434 601/435 602/436
f 612/437 613/438 615/439
f 613/438 614/440 615/439
f 611/439 609/438 608/437
f 611/439 610/440 609/438
f 620/441 623/442 621/443
f 621/443 623/442 622/444
f 619/442 616/441 617/443
f 619/442 617/443 618/444
f 628/445 629/446 631/447
f 629/446 630/448 631/447
f 627/447 625/446 624/445
f 627/447 626/448 625/446
f 788/433 791/434 789/435
f 789/435 791/434 790/436
f 787/434 784/433 785/435
f 787/434 785/435 786/436
f 796/437 797/438 799/439
f 797/438 798/440 799/439
f 795/439 793/438 792/437
f 795/439 794/440 793/438
f 804/441 807/442 805/443
f 805/443 807/442 806/444
f 803/442 800/441 801/443
f 803/442 801/443 802/444
f 812/445 813/446 815/447
f 813/446 814/448 815/447
f 811/447 809/446 808/445
f 811/447 810/448 809/446
f 828/423 823/424 822/425
f 828/423 824/425 823/424
f 828/423 825/426 824/425
f 828/423 826/427 825/426
f 828/423 827/426 826/427
f 828/423 822/425 827/426
f 835/428 836/429 837/430
f 835/428 837/430 838/429
f 835/428 838/429 839/431
f 835/428 839/431 840/432
f 835/428 840/432 841/431
f 835/428 841/431 836/429
f 846/433 849/434 847/435
f 847/435 849/434 848/436
f 845/434 842/433 843/435
f 845/434 843/435 844/436
f 854/437 855/438 857/439
f 855/438 856/440 857/439
f 853/439 851/438 850/437
f 853/439 852/440 851/438
f 862/441 865/442 863/443
f 863/443 865/442 864/444
f 861/442 858/441 859/443
f 861/442 859/443 860/444
f 870/445 871/446 873/447
f 871/446 872/448 873/447
f 869/447 867/446 866/445
f 869/447 868/448 867/446
f 878/433 881/434 879/435
f 879/435 881/434 880/436
f 877/434 874/433 875/435
f 877/434 875/435 876/436
f 886/437 887/438 889/439
f 887/438 888/440 889/439
f 885/439 883/438 882/437
f 885/439 884/440 883/438
f 894/441 897/442 895/443
f 895/443 897/442 896/444
f 893/442 890/441 891/443
f 893/442 891/443 892/444
f 902/445 903/446 905/447
f 903/446 904/448 905/447
f 901/447 899/446 898/445
f 901/447 900/448 899/446
f 918/423 913/424 912/425
f 918/423 914/425 913/424
f 918/423 915/426 914/425
f 918/423 916/427 915/426
f 918/423 917/426 916/427
f 918/423 912/425 917/426
f 925/428 926/429 927/430
f 925/428 927/430 928/429
f 925/428 928/429 929/431
f 925/428 929/431 930/432
f 925/428 930/432 931/431
f 925/428 931/431 926/429
f 936/433 939/434 937/435
f 937/435 939/434 938/436
f 935/434 932/433 933/435
f 935/434 933/435 934/436
f 944/437 945/438 947/439
f 945/438 946/440 947/439
f 943/439 941/438 940/437
f 943/439 942/440 941/438
f 952/441 955/442 953/443
f 953/443 955/442 954/444
f 951/442 948/441 949/443
f 951/442 949/443 950/444
f 960/445 961/446 963/447
f 961/446 962/448 963/447
f 959/447 957/446 956/445
f 959/447 958/448 957/446
f 968/433 971/434 969/435
f 969/435 971/434 970/436
f 967/434 964/433 965/435
f 967/434 965/435 966/436
f 976/437 977/438 979/439
f 977/438 978/440 979/439
f 975/439 973/438 972/437
f 975/439 974/440 973/438
f 984/441 987/442 985/443
f 985/443 987/442 986/444
f 983/442 980/441 981/443
f 983/442 981/443 982/444
f 992/445 993/446 995/447
f 993/446 994/448 995/447
f 991/447 989/446 988/445
f 991/447 990/448 989/446
f 1008/423 1003/424 1002/425
f 1008/423 1004/425 1003/424
f 1008/423 1005/426 1004/425
f 1008/423 1006/427 1005/426
f 1008/423 1007/426 1006/427
f 1008/423 1002/425 1007/426
f 1015/428 1016/429 1017/430
f 1015/428 1017/430 1018/429
f 1015/428 1018/429 1019/431
f 1015/428 1019/431 1020/432
f 1015/428 1020/432 1021/431
f 1015/428 1021/431 1016/429
f 1026/433 1029/434 1027/435
f 1027/435 1029/434 1028/436
f 1025/434 1022/433 1023/435
f 1025/434 1023/435 1024/436
f 1034/437 1035/438 1037/439
f 1035/438 1036/440 1037/439
f 1033/439 1031/438 1030/437
f 1033/439 1032/440 1031/438
f 1042/441 1045/442 1043/443
f 1043/443 1045/442 1044/444
f 1041/442 1038/441 1039/443
f 1041/442 1039/443 1040/444
f 1050/445 1051/446 1053/447
f 1051/446 1052/448 1053/447
f 1049/447 1047/446 1046/445
f 1049/447 1048/448 1047/446
f 1058/433 1061/434 1059/435
f 1059/435 1061/434 1060/436
f 1057/434 1054/433 1055/435
f 1057/434 1055/435 1056/436
f 1066/437 1067/438 1069/439
f 1067/438 1068/440 1069/439
f 1065/439 1063/438 1062/437
f 1065/439 1064/440 1063/438
f 1074/441 1077/442 1075/443
f 1075/443 1077/442 1076/444
f 1073/442 1070/441 1071/443
f 1073/442 1071/443 1072/444
f 1082/445 1083/446 1085/447
f 1083/446 1084/448 1085/447
f 1081/447 1079/446 1078/445
f 1081/447 1080/448 1079/446
f 1093/424 1098/423 1092/425
f 1094/425 1098/423 1093/424
f 1095/426 1098/423 1094/425
f 1096/427 1098/423 1095/426
f 1097/426 1098/423 1096/427
f 1092/425 1098/423 1097/426
f 1106/429 1105/428 1107/430
f 1107/430 1105/428 1108/429
f 1108/429 1105/428 1109/431
f 1109/431 1105/428 1110/432
f 1110/432 1105/428 1111/431
f 1111/431 1105/428 1106/429
f 1119/434 1116/433 1117/435
f 1119/434 1117/435 1118/436
f 1112/433 1115/434 1113/435
f 1113/435 1115/434 1114/436
f 1125/438 1124/437 1127/439
f 1126/440 1125/438 1127/439
f 1121/438 1123/439 1120/437
f 1122/440 1123/439 1121/438
f 1135/442 1132/441 1133/443
f 1135/442 1133/443 1134/444
f 1128/441 1131/442 1129/443
f 1129/443 1131/442 1130/444
f 1141/446 1140/445 1143/447
f 1142/448 1141/446 1143/447
f 1137/446 1139/447 1136/445
f 1138/448 1139/447 1137/446
f 1303/434 1300/433 1301/435
f 1303/434 1301/435 1302/436
f 1296/433 1299/434 1297/435
f 1297/435 1299/434 1298/436
f 1309/438 1308/437 1311/439
f 1310/440 1309/438 1311/439
f 1305/438 1307/439 1304/437
f 1306/440 1307/439 1305/438
f 1319/442 1316/441 1317/443
f 1319/442 1317/443 1318/444
f 1312/441 1315/442 1313/443
f 1313/443 1315/442 1314/444
f 1325/446 1324/445 1327/447
f 1326/448 1325/446 1327/447
f 1321/446 1323/447 1320/445
f 1322/448 1323/447 1321/446
f 1335/424 1340/423 1334/425
f 1336/425 1340/423 1335/424
f 1337/426 1340/423 1336/425
f 1338/427 1340/423 1337/426
f 1339/426 1340/423 1338/427
f 1334/425 1340/423 1339/426
f 1348/429 1347/428 1349/430
f 1349/430 1347/428 1350/429
f 1350/429 1347/428 1351/431
f 1351/431 1347/428 1352/432
f 1352/432 1347/428 1353/431
f 1353/431 1347/428 1348/429
f 1361/434 1358/433 1359/435
f 1361/434 1359/435 1360/436
f 1354/433 1357/434 1355/435
f 1355/435 1357/434 1356/436
f 1367/438 1366/437 1369/439
f 1368/440 1367/438 1369/439
f 1363/438 1365/439 1362/437
f 1364/440 1365/439 1363/438
f 1377/442 1374/441 1375/443
f 1377/442 1375/443 1376/444
f 1370/441 1373/442 1371/443
f 1371/443 1373/442 1372/444
f 1383/446 1382/445 1385/447
f 1384/448 1383/446 1385/447
f 1379/446 1381/447 1378/445
f 1380/448 1381/447 1379/446
f 1393/434 1390/433 1391/435
f 1393/434 1391/435 1392/436
f 1386/433 1389/434 1387/435
f 1387/435 1389/434 1388/436
f 1399/438 1398/437 1401/439
f 1400/440 1399/438 1401/439
f 1395/438 1397/439 1394/437
f 1396/440 1397/439 1395/438
f 1409/442 1406/441 1407/443
f 1409/442 1407/443 1408/444
f 1402/441 1405/442 1403/443
f 1403/443 1405/442 1404/444
f 1415/446 1414/445 1417/447
f 1416/448 1415/446 1417/447
f 1411/446 1413/447 1410/445
f 1412/448 1413/447 1411/446
f 1425/424 1430/423 1424/425
f 1426/425 1430/423 1425/424
f 1427/426 1430/423 1426/425
f 1428/427 1430/423 1427/426
f 1429/426 1430/423 1428/427
f 1424/425 1430/423 1429/426
f 1438/429 1437/428 1439/430
f 1439/430 1437/428 1440/429
f 1440/429 1437/428 1441/431
f 1441/431 1437/428 1442/432
f 1442/432 1437/428 1443/431
f 1443/431 1437/428 1438/429
f 1451/434 1448/433 1449/435
f 1451/434 1449/435 1450/436
f 1444/433 1447/434 1445/435
f 1445/435 1447/434 1446/436
f 1457/438 1456/437 1459/439
f 1458/440 1457/438 1459/439
f 1453/438 1455/439 1452/437
f 1454/440 1455/439 1453/438
f 1467/442 1464/441 1465/443
f 1467/442 1465/443 1466/444
f 1460/441 1463/442 1461/443
f 1461/443 1463/442 1462/444
f 1473/446 1472/445 1475/447
f 1474/448 1473/446 1475/447
f 1469/446 1471/447 1468/445
f 1470/448 1471/447 1469/446
f 1483/434 1480/433 1481/435
f 1483/434 1481/435 1482/436
f 1476/433 1479/434 1477/435
f 1477/435 1479/434 1478/436
f 1489/438 1488/437 1491/439
f 1490/440 1489/438 1491/439
f 1485/438 1487/439 1484/437
f 1486/440 1487/439 1485/438
f 1499/442 1496/441 1497/443
f 1499/442 1497/443 1498/444
f 1492/441 1495/442 1493/443
f 1493/443 1495/442 1494/444
f 1505/446 1504/445 1507/447
f 1506/448 1505/446 1507/447
f 1501/446 1503/447 1500/445
f 1502/448 1503/447 1501/446
f 1515/424 1520/423 1514/425
f 1516/425 1520/423 1515/424
f 1517/426 1520/423 1516/425
f 1518/427 1520/423 1517/426
f 1519/426 1520/423 1518/427
f 1514/425 1520/423 1519/426
f 1528/429 1527/428 1529/430
f 1529/430 1527/428 1530/429
f 1530/429 1527/428 1531/431
f 1531/431 1527/428 1532/432
f 1532/432 1527/428 1533/431
f 1533/431 1527/428 1528/429
f 1541/434 1538/433 1539/435
f 1541/434 1539/435 1540/436
f 1534/433 1537/434 1535/435
f 1535/435 1537/434 1536/436
f 1547/438 1546/437 1549/439
f 1548/440 1547/438 1549/439
f 1543/438 1545/439 1542/437
f 1544/440 1545/439 1543/438
f 1557/442 1554/441 1555/443
f 1557/442 1555/443 1556/444
f 1550/441 1553/442 1551/443
f 1551/443 1553/442 1552/444
f 1563/446 1562/445 1565/447
f 1564/448 1563/446 1565/447
f 1559/446 1561/447 1558/445
f 1560/448 1561/447 1559/446
f 1573/434 1570/433 1571/435
f 1573/434 1571/435 1572/436
f 1566/433 1569/434 1567/435
f 1567/435 1569/434 1568/436
f 1579/438 1578/437 1581/439
f 1580/440 1579/438 1581/439
f 1575/438 1577/439 1574/437
f 1576/440 1577/439 1575/438
f 1589/442 1586/441 1587/443
f 1589/442 1587/443 1588/444
f 1582/441 1585/442 1583/443
f 1583/443 1585/442 1584/444
f 1595/446 1594/445 1597/447
f 1596/448 1595/446 1597/447
f 1591/446 1593/447 1590/445
f 1592/448 1593/447 1591/446
f 574/449 581/424 575/450
f 574/449 580/425 581/424
f 575/450 582/425 576/449
f 575/450 581/424 582/425
f 576/449 583/426 577/451
f 576/449 582/425 583/426
f 577/451 584/427 578/452
f 577/451 583/426 584/427
f 578/452 585/426 579/451
f 578/452 584/427 585/426
f 579/451 580/425 574/449
f 579/451 585/426 580/425
f 587/453 575/450 588/454
f 587/453 574/449 575/450
f 589/453 575/450 576/449
f 589/453 588/454 575/450
f 590/455 576/449 577/451
f 590/455 589/453 576/449
f 591/456 577/451 578/452
f 591/456 590/455 577/451
f 591/456 579/451 592/455
f 591/456 578/452 579/451
f 592/455 574/449 587/453
f 592/455 579/451 574/449
f 594/429 588/454 595/430
f 594/429 587/453 588/454
f 596/429 588/454 589/453
f 596/429 595/430 588/454
f 597/431 589/453 590/455
f 597/431 596/429 589/453
f 597/431 591/456 598/432
f 597/431 590/455 591/456
f 599/431 591/456 592/455
f 599/431 598/432 591/456
f 599/431 587/453 594/429
f 599/431 592/455 587/453
f 605/435 600/433 604/433
f 605/435 601/435 600/433
f 604/433 603/434 607/434
f 604/433 600/433 603/434
f 606/436 601/435 605/435
f 606/436 602/436 601/435
f 607/434 602/436 606/436
f 607/434 603/434 602/436
f 613/438 608/437 609/438
f 613/438 612/437 608/437
f 612/437 611/439 608/437
f 612/437 615/439 611/439
f 614/440 609/438 610/440
f 614/440 613/438 609/438
f 615/439 610/440 611/439
f 615/439 614/440 610/440
f 620/441 617/443 616/441
f 620/441 621/443 617/443
f 620/441 619/442 623/442
f 620/441 616/441 619/442
f 622/444 617/443 621/443
f 622/444 618/444 617/443
f 623/442 618/444 622/444
f 623/442 619/442 618/444
f 629/446 624/445 625/446
f 629/446 628/445 624/445
f 628/445 627/447 624/445
f 628/445 631/447 627/447
f 630/448 625/446 626/448
f 630/448 629/446 625/446
f 631/447 626/448 627/447
f 631/447 630/448 626/448
f 635/457 632/458 633/458
f 635/457 634/457 632/458
f 638/459 637/460 636/460
f 638/459 639/459 637/460
f 632/458 638/459 633/458
f 632/458 639/459 638/459
f 642/461 640/462 641/462
f 642/461 643/461 640/462
f 636/460 643/461 642/461
f 636/460 637/460 643/461
f 646/463 644/464 645/464
f 646/463 647/463 644/464
f 634/457 645/464 644/464
f 634/457 635/457 645/464
f 646/463 640/462 647/463
f 646/463 641/462 640/462
f 642/461 641/462 636/460
f 636/460 641/462 638/459
f 638/459 641/462 633/458
f 641/462 646/463 633/458
f 633/458 646/463 635/457
f 635/457 646/463 645/464
f 637/460 639/459 643/461
f 643/461 639/459 640/462
f 640/462 639/459 647/463
f 639/459 632/458 647/463
f 647/463 632/458 644/464
f 644/464 632/458 634/457
f 651/457 648/458 649/458
f 651/457 650/457 648/458
f 654/459 653/460 652/460
f 654/459 655/459 653/460
f 648/458 654/459 649/458
f 648/458 655/459 654/459
f 658/461 656/462 657/462
f 658/461 659/461 656/462
f 652/460 659/461 658/461
f 652/460 653/460 659/461
f 662/463 660/464 661/464
f 662/463 663/463 660/464
f 650/457 661/464 660/464
f 650/457 651/457 661/464
f 662/463 656/462 663/463
f 662/463 657/462 656/462
f 658/461 657/462 652/460
f 652/460 657/462 654/459
f 654/459 657/462 649/458
f 657/462 662/463 649/458
f 649/458 662/463 651/457
f 651/457 662/463 661/464
f 653/460 655/459 659/461
f 659/461 655/459 656/462
f 656/462 655/459 663/463
f 655/459 648/458 663/463
f 663/463 648/458 660/464
f 660/464 648/458 650/457
f 664/465 667/466 666/467
f 664/465 665/468 667/466
f 668/467 671/468 670/465
f 668/467 669/466 671/468
f 670/465 666/467 668/467
f 670/465 664/465 666/467
f 665/468 669/466 667/466
f 665/468 671/468 669/466
f 675/469 668/467 674/470
f 675/469 669/466 668/467
f 672/470 667/466 673/469
f 672/470 666/467 667/466
f 678/471 674/470 679/471
f 678/471 672/470 674/470
f 676/472 672/470 678/471
f 676/472 666/467 672/470
f 677/472 666/467 676/472
f 677/472 668/467 666/467
f 679/471 668/467 677/472
f 679/471 674/470 668/467
f 683/473 673/469 682/473
f 683/473 675/469 673/469
f 681/474 675/469 683/473
f 681/474 669/466 675/469
f 680/474 669/466 681/474
f 680/474 667/466 669/466
f 682/473 667/466 680/474
f 682/473 673/469 667/466
f 686/475 672/470 684/475
f 686/475 674/470 672/470
f 687/476 674/470 686/475
f 687/476 675/469 674/470
f 685/476 675/469 687/476
f 685/476 673/469 675/469
f 684/475 673/469 685/476
f 684/475 672/470 673/469
f 691/477 686/475 690/478
f 691/477 687/476 686/475
f 688/478 685/476 689/477
f 688/478 684/475 685/476
f 688/478 691/477 690/478
f 688/478 689/477 691/477
f 695/479 689/477 694/479
f 695/479 691/477 689/477
f 693/480 691/477 695/479
f 693/480 687/476 691/477
f 692/480 687/476 693/480
f 692/480 685/476 687/476
f 694/479 685/476 692/480
f 694/479 689/477 685/476
f 698/481 690/478 699/481
f 698/481 688/478 690/478
f 696/482 688/478 698/481
f 696/482 684/475 688/478
f 697/482 684/475 696/482
f 697/482 686/475 684/475
f 699/481 686/475 697/482
f 699/481 690/478 686/475
f 700/483 703/484 702/485
f 700/483 701/486 703/484
f 702/485 705/484 704/485
f 702/485 703/484 705/484
f 704/485 707/486 706/483
f 704/485 705/484 707/486
f 706/483 701/486 700/483
f 706/483 707/486 701/486
f 701/486 705/484 703/484
f 701/486 707/486 705/484
f 710/457 709/458 708/458
f 710/457 711/457 709/458
f 715/459 712/460 713/460
f 715/459 714/459 712/460
f 715/459 709/458 714/459
f 715/459 708/458 709/458
f 719/461 717/462 716/462
f 719/461 718/461 717/462
f 713/460 718/461 719/461
f 713/460 712/460 718/461
f 723/463 721/464 720/464
f 723/463 722/463 721/464
f 711/457 720/464 721/464
f 711/457 710/457 720/464
f 717/462 723/463 716/462
f 717/462 722/463 723/463
f 712/460 714/459 718/461
f 718/461 714/459 717/462
f 717/462 714/459 722/463
f 714/459 709/458 722/463
f 722/463 709/458 721/464
f 721/464 709/458 711/457
f 719/461 716/462 713/460
f 713/460 716/462 715/459
f 715/459 716/462 708/458
f 716/462 723/463 708/458
f 708/458 723/463 710/457
f 710/457 723/463 720/464
f 726/457 725/458 724/458
f 726/457 727/457 725/458
f 731/459 728/460 729/460
f 731/459 730/459 728/460
f 731/459 725/458 730/459
f 731/459 724/458 725/458
f 735/461 733/462 732/462
f 735/461 734/461 733/462
f 729/460 734/461 735/461
f 729/460 728/460 734/461
f 739/463 737/464 736/464
f 739/463 738/463 737/464
f 727/457 736/464 737/464
f 727/457 726/457 736/464
f 733/462 739/463 732/462
f 733/462 738/463 739/463
f 728/460 730/459 734/461
f 734/461 730/459 733/462
f 733/462 730/459 738/463
f 730/459 725/458 738/463
f 738/463 725/458 737/464
f 737/464 725/458 727/457
f 735/461 732/462 729/460
f 729/460 732/462 731/459
f 731/459 732/462 724/458
f 732/462 739/463 724/458
f 724/458 739/463 726/457
f 726/457 739/463 736/464
f 741/468 742/467 743/466
f 741/468 740/465 742/467
f 745/466 746/465 747/468
f 745/466 744/467 746/465
f 740/465 744/467 742/467
f 740/465 746/465 744/467
f 747/468 743/466 745/466
f 747/468 741/468 743/466
f 745/466 750/470 744/467
f 745/466 751/469 750/470
f 742/467 749/469 743/466
f 742/467 748/470 749/469
f 748/470 755/471 750/470
f 748/470 754/471 755/471
f 742/467 754/471 748/470
f 742/467 752/472 754/471
f 744/467 752/472 742/467
f 744/467 753/472 752/472
f 750/470 753/472 744/467
f 750/470 755/471 753/472
f 751/469 758/473 749/469
f 751/469 759/473 758/473
f 745/466 759/473 751/469
f 745/466 757/474 759/473
f 743/466 757/474 745/466
f 743/466 756/474 757/474
f 749/469 756/474 743/466
f 749/469 758/473 756/474
f 750/470 760/475 748/470
f 750/470 762/475 760/475
f 751/469 762/475 750/470
f 751/469 763/476 762/475
f 749/469 763/476 751/469
f 749/469 761/476 763/476
f 748/470 761/476 749/469
f 748/470 760/475 761/476
f 763/476 766/478 762/475
f 763/476 767/477 766/478
f 760/475 765/477 761/476
f 760/475 764/478 765/477
f 765/477 766/478 767/477
f 765/477 764/478 766/478
f 767/477 770/479 765/477
f 767/477 771/479 770/479
f 763/476 771/479 767/477
f 763/476 769/480 771/479
f 761/476 769/480 763/476
f 761/476 768/480 769/480
f 765/477 768/480 761/476
f 765/477 770/479 768/480
f 764/478 775/481 766/478
f 764/478 774/481 775/481
f 760/475 774/481 764/478
f 760/475 772/482 774/481
f 762/475 772/482 760/475
f 762/475 773/482 772/482
f 766/478 773/482 762/475
f 766/478 775/481 773/482
f 777/486 778/485 779/484
f 777/486 776/483 778/485
f 779/484 780/485 781/484
f 779/484 778/485 780/485
f 781/484 782/483 783/486
f 781/484 780/485 782/483
f 783/486 776/483 777/486
f 783/486 782/483 776/483
f 783/486 779/484 781/484
f 783/486 777/486 779/484
f 788/433 785/435 784/433
f 788/433 789/435 785/435
f 788/433 787/434 791/434
f 788/433 784/433 787/434
f 790/436 785/435 789/435
f 790/436 786/436 785/435
f 791/434 786/436 790/436
f 791/434 787/434 786/436
f 797/438 792/437 793/438
f 797/438 796/437 792/437
f 796/437 795/439 792/437
f 796/437 799/439 795/439
f 798/440 793/438 794/440
f 798/440 797/438 793/438
f 799/439 794/440 795/439
f 799/439 798/440 794/440
f 805/443 800/441 804/441
f 805/443 801/443 800/441
f 804/441 803/442 807/442
f 804/441 800/441 803/442
f 806/444 801/443 805/443
f 806/444 802/444 801/443
f 806/444 803/442 802/444
f 806/444 807/442 803/442
f 813/446 808/445 809/446
f 813/446 812/445 808/445
f 812/445 811/447 808/445
f 812/445 815/447 811/447
f 814/448 809/446 810/448
f 814/448 813/446 809/446
f 815/447 810/448 811/447
f 815/447 814/448 810/448
f 816/449 823/424 817/450
f 816/449 822/425 823/424
f 817/450 824/425 818/449
f 817/450 823/424 824/425
f 818/449 825/426 819/451
f 818/449 824/425 825/426
f 819/451 826/427 820/452
f 819/451 825/426 826/427
f 820/452 827/426 821/451
f 820/452 826/427 827/426
f 821/451 822/425 816/449
f 821/451 827/426 822/425
f 829/453 817/450 830/454
f 829/453 816/449 817/450
f 831/453 817/450 818/449
f 831/453 830/454 817/450
f 832/455 818/449 819/451
f 832/455 831/453 818/449
f 833/456 819/451 820/452
f 833/456 832/455 819/451
f 833/456 821/451 834/455
f 833/456 820/452 821/451
f 834/455 816/449 829/453
f 834/455 821/451 816/449
f 836/429 830/454 837/430
f 836/429 829/453 830/454
f 838/429 830/454 831/453
f 838/429 837/430 830/454
f 839/431 831/453 832/455
f 839/431 838/429 831/453
f 839/431 833/456 840/432
f 839/431 832/455 833/456
f 841/431 833/456 834/455
f 841/431 840/432 833/456
f 841/431 829/453 836/429
f 841/431 834/455 829/453
f 847/435 842/433 846/433
f 847/435 843/435 842/433
f 846/433 845/434 849/434
f 846/433 842/433 845/434
f 848/436 843/435 847/435
f 848/436 844/436 843/435
f 849/434 844/436 848/436
f 849/434 845/434 844/436
f 855/438 850/437 851/438
f 855/438 854/437 850/437
f 854/437 853/439 850/437
f 854/437 857/439 853/439
f 856/440 851/438 852/440
f 856/440 855/438 851/438
f 857/439 852/440 853/439
f 857/439 856/440 852/440
f 862/441 859/443 858/441
f 862/441 863/443 859/443
f 862/441 861/442 865/442
f 862/441 858/441 861/442
f 864/444 859/443 863/443
f 864/444 860/444 859/443
f 865/442 860/444 864/444
f 865/442 861/442 860/444
f 871/446 866/445 867/446
f 871/446 870/445 866/445
f 870/445 869/447 866/445
f 870/445 873/447 869/447
f 872/448 867/446 868/448
f 872/448 871/446 867/446
f 873/447 868/448 869/447
f 873/447 872/448 868/448
f 878/433 875/435 874/433
f 878/433 879/435 875/435
f 878/433 877/434 881/434
f 878/433 874/433 877/434
f 880/436 875/435 879/435
f 880/436 876/436 875/435
f 881/434 876/436 880/436
f 881/434 877/434 876/436
f 887/438 882/437 883/438
f 887/438 886/437 882/437
f 886/437 885/439 882/437
f 886/437 889/439 885/439
f 888/440 883/438 884/440
f 888/440 887/438 883/438
f 889/439 884/440 885/439
f 889/439 888/440 884/440
f 895/443 890/441 894/441
f 895/443 891/443 890/441
f 894/441 893/442 897/442
f 894/441 890/441 893/442
f 896/444 891/443 895/443
f 896/444 892/444 891/443
f 896/444 893/442 892/444
f 896/444 897/442 893/442
f 903/446 898/445 899/446
f 903/446 902/445 898/445
f 902/445 901/447 898/445
f 902/445 905/447 901/447
f 904/448 899/446 900/448
f 904/448 903/446 899/446
f 905/447 900/448 901/447
f 905/447 904/448 900/448
f 906/449 913/424 907/450
f 906/449 912/425 913/424
f 907/450 914/425 908/449
f 907/450 913/424 914/425
f 908/449 915/426 909/451
f 908/449 914/425 915/426
f 909/451 916/427 910/452
f 909/451 915/426 916/427
f 910/452 917/426 911/451
f 910/452 916/427 917/426
f 911/451 912/425 906/449
f 911/451 917/426 912/425
f 919/453 907/450 920/454
f 919/453 906/449 907/450
f 921/453 907/450 908/449
f 921/453 920/454 907/450
f 922/455 908/449 909/451
f 922/455 921/453 908/449
f 923/456 909/451 910/452
f 923/456 922/455 909/451
f 923/456 911/451 924/455
f 923/456 910/452 911/451
f 924/455 906/449 919/453
f 924/455 911/451 906/449
f 926/429 920/454 927/430
f 926/429 919/453 920/454
f 928/429 920/454 921/453
f 928/429 927/430 920/454
f 929/431 921/453 922/455
f 929/431 928/429 921/453
f 929/431 923/456 930/432
f 929/431 922/455 923/456
f 931/431 923/456 924/455
f 931/431 930/432 923/456
f 931/431 919/453 926/429
f 931/431 924/455 919/453
f 937/435 932/433 936/433
f 937/435 933/435 932/433
f 936/433 935/434 939/434
f 936/433 932/433 935/434
f 938/436 933/435 937/435
f 938/436 934/436 933/435
f 939/434 934/436 938/436
f 939/434 935/434 934/436
f 945/438 940/437 941/438
f 945/438 944/437 940/437
f 944/437 943/439 940/437
f 944/437 947/439 943/439
f 946/440 941/438 942/440
f 946/440 945/438 941/438
f 947/439 942/440 943/439
f 947/439 946/440 942/440
f 952/441 949/443 948/441
f 952/441 953/443 949/443
f 952/441 951/442 955/442
f 952/441 948/441 951/442
f 954/444 949/443 953/443
f 954/444 950/444 949/443
f 955/442 950/444 954/444
f 955/442 951/442 950/444
f 957/446 960/445 956/445
f 957/446 961/446 960/445
f 960/445 959/447 956/445
f 960/445 963/447 959/447
f 962/448 957/446 958/448
f 962/448 961/446 957/446
f 959/447 962/448 958/448
f 959/447 963/447 962/448
f 969/435 964/433 968/433
f 969/435 965/435 964/433
f 968/433 967/434 971/434
f 968/433 964/433 967/434
f 970/436 965/435 969/435
f 970/436 966/436 965/435
f 971/434 966/436 970/436
f 971/434 967/434 966/436
f 977/438 972/437 973/438
f 977/438 976/437 972/437
f 976/437 975/439 972/437
f 976/437 979/439 975/439
f 978/440 973/438 974/440
f 978/440 977/438 973/438
f 979/439 974/440 975/439
f 979/439 978/440 974/440
f 985/443 980/441 984/441
f 985/443 981/443 980/441
f 984/441 983/442 987/442
f 984/441 980/441 983/442
f 986/444 981/443 985/443
f 986/444 982/444 981/443
f 987/442 982/444 986/444
f 987/442 983/442 982/444
f 993/446 988/445 989/446
f 993/446 992/445 988/445
f 992/445 991/447 988/445
f 992/445 995/447 991/447
f 994/448 989/446 990/448
f 994/448 993/446 989/446
f 991/447 994/448 990/448
f 991/447 995/447 994/448
f 996/449 1003/424 997/450
f 996/449 1002/425 1003/424
f 997/450 1004/425 998/449
f 997/450 1003/424 1004/425
f 998/449 1005/426 999/451
f 998/449 1004/425 1005/426
f 999/451 1006/427 1000/452
f 999/451 1005/426 1006/427
f 1000/452 1007/426 1001/451
f 1000/452 1006/427 1007/426
f 1001/451 1002/425 996/449
f 1001/451 1007/426 1002/425
f 1009/453 997/450 1010/454
f 1009/453 996/449 997/450
f 1011/453 997/450 998/449
f 1011/453 1010/454 997/450
f 1012/455 998/449 999/451
f 1012/455 1011/453 998/449
f 1013/456 999/451 1000/452
f 1013/456 1012/455 999/451
f 1013/456 1001/451 1014/455
f 1013/456 1000/452 1001/451
f 1014/455 996/449 1009/453
f 1014/455 1001/451 996/449
f 1016/429 1010/454 1017/430
f 1016/429 1009/453 1010/454
f 1018/429 1010/454 1011/453
f 1018/429 1017/430 1010/454
f 1019/431 1011/453 1012/455
f 1019/431 1018/429 1011/453
f 1019/431 1013/456 1020/432
f 1019/431 1012/455 1013/456
f 1021/431 1013/456 1014/455
f 1021/431 1020/432 1013/456
f 1021/431 1009/453 1016/429
f 1021/431 1014/455 1009/453
f 1027/435 1022/433 1026/433
f 1027/435 1023/435 1022/433
f 1026/433 1025/434 1029/434
f 1026/433 1022/433 1025/434
f 1028/436 1023/435 1027/435
f 1028/436 1024/436 1023/435
f 1029/434 1024/436 1028/436
f 1029/434 1025/434 1024/436
f 1035/438 1030/437 1031/438
f 1035/438 1034/437 1030/437
f 1034/437 1033/439 1030/437
f 1034/437 1037/439 1033/439
f 1036/440 1031/438 1032/440
f 1036/440 1035/438 1031/438
f 1037/439 1032/440 1033/439
f 1037/439 1036/440 1032/440
f 1042/441 1039/443 1038/441
f 1042/441 1043/443 1039/443
f 1042/441 1041/442 1045/442
f 1042/441 1038/441 1041/442
f 1044/444 1039/443 1043/443
f 1044/444 1040/444 1039/443
f 1045/442 1040/444 1044/444
f 1045/442 1041/442 1040/444
f 1047/446 1050/445 1046/445
f 1047/446 1051/446 1050/445
f 1050/445 1049/447 1046/445
f 1050/445 1053/447 1049/447
f 1052/448 1047/446 1048/448
f 1052/448 1051/446 1047/446
f 1049/447 1052/448 1048/448
f 1049/447 1053/447 1052/448
f 1059/435 1054/433 1058/433
f 1059/435 1055/435 1054/433
f 1058/433 1057/434 1061/434
f 1058/433 1054/433 1057/434
f 1060/436 1055/435 1059/435
f 1060/436 1056/436 1055/435
f 1061/434 1056/436 1060/436
f 1061/434 1057/434 1056/436
f 1067/438 1062/437 1063/438
f 1067/438 1066/437 1062/437
f 1066/437 1065/439 1062/437
f 1066/437 1069/439 1065/439
f 1068/440 1063/438 1064/440
f 1068/440 1067/438 1063/438
f 1069/439 1064/440 1065/439
f 1069/439 1068/440 1064/440
f 1075/443 1070/441 1074/441
f 1075/443 1071/443 1070/441
f 1074/441 1073/442 1077/442
f 1074/441 1070/441 1073/442
f 1076/444 1071/443 1075/443
f 1076/444 1072/444 1071/443
f 1077/442 1072/444 1076/444
f 1077/442 1073/442 1072/444
f 1083/446 1078/445 1079/446
f 1083/446 1082/445 1078/445
f 1082/445 1081/447 1078/445
f 1082/445 1085/447 1081/447
f 1084/448 1079/446 1080/448
f 1084/448 1083/446 1079/446
f 1081/447 1084/448 1080/448
f 1081/447 1085/447 1084/448
f 1092/425 1087/450 1093/424
f 1092/425 1086/449 1087/450
f 1093/424 1088/449 1094/425
f 1093/424 1087/450 1088/449
f 1094/425 1089/451 1095/426
f 1094/425 1088/449 1089/451
f 1095/426 1090/452 1096/427
f 1095/426 1089/451 1090/452
f 1096/427 1091/451 1097/426
f 1096/427 1090/452 1091/451
f 1097/426 1086/449 1092/425
f 1097/426 1091/451 1086/449
f 1087/450 1099/453 1100/454
f 1087/450 1086/449 1099/453
f 1087/450 1101/453 1088/449
f 1087/450 1100/454 1101/453
f 1088/449 1102/455 1089/451
f 1088/449 1101/453 1102/455
f 1089/451 1103/456 1090/452
f 1089/451 1102/455 1103/456
f 1091/451 1103/456 1104/455
f 1091/451 1090/452 1103/456
f 1086/449 1104/455 1099/453
f 1086/449 1091/451 1104/455
f 1100/454 1106/429 1107/430
f 1100/454 1099/453 1106/429
f 1100/454 1108/429 1101/453
f 1100/454 1107/430 1108/429
f 1101/453 1109/431 1102/455
f 1101/453 1108/429 1109/431
f 1103/456 1109/431 1110/432
f 1103/456 1102/455 1109/431
f 1103/456 1111/431 1104/455
f 1103/456 1110/432 1111/431
f 1099/453 1111/431 1106/429
f 1099/453 1104/455 1111/431
f 1113/435 1116/433 1112/433
f 1113/435 1117/435 1116/433
f 1112/433 1119/434 1115/434
f 1112/433 1116/433 1119/434
f 1114/436 1117/435 1113/435
f 1114/436 1118/436 1117/435
f 1115/434 1118/436 1114/436
f 1115/434 1119/434 1118/436
f 1124/437 1121/438 1120/437
f 1124/437 1125/438 1121/438
f 1127/439 1120/437 1123/439
f 1127/439 1124/437 1120/437
f 1125/438 1122/440 1121/438
f 1125/438 1126/440 1122/440
f 1122/440 1127/439 1123/439
f 1122/440 1126/440 1127/439
f 1129/443 1132/441 1128/441
f 1129/443 1133/443 1132/441
f 1128/441 1135/442 1131/442
f 1128/441 1132/441 1135/442
f 1130/444 1133/443 1129/443
f 1130/444 1134/444 1133/443
f 1130/444 1135/442 1134/444
f 1130/444 1131/442 1135/442
f 1136/445 1141/446 1137/446
f 1136/445 1140/445 1141/446
f 1143/447 1136/445 1139/447
f 1143/447 1140/445 1136/445
f 1141/446 1138/448 1137/446
f 1141/446 1142/448 1138/448
f 1142/448 1139/447 1138/448
f 1142/448 1143/447 1139/447
f 1146/457 1145/458 1144/458
f 1146/457 1147/457 1145/458
f 1151/459 1148/460 1149/460
f 1151/459 1150/459 1148/460
f 1151/459 1145/458 1150/459
f 1151/459 1144/458 1145/458
f 1155/461 1153/462 1152/462
f 1155/461 1154/461 1153/462
f 1149/460 1154/461 1155/461
f 1149/460 1148/460 1154/461
f 1159/463 1157/464 1156/464
f 1159/463 1158/463 1157/464
f 1147/457 1156/464 1157/464
f 1147/457 1146/457 1156/464
f 1153/462 1159/463 1152/462
f 1153/462 1158/463 1159/463
f 1148/460 1150/459 1154/461
f 1154/461 1150/459 1153/462
f 1153/462 1150/459 1158/463
f 1150/459 1145/458 1158/463
f 1158/463 1145/458 1157/464
f 1157/464 1145/458 1147/457
f 1155/461 1152/462 1149/460
f 1149/460 1152/462 1151/459
f 1151/459 1152/462 1144/458
f 1152/462 1159/463 1144/458
f 1144/458 1159/463 1146/457
f 1146/457 1159/463 1156/464
f 1162/457 1161/458 1160/458
f 1162/457 1163/457 1161/458
f 1167/459 1164/460 1165/460
f 1167/459 1166/459 1164/460
f 1167/459 1161/458 1166/459
f 1167/459 1160/458 1161/458
f 1171/461 1169/462 1168/462
f 1171/461 1170/461 1169/462
f 1165/460 1170/461 1171/461
f 1165/460 1164/460 1170/461
f 1175/463 1173/464 1172/464
f 1175/463 1174/463 1173/464
f 1163/457 1172/464 1173/464
f 1163/457 1162/457 1172/464
f 1169/462 1175/463 1168/462
f 1169/462 1174/463 1175/463
f 1164/460 1166/459 1170/461
f 1170/461 1166/459 1169/462
f 1169/462 1166/459 1174/463
f 1166/459 1161/458 1174/463
f 1174/463 1161/458 1173/464
f 1173/464 1161/458 1163/457
f 1171/461 1168/462 1165/460
f 1165/460 1168/462 1167/459
f 1167/459 1168/462 1160/458
f 1168/462 1175/463 1160/458
f 1160/458 1175/463 1162/457
f 1162/457 1175/463 1172/464
f 1177/468 1178/467 1179/466
f 1177/468 1176/465 1178/467
f 1181/466 1182/465 1183/468
f 1181/466 1180/467 1182/465
f 1176/465 1180/467 1178/467
f 1176/465 1182/465 1180/467
f 1183/468 1179/466 1181/466
f 1183/468 1177/468 1179/466
f 1181/466 1186/470 1180/467
f 1181/466 1187/469 1186/470
f 1178/467 1185/469 1179/466
f 1178/467 1184/470 1185/469
f 1184/470 1191/471 1186/470
f 1184/470 1190/471 1191/471
f 1178/467 1190/471 1184/470
f 1178/467 1188/472 1190/471
f 1180/467 1188/472 1178/467
f 1180/467 1189/472 1188/472
f 1186/470 1189/472 1180/467
f 1186/470 1191/471 1189/472
f 1187/469 1194/473 1185/469
f 1187/469 1195/473 1194/473
f 1181/466 1195/473 1187/469
f 1181/466 1193/474 1195/473
f 1179/466 1193/474 1181/466
f 1179/466 1192/474 1193/474
f 1185/469 1192/474 1179/466
f 1185/469 1194/473 1192/474
f 1186/470 1196/475 1184/470
f 1186/470 1198/475 1196/475
f 1187/469 1198/475 1186/470
f 1187/469 1199/476 1198/475
f 1185/469 1199/476 1187/469
f 1185/469 1197/476 1199/476
f 1184/470 1197/476 1185/469
f 1184/470 1196/475 1197/476
f 1199/476 1202/478 1198/475
f 1199/476 1203/477 1202/478
f 1196/475 1201/477 1197/476
f 1196/475 1200/478 1201/477
f 1201/477 1202/478 1203/477
f 1201/477 1200/478 1202/478
f 1203/477 1206/479 1201/477
f 1203/477 1207/479 1206/479
f 1199/476 1207/479 1203/477
f 1199/476 1205/480 1207/479
f 1197/476 1205/480 1199/476
f 1197/476 1204/480 1205/480
f 1201/477 1204/480 1197/476
f 1201/477 1206/479 1204/480
f 1200/478 1211/481 1202/478
f 1200/478 1210/481 1211/481
f 1196/475 1210/481 1200/478
f 1196/475 1208/482 1210/481
f 1198/475 1208/482 1196/475
f 1198/475 1209/482 1208/482
f 1202/478 1209/482 1198/475
f 1202/478 1211/481 1209/482
f 1213/486 1214/485 1215/484
f 1213/486 1212/483 1214/485
f 1215/484 1216/485 1217/484
f 1215/484 1214/485 1216/485
f 1217/484 1218/483 1219/486
f 1217/484 1216/485 1218/483
f 1219/486 1212/483 1213/486
f 1219/486 1218/483 1212/483
f 1219/486 1215/484 1217/484
f 1219/486 1213/486 1215/484
f 1223/457 1220/458 1221/458
f 1223/457 1222/457 1220/458
f 1226/459 1225/460 1224/460
f 1226/459 1227/459 1225/460
f 1220/458 1226/459 1221/458
f 1220/458 1227/459 1226/459
f 1230/461 1228/462 1229/462
f 1230/461 1231/461 1228/462
f 1224/460 1231/461 1230/461
f 1224/460 1225/460 1231/461
f 1234/463 1232/464 1233/464
f 1234/463 1235/463 1232/464
f 1222/457 1233/464 1232/464
f 1222/457 1223/457 1233/464
f 1234/463 1228/462 1235/463
f 1234/463 1229/462 1228/462
f 1230/461 1229/462 1224/460
f 1224/460 1229/462 1226/459
f 1226/459 1229/462 1221/458
f 1229/462 1234/463 1221/458
f 1221/458 1234/463 1223/457
f 1223/457 1234/463 1233/464
f 1225/460 1227/459 1231/461
f 1231/461 1227/459 1228/462
f 1228/462 1227/459 1235/463
f 1227/459 1220/458 1235/463
f 1235/463 1220/458 1232/464
f 1232/464 1220/458 1222/457
f 1239/457 1236/458 1237/458
f 1239/457 1238/457 1236/458
f 1242/459 1241/460 1240/460
f 1242/459 1243/459 1241/460
f 1236/458 1242/459 1237/458
f 1236/458 1243/459 1242/459
f 1246/461 1244/462 1245/462
f 1246/461 1247/461 1244/462
f 1240/460 1247/461 1246/461
f 1240/460 1241/460 1247/461
f 1250/463 1248/464 1249/464
f 1250/463 1251/463 1248/464
f 1238/457 1249/464 1248/464
f 1238/457 1239/457 1249/464
f 1250/463 1244/462 1251/463
f 1250/463 1245/462 1244/462
f 1246/461 1245/462 1240/460
f 1240/460 1245/462 1242/459
f 1242/459 1245/462 1237/458
f 1245/462 1250/463 1237/458
f 1237/458 1250/463 1239/457
f 1239/457 1250/463 1249/464
f 1241/460 1243/459 1247/461
f 1247/461 1243/459 1244/462
f 1244/462 1243/459 1251/463
f 1243/459 1236/458 1251/463
f 1251/463 1236/458 1248/464
f 1248/464 1236/458 1238/457
f 1252/465 1255/466 1254/467
f 1252/465 1253/468 1255/466
f 1256/467 1259/468 1258/465
f 1256/467 1257/466 1259/468
f 1258/465 1254/467 1256/467
f 1258/465 1252/465 1254/467
f 1253/468 1257/466 1255/466
f 1253/468 1259/468 1257/466
f 1263/469 1256/467 1262/470
f 1263/469 1257/466 1256/467
f 1260/470 1255/466 1261/469
f 1260/470 1254/467 1255/466
f 1266/471 1262/470 1267/471
f 1266/471 1260/470 1262/470
f 1264/472 1260/470 1266/471
f 1264/472 1254/467 1260/470
f 1265/472 1254/467 1264/472
f 1265/472 1256/467 1254/467
f 1267/471 1256/467 1265/472
f 1267/471 1262/470 1256/467
f 1271/473 1261/469 1270/473
f 1271/473 1263/469 1261/469
f 1269/474 1263/469 1271/473
f 1269/474 1257/466 1263/469
f 1268/474 1257/466 1269/474
f 1268/474 1255/466 1257/466
f 1270/473 1255/466 1268/474
f 1270/473 1261/469 1255/466
f 1274/475 1260/470 1272/475
f 1274/475 1262/470 1260/470
f 1275/476 1262/470 1274/475
f 1275/476 1263/469 1262/470
f 1273/476 1263/469 1275/476
f 1273/476 1261/469 1263/469
f 1272/475 1261/469 1273/476
f 1272/475 1260/470 1261/469
f 1279/477 1274/475 1278/478
f 1279/477 1275/476 1274/475
f 1276/478 1273/476 1277/477
f 1276/478 1272/475 1273/476
f 1276/478 1279/477 1278/478
f 1276/478 1277/477 1279/477
f 1283/479 1277/477 1282/479
f 1283/479 1279/477 1277/477
f 1281/480 1279/477 1283/479
f 1281/480 1275/476 1279/477
f 1280/480 1275/476 1281/480
f 1280/480 1273/476 1275/476
f 1282/479 1273/476 1280/480
f 1282/479 1277/477 1273/476
f 1286/481 1278/478 1287/481
f 1286/481 1276/478 1278/478
f 1284/482 1276/478 1286/481
f 1284/482 1272/475 1276/478
f 1285/482 1272/475 1284/482
f 1285/482 1274/475 1272/475
f 1287/481 1274/475 1285/482
f 1287/481 1278/478 1274/475
f 1288/483 1291/484 1290/485
f 1288/483 1289/486 1291/484
f 1290/485 1293/484 1292/485
f 1290/485 1291/484 1293/484
f 1292/485 1295/486 1294/483
f 1292/485 1293/484 1295/486
f 1294/483 1289/486 1288/483
f 1294/483 1295/486 1289/486
f 1289/486 1293/484 1291/484
f 1289/486 1295/486 1293/484
f 1297/435 1300/433 1296/433
f 1297/435 1301/435 1300/433
f 1296/433 1303/434 1299/434
f 1296/433 1300/433 1303/434
f 1298/436 1301/435 1297/435
f 1298/436 1302/436 1301/435
f 1298/436 1303/434 1302/436
f 1298/436 1299/434 1303/434
f 1304/437 1309/438 1305/438
f 1304/437 1308/437 1309/438
f 1311/439 1304/437 1307/439
f 1311/439 1308/437 1304/437
f 1309/438 1306/440 1305/438
f 1309/438 1310/440 1306/440
f 1306/440 1311/439 1307/439
f 1306/440 1310/440 1311/439
f 1312/441 1317/443 1316/441
f 1312/441 1313/443 1317/443
f 1312/441 1319/442 1315/442
f 1312/441 1316/441 1319/442
f 1314/444 1317/443 1313/443
f 1314/444 1318/444 1317/443
f 1315/442 1318/444 1314/444
f 1315/442 1319/442 1318/444
f 1324/445 1321/446 1320/445
f 1324/445 1325/446 1321/446
f 1327/447 1320/445 1323/447
f 1327/447 1324/445 1320/445
f 1325/446 1322/448 1321/446
f 1325/446 1326/448 1322/448
f 1326/448 1323/447 1322/448
f 1326/448 1327/447 1323/447
f 1334/425 1329/450 1335/424
f 1334/425 1328/449 1329/450
f 1335/424 1330/449 1336/425
f 1335/424 1329/450 1330/449
f 1336/425 1331/451 1337/426
f 1336/425 1330/449 1331/451
f 1337/426 1332/452 1338/427
f 1337/426 1331/451 1332/452
f 1338/427 1333/451 1339/426
f 1338/427 1332/452 1333/451
f 1339/426 1328/449 1334/425
f 1339/426 1333/451 1328/449
f 1329/450 1341/453 1342/454
f 1329/450 1328/449 1341/453
f 1329/450 1343/453 1330/449
f 1329/450 1342/454 1343/453
f 1330/449 1344/455 1331/451
f 1330/449 1343/453 1344/455
f 1331/451 1345/456 1332/452
f 1331/451 1344/455 1345/456
f 1333/451 1345/456 1346/455
f 1333/451 1332/452 1345/456
f 1328/449 1346/455 1341/453
f 1328/449 1333/451 1346/455
f 1342/454 1348/429 1349/430
f 1342/454 1341/453 1348/429
f 1342/454 1350/429 1343/453
f 1342/454 1349/430 1350/429
f 1343/453 1351/431 1344/455
f 1343/453 1350/429 1351/431
f 1345/456 1351/431 1352/432
f 1345/456 1344/455 1351/431
f 1345/456 1353/431 1346/455
f 1345/456 1352/432 1353/431
f 1341/453 1353/431 1348/429
f 1341/453 1346/455 1353/431
f 1355/435 1358/433 1354/433
f 1355/435 1359/435 1358/433
f 1354/433 1361/434 1357/434
f 1354/433 1358/433 1361/434
f 1356/436 1359/435 1355/435
f 1356/436 1360/436 1359/435
f 1357/434 1360/436 1356/436
f 1357/434 1361/434 1360/436
f 1366/437 1363/438 1362/437
f 1366/437 1367/438 1363/438
f 1369/439 1362/437 1365/439
f 1369/439 1366/437 1362/437
f 1367/438 1364/440 1363/438
f 1367/438 1368/440 1364/440
f 1364/440 1369/439 1365/439
f 1364/440 1368/440 1369/439
f 1371/443 1374/441 1370/441
f 1371/443 1375/443 1374/441
f 1370/441 1377/442 1373/442
f 1370/441 1374/441 1377/442
f 1372/444 1375/443 1371/443
f 1372/444 1376/444 1375/443
f 1372/444 1377/442 1376/444
f 1372/444 1373/442 1377/442
f 1378/445 1383/446 1379/446
f 1378/445 1382/445 1383/446
f 1385/447 1378/445 1381/447
f 1385/447 1382/445 1378/445
f 1383/446 1380/448 1379/446
f 1383/446 1384/448 1380/448
f 1384/448 1381/447 1380/448
f 1384/448 1385/447 1381/447
f 1387/435 1390/433 1386/433
f 1387/435 1391/435 1390/433
f 1386/433 1393/434 1389/434
f 1386/433 1390/433 1393/434
f 1388/436 1391/435 1387/435
f 1388/436 1392/436 1391/435
f 1388/436 1393/434 1392/436
f 1388/436 1389/434 1393/434
f 1394/437 1399/438 1395/438
f 1394/437 1398/437 1399/438
f 1401/439 1394/437 1397/439
f 1401/439 1398/437 1394/437
f 1399/438 1396/440 1395/438
f 1399/438 1400/440 1396/440
f 1396/440 1401/439 1397/439
f 1396/440 1400/440 1401/439
f 1402/441 1407/443 1406/441
f 1402/441 1403/443 1407/443
f 1402/441 1409/442 1405/442
f 1402/441 1406/441 1409/442
f 1404/444 1407/443 1403/443
f 1404/444 1408/444 1407/443
f 1405/442 1408/444 1404/444
f 1405/442 1409/442 1408/444
f 1414/445 1411/446 1410/445
f 1414/445 1415/446 1411/446
f 1417/447 1410/445 1413/447
f 1417/447 1414/445 1410/445
f 1415/446 1412/448 1411/446
f 1415/446 1416/448 1412/448
f 1416/448 1413/447 1412/448
f 1416/448 1417/447 1413/447
f 1424/425 1419/450 1425/424
f 1424/425 1418/449 1419/450
f 1425/424 1420/449 1426/425
f 1425/424 1419/450 1420/449
f 1426/425 1421/451 1427/426
f 1426/425 1420/449 1421/451
f 1427/426 1422/452 1428/427
f 1427/426 1421/451 1422/452
f 1428/427 1423/451 1429/426
f 1428/427 1422/452 1423/451
f 1429/426 1418/449 1424/425
f 1429/426 1423/451 1418/449
f 1419/450 1431/453 1432/454
f 1419/450 1418/449 1431/453
f 1419/450 1433/453 1420/449
f 1419/450 1432/454 1433/453
f 1420/449 1434/455 1421/451
f 1420/449 1433/453 1434/455
f 1421/451 1435/456 1422/452
f 1421/451 1434/455 1435/456
f 1423/451 1435/456 1436/455
f 1423/451 1422/452 1435/456
f 1418/449 1436/455 1431/453
f 1418/449 1423/451 1436/455
f 1432/454 1438/429 1439/430
f 1432/454 1431/453 1438/429
f 1432/454 1440/429 1433/453
f 1432/454 1439/430 1440/429
f 1433/453 1441/431 1434/455
f 1433/453 1440/429 1441/431
f 1435/456 1441/431 1442/432
f 1435/456 1434/455 1441/431
f 1435/456 1443/431 1436/455
f 1435/456 1442/432 1443/431
f 1431/453 1443/431 1438/429
f 1431/453 1436/455 1443/431
f 1445/435 1448/433 1444/433
f 1445/435 1449/435 1448/433
f 1444/433 1451/434 1447/434
f 1444/433 1448/433 1451/434
f 1446/436 1449/435 1445/435
f 1446/436 1450/436 1449/435
f 1446/436 1451/434 1450/436
f 1446/436 1447/434 1451/434
f 1456/437 1453/438 1452/437
f 1456/437 1457/438 1453/438
f 1459/439 1452/437 1455/439
f 1459/439 1456/437 1452/437
f 1457/438 1454/440 1453/438
f 1457/438 1458/440 1454/440
f 1454/440 1459/439 1455/439
f 1454/440 1458/440 1459/439
f 1461/443 1464/441 1460/441
f 1461/443 1465/443 1464/441
f 1460/441 1467/442 1463/442
f 1460/441 1464/441 1467/442
f 1462/444 1465/443 1461/443
f 1462/444 1466/444 1465/443
f 1462/444 1467/442 1466/444
f 1462/444 1463/442 1467/442
f 1472/445 1469/446 1468/445
f 1472/445 1473/446 1469/446
f 1475/447 1468/445 1471/447
f 1475/447 1472/445 1468/445
f 1473/446 1470/448 1469/446
f 1473/446 1474/448 1470/448
f 1474/448 1471/447 1470/448
f 1474/448 1475/447 1471/447
f 1476/433 1481/435 1480/433
f 1476/433 1477/435 1481/435
f 1476/433 1483/434 1479/434
f 1476/433 1480/433 1483/434
f 1478/436 1481/435 1477/435
f 1478/436 1482/436 1481/435
f 1478/436 1483/434 1482/436
f 1478/436 1479/434 1483/434
f 1484/437 1489/438 1485/438
f 1484/437 1488/437 1489/438
f 1491/439 1484/437 1487/439
f 1491/439 1488/437 1484/437
f 1489/438 1486/440 1485/438
f 1489/438 1490/440 1486/440
f 1486/440 1491/439 1487/439
f 1486/440 1490/440 1491/439
f 1492/441 1497/443 1496/441
f 1492/441 1493/443 1497/443
f 1492/441 1499/442 1495/442
f 1492/441 1496/441 1499/442
f 1494/444 1497/443 1493/443
f 1494/444 1498/444 1497/443
f 1494/444 1499/442 1498/444
f 1494/444 1495/442 1499/442
f 1500/445 1505/446 1501/446
f 1500/445 1504/445 1505/446
f 1507/447 1500/445 1503/447
f 1507/447 1504/445 1500/445
f 1505/446 1502/448 1501/446
f 1505/446 1506/448 1502/448
f 1506/448 1503/447 1502/448
f 1506/448 1507/447 1503/447
f 1514/425 1509/450 1515/424
f 1514/425 1508/449 1509/450
f 1515/424 1510/449 1516/425
f 1515/424 1509/450 1510/449
f 1516/425 1511/451 1517/426
f 1516/425 1510/449 1511/451
f 1517/426 1512/452 1518/427
f 1517/426 1511/451 1512/452
f 1518/427 1513/451 1519/426
f 1518/427 1512/452 1513/451
f 1519/426 1508/449 1514/425
f 1519/426 1513/451 1508/449
f 1509/450 1521/453 1522/454
f 1509/450 1508/449 1521/453
f 1509/450 1523/453 1510/449
f 1509/450 1522/454 1523/453
f 1510/449 1524/455 1511/451
f 1510/449 1523/453 1524/455
f 1511/451 1525/456 1512/452
f 1511/451 1524/455 1525/456
f 1513/451 1525/456 1526/455
f 1513/451 1512/452 1525/456
f 1508/449 1526/455 1521/453
f 1508/449 1513/451 1526/455
f 1522/454 1528/429 1529/430
f 1522/454 1521/453 1528/429
f 1522/454 1530/429 1523/453
f 1522/454 1529/430 1530/429
f 1523/453 1531/431 1524/455
f 1523/453 1530/429 1531/431
f 1525/456 1531/431 1532/432
f 1525/456 1524/455 1531/431
f 1525/456 1533/431 1526/455
f 1525/456 1532/432 1533/431
f 1521/453 1533/431 1528/429
f 1521/453 1526/455 1533/431
f 1535/435 1538/433 1534/433
f 1535/435 1539/435 1538/433
f 1534/433 1541/434 1537/434
f 1534/433 1538/433 1541/434
f 1536/436 1539/435 1535/435
f 1536/436 1540/436 1539/435
f 1536/436 1541/434 1540/436
f 1536/436 1537/434 1541/434
f 1546/437 1543/438 1542/437
f 1546/437 1547/438 1543/438
f 1549/439 1542/437 1545/439
f 1549/439 1546/437 1542/437
f 1547/438 1544/440 1543/438
f 1547/438 1548/440 1544/440
f 1544/440 1549/439 1545/439
f 1544/440 1548/440 1549/439
f 1551/443 1554/441 1550/441
f 1551/443 1555/443 1554/441
f 1550/441 1557/442 1553/442
f 1550/441 1554/441 1557/442
f 1552/444 1555/443 1551/443
f 1552/444 1556/444 1555/443
f 1552/444 1557/442 1556/444
f 1552/444 1553/442 1557/442
f 1562/445 1559/446 1558/445
f 1562/445 1563/446 1559/446
f 1565/447 1558/445 1561/447
f 1565/447 1562/445 1558/445
f 1563/446 1560/448 1559/446
f 1563/446 1564/448 1560/448
f 1564/448 1561/447 1560/448
f 1564/448 1565/447 1561/447
f 1566/433 1571/435 1570/433
f 1566/433 1567/435 1571/435
f 1566/433 1573/434 1569/434
f 1566/433 1570/433 1573/434
f 1568/436 1571/435 1567/435
f 1568/436 1572/436 1571/435
f 1568/436 1573/434 1572/436
f 1568/436 1569/434 1573/434
f 1574/437 1579/438 1575/438
f 1574/437 1578/437 1579/438
f 1581/439 1574/437 1577/439
f 1581/439 1578/437 1574/437
f 1579/438 1576/440 1575/438
f 1579/438 1580/440 1576/440
f 1576/440 1581/439 1577/439
f 1576/440 1580/440 1581/439
f 1582/441 1587/443 1586/441
f 1582/441 1583/443 1587/443
f 1582/441 1589/442 1585/442
f 1582/441 1586/441 1589/442
f 1584/444 1587/443 1583/443
f 1584/444 1588/444 1587/443
f 1584/444 1589/442 1588/444
f 1584/444 1585/442 1589/442
f 1590/445 1595/446 1591/446
f 1590/445 1594/445 1595/446
f 1597/447 1590/445 1593/447
f 1597/447 1594/445 1590/445
f 1595/446 1592/448 1591/446
f 1595/446 1596/448 1592/448
f 1596/448 1593/447 1592/448
f 1596/448 1597/447 1593/447
