# Blender v2.72 (sub 0) OBJ File: ''
# www.blender.org
mtllib TM45A.mtl
o blade
v 0.209373 3.008876 -0.416385
v -0.136338 3.008877 -0.411175
v 0.106731 3.028220 -0.414446
v 0.084039 3.007911 -0.038816
v -0.042822 3.007911 -0.036906
v 0.053250 3.022561 -0.037094
v -0.118965 3.008877 -6.222207
v -0.370862 3.008882 -6.022421
v -0.127649 3.008875 -5.605493
v 0.202422 3.008877 -5.779216
v 0.103189 3.028902 -5.692354
v -0.255912 3.008876 -0.389517
v -0.424255 3.008877 -0.087517
v -0.305554 3.028220 -0.299657
v 0.008405 3.007911 -0.092189
v -0.053371 3.007911 0.018631
v -0.005498 3.022561 -0.064664
v -5.448070 3.008877 -3.008079
v -5.401000 3.008882 -2.690038
v -4.918322 3.008876 -2.692203
v -4.903734 3.008877 -3.064914
v -4.878130 3.028902 -2.935543
v -0.465286 3.008876 0.026866
v -0.287918 3.008877 0.323655
v -0.412286 3.028220 0.114788
v -0.075635 3.007911 -0.053375
v -0.010549 3.007911 0.055534
v -0.058749 3.022561 -0.027573
v -5.329106 3.008877 3.214126
v -5.030140 3.008882 3.332384
v -4.790674 3.008876 2.913288
v -5.106156 3.008877 2.714302
v -4.981314 3.028902 2.756808
v -0.209375 3.008876 0.416381
v 0.136336 3.008877 0.411170
v -0.106733 3.028220 0.414442
v -0.084040 3.007911 0.038812
v 0.042821 3.007911 0.036901
v -0.053252 3.022561 0.037090
v 0.118965 3.008878 6.222205
v 0.370861 3.008883 6.022425
v 0.127648 3.008876 5.605493
v -0.202422 3.008878 5.779216
v -0.103189 3.028903 5.692351
v 0.255911 3.008876 0.389513
v 0.424254 3.008877 0.087513
v 0.305552 3.028220 0.299652
v -0.008406 3.007911 0.092185
v 0.053370 3.007911 -0.018635
v 0.005496 3.022561 0.064660
v 5.448069 3.008877 3.008071
v 5.401002 3.008882 2.690033
v 4.918323 3.008876 2.692194
v 4.903733 3.008877 3.064905
v 4.878130 3.028902 2.935539
v 0.465285 3.008876 -0.026871
v 0.287917 3.008877 -0.323660
v 0.412284 3.028220 -0.114792
v 0.075633 3.007911 0.053371
v 0.010548 3.007911 -0.055539
v 0.058747 3.022561 0.027568
v 5.329104 3.008877 -3.214131
v 5.030141 3.008882 -3.332393
v 4.790673 3.008876 -2.913298
v 5.106154 3.008877 -2.714309
v 4.981312 3.028902 -2.756816
vt 0.809055 0.768292
vt 0.815944 0.774322
vt 0.793634 0.805073
vt 0.793031 0.762263
vt 0.808995 0.401869
vt 0.809045 0.704610
vt 0.792428 0.401688
vt 0.816426 0.402050
vt 0.816041 0.699462
vt 0.798920 0.375708
vt 0.805589 0.375721
vt 0.807726 0.375840
vt 0.776148 0.791205
usemtl mat1
s 1
f 11/1 10/2 7/3
f 22/1 21/2 18/3
f 33/1 32/2 29/3
f 44/1 43/2 40/3
f 55/1 54/2 51/3
f 66/1 65/2 62/3
f 9/4 3/5 11/6
f 9/4 2/7 3/5
f 11/6 1/8 10/9
f 3/5 1/8 11/6
f 9/4 1/8 2/7
f 10/9 1/8 9/4
f 3/5 5/10 6/11
f 3/5 2/7 5/10
f 2/7 4/12 5/10
f 2/7 1/8 4/12
f 4/12 3/5 6/11
f 4/12 1/8 3/5
f 9/4 7/3 10/2
f 9/4 8/13 7/3
f 11/1 8/13 9/4
f 11/1 7/3 8/13
f 20/4 14/5 22/6
f 20/4 13/7 14/5
f 22/6 12/8 21/9
f 22/6 14/5 12/8
f 20/4 12/8 13/7
f 20/4 21/9 12/8
f 14/5 16/10 17/11
f 14/5 13/7 16/10
f 13/7 15/12 16/10
f 13/7 12/8 15/12
f 15/12 14/5 17/11
f 15/12 12/8 14/5
f 20/4 18/3 21/2
f 20/4 19/13 18/3
f 22/1 19/13 20/4
f 22/1 18/3 19/13
f 31/4 25/5 33/6
f 31/4 24/7 25/5
f 33/6 23/8 32/9
f 33/6 25/5 23/8
f 31/4 23/8 24/7
f 31/4 32/9 23/8
f 25/5 27/10 28/11
f 25/5 24/7 27/10
f 24/7 26/12 27/10
f 24/7 23/8 26/12
f 26/12 25/5 28/11
f 26/12 23/8 25/5
f 31/4 29/3 32/2
f 31/4 30/13 29/3
f 33/1 30/13 31/4
f 33/1 29/3 30/13
f 42/4 36/5 44/6
f 42/4 35/7 36/5
f 44/6 34/8 43/9
f 44/6 36/5 34/8
f 42/4 34/8 35/7
f 42/4 43/9 34/8
f 36/5 38/10 39/11
f 36/5 35/7 38/10
f 35/7 37/12 38/10
f 35/7 34/8 37/12
f 37/12 36/5 39/11
f 37/12 34/8 36/5
f 42/4 40/3 43/2
f 42/4 41/13 40/3
f 44/1 41/13 42/4
f 44/1 40/3 41/13
f 53/4 47/5 55/6
f 53/4 46/7 47/5
f 55/6 45/8 54/9
f 55/6 47/5 45/8
f 53/4 45/8 46/7
f 53/4 54/9 45/8
f 47/5 49/10 50/11
f 47/5 46/7 49/10
f 46/7 48/12 49/10
f 46/7 45/8 48/12
f 48/12 47/5 50/11
f 48/12 45/8 47/5
f 53/4 51/3 54/2
f 53/4 52/13 51/3
f 55/1 52/13 53/4
f 55/1 51/3 52/13
f 64/4 58/5 66/6
f 64/4 57/7 58/5
f 66/6 56/8 65/9
f 66/6 58/5 56/8
f 64/4 56/8 57/7
f 64/4 65/9 56/8
f 58/5 60/10 61/11
f 58/5 57/7 60/10
f 57/7 59/12 60/10
f 57/7 56/8 59/12
f 59/12 58/5 61/11
f 59/12 56/8 58/5
f 64/4 62/3 65/2
f 64/4 63/13 62/3
f 66/1 63/13 64/4
f 66/1 62/3 63/13
o body
v 0.359757 1.756190 1.039832
v 0.719514 1.756190 0.416714
v 0.359757 1.756190 -0.206403
v -0.359758 1.756190 -0.206403
v -0.719516 1.756190 0.416714
v -0.359758 1.756190 1.039832
v 0.359757 1.116420 1.039832
v 0.719514 1.116420 0.416714
v 0.359757 1.116420 -0.206403
v -0.359758 1.116420 -0.206403
v -0.719516 1.116420 0.416714
v -0.359758 1.116420 1.039832
v -0.000001 1.116420 0.416714
v 0.012682 2.088496 -7.853528
v 0.040052 0.410831 -8.093502
v 0.122487 0.410831 -7.351127
v 0.056630 0.410831 -7.238310
v 0.071638 2.088496 -6.711498
v -0.013518 0.410831 -7.351127
v 0.009260 2.088496 -6.564191
v -0.060797 2.088496 -6.711498
v 0.280816 1.066180 5.162684
v 0.762994 1.260421 4.409434
v 0.994264 1.450551 3.403644
v -0.280818 1.066180 5.162684
v 0.791033 1.390398 3.396974
v -0.327232 1.110574 4.684871
v 0.327230 1.110574 4.684871
v 0.280813 1.341412 5.204402
v 0.762989 1.535653 4.451138
v 0.994259 1.725781 3.445359
v -0.280815 1.341412 5.204402
v 0.441463 1.573923 4.469108
v -0.135514 2.663330 -1.950130
v 0.284543 2.397321 -1.950130
v 0.284543 1.783224 -1.950130
v 0.135507 2.663330 -1.950130
v 0.158165 1.671569 -1.950130
v 0.220486 2.539083 -1.950130
v -0.067690 2.475617 -2.351949
v 0.067683 2.475617 -2.351949
v -0.117123 1.699363 -2.356145
v 0.117116 1.699363 -2.356145
v 0.210757 2.400445 -2.352358
v 0.210704 1.809375 -2.355552
v -0.210711 1.809375 -2.355552
v -0.210764 2.400445 -2.352358
v -0.000003 2.547304 -2.351562
v -0.000003 1.662598 -2.356343
v 0.110130 2.467105 -2.351995
v -0.110136 2.467105 -2.351995
v -0.791035 1.390398 3.396974
v -0.447986 0.900280 3.322688
v 0.447985 0.900280 3.322688
v -0.000003 1.606087 -2.018255
v -0.762996 1.260421 4.409434
v -0.994266 1.450551 3.403644
v -0.762992 1.535653 4.451138
v -0.994261 1.725781 3.445359
v 0.994268 1.596054 2.572958
v 0.791036 1.535900 2.566294
v 0.994262 1.871285 2.614681
v 0.718770 1.971490 2.204777
v -0.791032 1.535900 2.566294
v -0.447983 1.045784 2.492005
v 0.447987 1.045784 2.492005
v -0.994263 1.596054 2.572958
v -0.994259 1.871285 2.614681
v -0.718765 1.971490 2.204777
v 0.882101 1.659205 2.156321
v 0.712377 1.599053 2.149654
v 0.882096 1.934434 2.198039
v -0.712370 1.599053 2.149654
v -0.436949 1.307829 2.105515
v 0.436955 1.307829 2.105515
v -0.882094 1.659205 2.156321
v -0.882091 1.934434 2.198039
v 0.882100 1.746297 1.581744
v 0.712376 1.686144 1.575076
v 0.729606 2.058584 1.630201
v -0.712371 1.686144 1.575076
v -0.436949 1.394922 1.530935
v 0.436955 1.394922 1.530935
v -0.882095 1.746297 1.581744
v -0.729600 2.058584 1.630201
v 0.487123 2.440704 2.062348
v -0.487117 2.440704 2.062348
v 0.494466 2.527794 1.487767
v -0.494461 2.527794 1.487767
v 0.712379 1.697227 -0.566767
v -0.712368 1.697227 -0.566767
v -0.436946 1.406004 -0.566767
v 0.436958 1.406004 -0.566767
v 0.362948 2.538877 -0.566767
v -0.362937 2.538877 -0.566767
v 0.882096 2.021528 1.623460
v 0.713136 2.500276 1.489150
v -0.882091 2.021528 1.623460
v -0.713138 2.492353 1.489150
v -0.882093 1.757380 -0.566767
v -0.713138 2.492353 -0.566767
v 0.719710 2.152383 1.404217
v -0.712888 2.147834 1.406476
v 0.544840 2.467219 1.308644
v -0.538018 2.462668 1.310904
v 0.793188 2.127517 1.399693
v 0.678998 2.443298 1.309571
v -0.788180 2.122967 1.401955
v -0.674427 2.433436 1.311829
v -0.349416 2.533335 0.778763
v 0.349424 2.533335 0.778763
v 0.285677 2.893841 -0.564853
v -0.285666 2.893841 -0.564853
v -0.275024 2.888301 0.462414
v 0.275033 2.888301 0.462414
v 0.628318 1.775390 3.461649
v -0.628320 1.775389 3.461649
v 0.616167 1.984045 2.216823
v -0.616158 1.984042 2.216823
v 0.413103 2.383929 2.092878
v -0.413094 2.383928 2.092878
v 0.413103 2.200841 3.525828
v -0.413094 2.200841 3.525828
v -0.441465 1.573922 4.469108
v 0.543831 1.787423 3.476168
v -0.543834 1.787423 3.476168
v 0.328616 2.163879 3.538029
v -0.328607 2.163879 3.538029
v 0.299339 1.845367 4.458964
v -0.299341 1.845367 4.458964
v 0.000006 1.406004 -0.689458
v -0.174706 2.533335 1.181734
v 0.174714 2.533335 1.181734
v 0.192219 1.453082 5.243531
v -0.192221 1.453082 5.243531
v -0.319345 1.508124 4.728590
v 0.319343 1.508124 4.728590
v 0.200044 1.271881 5.454309
v -0.200045 1.271881 5.454309
v 0.160627 1.351431 5.482186
v -0.160629 1.351431 5.482186
v 0.346498 2.412920 -1.740553
v 0.397629 1.778212 -1.681790
v 0.882103 1.757380 -0.566767
v 0.713136 2.500276 -0.566767
v 0.689923 2.399379 -1.523644
v 0.700917 1.891114 -1.522143
v -0.284550 2.397321 -1.950130
v -0.284550 1.783224 -1.950130
v -0.158172 1.671569 -1.950130
v -0.220492 2.539083 -1.950130
v -0.712381 1.697227 -0.566767
v -0.436959 1.406004 -0.566767
v -0.362950 2.538877 -0.566767
v -0.346500 2.412920 -1.740553
v -0.397631 1.778212 -1.681790
v -0.882105 1.757380 -0.566767
v -0.713138 2.500276 -0.566767
v -0.689924 2.399379 -1.523644
v -0.700918 1.891114 -1.522143
v -0.441465 1.573923 4.469108
v -0.994264 1.871285 2.614681
v -0.718772 1.971490 2.204777
v -0.882099 1.934434 2.198039
v -0.729608 2.058584 1.630201
v -0.882098 2.021528 1.623460
v -0.628320 1.775390 3.461649
v -0.616169 1.984045 2.216823
v -0.543833 1.787423 3.476168
v 0.114335 2.422502 -7.846879
v 1.566019 2.761348 -7.792799
v 1.561076 2.810868 -7.300666
v 1.559839 2.761346 -7.143814
v 0.046682 2.472022 -6.986978
v 1.561076 2.711831 -7.300666
v 0.125967 2.422507 -6.765244
v 0.046682 2.372982 -6.986978
v 1.551726 2.838596 -7.044809
v 1.626926 2.838596 -7.044809
v 1.551726 2.693488 -7.044809
v 1.626926 2.693488 -7.044809
v 1.666457 2.808168 -7.067272
v 1.666457 2.723914 -7.067272
v 1.666457 2.808168 -7.765496
v 1.626926 2.838596 -7.813144
v 1.666457 2.723914 -7.765496
v 1.626926 2.693488 -7.813144
v 1.626926 2.786592 -7.888733
v 1.551726 2.786592 -7.888733
v 1.551726 2.838596 -7.813144
v 1.551726 2.693488 -7.813144
v 1.551726 2.745488 -7.888733
v 1.626926 2.745488 -7.888733
v 1.605157 2.800011 -7.783313
v 2.221406 3.867216 -8.029039
v 2.185705 3.851110 -7.770415
v 2.223827 3.861593 -7.687998
v 1.563658 2.797399 -7.255877
v 2.260970 3.874326 -7.770415
v 1.605156 2.800011 -7.119866
v 1.638923 2.820613 -7.255877
v 1.605157 2.726897 -7.783313
v 2.221406 1.141512 -8.029039
v 2.185705 1.157619 -7.770415
v 2.223827 1.147136 -7.687998
v 1.563658 2.729506 -7.255877
v 2.260970 1.134403 -7.770415
v 1.605156 2.726897 -7.119866
v 1.638923 2.706293 -7.255877
v 3.335256 1.499958 -0.840180
v 3.523860 -0.575250 -0.990361
v 3.591534 -0.575250 -0.616858
v 3.525677 -0.575250 -0.504046
v 3.394213 1.499958 0.301845
v 3.455529 -0.575250 -0.616858
v 3.331833 1.499958 0.449157
v 3.261778 1.499958 0.301845
v 0.799367 1.878788 -0.602288
v 3.254755 1.532839 -0.964135
v 3.250902 1.618552 0.142990
v 3.249936 1.532833 0.366469
v 0.807072 1.964504 0.923148
v 3.250902 1.447126 0.142990
v 0.799367 1.878793 1.239101
v 0.807072 1.793072 0.923148
v 3.241509 1.720145 0.560617
v 3.395726 1.720145 0.560617
v 3.241509 1.422572 0.560617
v 3.395726 1.422572 0.560617
v 3.476799 1.657749 0.514548
v 3.476799 1.484970 0.514548
v 3.476799 1.657749 -0.917323
v 3.395726 1.720145 -1.015033
v 3.476799 1.484970 -0.917323
v 3.395726 1.422572 -1.015033
v 3.395726 1.613502 -1.170053
v 3.241509 1.613502 -1.170053
v 3.241509 1.720145 -1.015033
v 3.241509 1.422572 -1.015033
v 3.241509 1.529217 -1.170053
v 3.395726 1.529217 -1.170053
v 3.335255 1.622610 -0.840181
v 3.523860 2.365024 -0.990362
v 3.591534 2.365024 -0.616859
v 3.525677 2.365024 -0.504046
v 3.394213 1.622611 0.301844
v 3.455529 2.365024 -0.616859
v 3.331833 1.622611 0.449157
v 3.261778 1.622611 0.301844
v -0.114337 2.422502 -7.846879
v -1.566021 2.761348 -7.792799
v -1.561077 2.810868 -7.300666
v -1.559841 2.761346 -7.143814
v -0.046684 2.472022 -6.986978
v -1.561077 2.711831 -7.300666
v -0.125968 2.422507 -6.765244
v -0.046684 2.372982 -6.986978
v -1.551728 2.838596 -7.044809
v -1.626928 2.838596 -7.044809
v -1.551728 2.693488 -7.044809
v -1.626928 2.693488 -7.044809
v -1.666459 2.808168 -7.067272
v -1.666459 2.723914 -7.067272
v -1.666459 2.808168 -7.765496
v -1.626928 2.838596 -7.813144
v -1.666459 2.723914 -7.765496
v -1.626928 2.693488 -7.813144
v -1.626928 2.786592 -7.888733
v -1.551728 2.786592 -7.888733
v -1.551728 2.838596 -7.813144
v -1.551728 2.693488 -7.813144
v -1.551728 2.745488 -7.888733
v -1.626928 2.745488 -7.888733
v -1.605159 2.800011 -7.783313
v -2.221407 3.867216 -8.029039
v -2.185707 3.851110 -7.770415
v -2.223829 3.861593 -7.687998
v -1.563660 2.797399 -7.255877
v -2.260971 3.874326 -7.770415
v -1.605157 2.800011 -7.119866
v -1.638925 2.820613 -7.255877
v -1.605159 2.726897 -7.783313
v -2.221407 1.141512 -8.029039
v -2.185707 1.157619 -7.770415
v -2.223829 1.147136 -7.687998
v -1.563660 2.729506 -7.255877
v -2.260971 1.134403 -7.770415
v -1.605157 2.726897 -7.119866
v -1.638925 2.706293 -7.255877
v -3.335258 1.499958 -0.840180
v -3.523861 -0.575250 -0.990361
v -3.591534 -0.575250 -0.616858
v -3.525678 -0.575250 -0.504046
v -3.394215 1.499958 0.301845
v -3.455531 -0.575250 -0.616858
v -3.331835 1.499958 0.449157
v -3.261780 1.499958 0.301845
v -0.799368 1.878788 -0.602288
v -3.254757 1.532839 -0.964135
v -3.250904 1.618552 0.142990
v -3.249938 1.532833 0.366469
v -0.807074 1.964504 0.923148
v -3.250904 1.447126 0.142990
v -0.799368 1.878793 1.239101
v -0.807074 1.793072 0.923148
v -3.241511 1.720145 0.560617
v -3.395728 1.720145 0.560617
v -3.241511 1.422572 0.560617
v -3.395728 1.422572 0.560617
v -3.476800 1.657749 0.514548
v -3.476800 1.484970 0.514548
v -3.476800 1.657749 -0.917323
v -3.395728 1.720145 -1.015033
v -3.476800 1.484970 -0.917323
v -3.395728 1.422572 -1.015033
v -3.395728 1.613502 -1.170053
v -3.241511 1.613502 -1.170053
v -3.241511 1.720145 -1.015033
v -3.241511 1.422572 -1.015033
v -3.241511 1.529217 -1.170053
v -3.395728 1.529217 -1.170053
v -3.335258 1.622610 -0.840181
v -3.523861 2.365024 -0.990362
v -3.591533 2.365024 -0.616859
v -3.525678 2.365024 -0.504046
v -3.394215 1.622611 0.301844
v -3.455531 2.365024 -0.616859
v -3.331835 1.622611 0.449157
v -3.261780 1.622611 0.301844
v -0.000001 3.320163 -0.000002
v -0.000001 3.320163 0.340508
v 0.294890 3.320163 0.170253
v 0.294890 3.320163 -0.170257
v -0.000001 3.320163 -0.340513
v -0.294892 3.320163 -0.170257
v -0.294892 3.320163 0.170253
v -0.000001 3.123797 0.340508
v 0.294890 3.123797 0.170253
v 0.294890 3.123797 -0.170257
v -0.000001 3.123797 -0.340513
v -0.294892 3.123797 -0.170257
v -0.294892 3.123797 0.170253
v -0.000001 3.123797 -0.000002
v -0.000001 1.278627 -0.148253
v 0.294890 1.445138 -0.183762
v 0.294890 1.778162 -0.254777
v -0.000001 1.944673 -0.290283
v -0.294892 1.778162 -0.254777
v -0.294892 1.445138 -0.183762
v -0.000001 0.897331 -1.936324
v 0.294890 1.063843 -1.971829
v 0.294890 1.396866 -2.042845
v -0.000001 1.563377 -2.078351
v -0.294892 1.396866 -2.042845
v -0.294892 1.063843 -1.971829
v -0.000001 0.926216 -1.939465
v 0.269570 1.078429 -1.971923
v 0.269570 1.382859 -2.036838
v -0.000001 1.535074 -2.069300
v -0.269572 1.382859 -2.036838
v -0.269572 1.078429 -1.971923
v -0.000001 0.865227 -2.471743
v 0.227524 0.993699 -2.499140
v 0.227524 1.250643 -2.553931
v -0.000001 1.379115 -2.581328
v -0.227525 1.250643 -2.553931
v -0.227525 0.993699 -2.499140
v -0.000001 1.198922 -2.153147
v -0.000001 3.196149 0.124319
v 0.107675 3.196149 0.062153
v 0.107675 3.196149 -0.062180
v -0.000001 3.196149 -0.124347
v -0.107676 3.196149 -0.062180
v -0.107676 3.196149 0.062153
v -0.000001 2.866876 0.124319
v 0.107675 2.866876 0.062153
v 0.107675 2.866876 -0.062180
v -0.000001 2.866876 -0.124347
v -0.107676 2.866876 -0.062180
v -0.107676 2.866876 0.062153
v 0.346498 2.412920 -1.740553
v 0.397629 1.778212 -1.681790
v 0.689923 2.399379 -1.523644
v 0.700917 1.891114 -1.522143
v 0.384791 2.373614 -2.037291
v 0.413903 1.898755 -2.024186
v 0.661996 2.389498 -1.968683
v 0.670631 1.903485 -1.972590
v 0.430769 2.333750 -1.689809
v 0.450993 1.937437 -1.679128
v 0.637115 2.341188 -1.718817
v 0.647671 1.940277 -1.722003
v -0.346500 2.412920 -1.740553
v -0.397631 1.778212 -1.681790
v -0.689924 2.399379 -1.523644
v -0.700918 1.891114 -1.522143
v -0.381285 2.373614 -2.037291
v -0.413904 1.898755 -2.024186
v -0.661998 2.389498 -1.968683
v -0.670633 1.903485 -1.972590
v -0.430771 2.333750 -1.689809
v -0.450995 1.937437 -1.679128
v -0.637117 2.341188 -1.718817
v -0.647672 1.940277 -1.722003
v -0.038562 2.496704 -7.877480
v 0.038556 2.496704 -7.877480
v -0.066744 2.077326 -7.877480
v 0.066737 2.077326 -7.877480
v 0.120064 2.443366 -7.877480
v 0.120064 2.165556 -7.877480
v -0.120070 2.165556 -7.877480
v -0.120070 2.443366 -7.877480
v -0.000003 2.547567 -7.877480
v -0.000003 2.061354 -7.877480
v 0.062736 2.499115 -7.877480
v -0.062743 2.499115 -7.877480
v -0.028447 2.493239 -8.047485
v 0.028441 2.493239 -8.047485
v -0.049237 2.155267 -8.047485
v 0.049231 2.155267 -8.047485
v 0.088569 2.447543 -8.047485
v 0.088569 2.230856 -8.047485
v -0.088575 2.230856 -8.047485
v -0.088575 2.447543 -8.047485
v -0.000003 2.536816 -8.047485
v -0.000003 2.141585 -8.047485
v 0.046279 2.495304 -8.047485
v -0.046285 2.495304 -8.047485
v -0.016684 2.506482 -8.136763
v 0.016678 2.506482 -8.136763
v -0.028876 2.220965 -8.136763
v 0.028870 2.220965 -8.136763
v 0.051940 2.479683 -8.136763
v 0.051940 2.265296 -8.136763
v -0.051946 2.265296 -8.136763
v -0.051946 2.479683 -8.136763
v -0.000003 2.532036 -8.136763
v -0.000003 2.212944 -8.136763
v 0.027139 2.507694 -8.136763
v -0.027145 2.507694 -8.136763
v -0.000004 2.421973 -8.174204
v -0.067690 2.475617 -2.351949
v 0.067683 2.475617 -2.351949
v -0.117123 1.699363 -2.356145
v 0.117116 1.699363 -2.356145
v 0.210757 2.400445 -2.352358
v 0.210704 1.809375 -2.355552
v -0.210711 1.809375 -2.355552
v -0.210764 2.400445 -2.352358
v -0.000003 2.547304 -2.351562
v -0.000003 1.662598 -2.356343
v 0.110130 2.467105 -2.351995
v -0.110136 2.467105 -2.351995
v 0.012682 2.088496 -7.853528
v 0.071638 2.088496 -6.711498
v 0.009260 2.088496 -6.564191
v -0.060797 2.088496 -6.711498
v -0.302097 1.032666 5.214047
v -0.302097 0.958012 5.470059
v -0.302097 1.217059 5.406709
v -0.302097 1.291713 5.150684
v -0.302097 1.107320 4.958026
v -0.302097 0.848274 5.021385
v -0.302097 0.773619 5.277403
v -0.231610 0.937344 5.540942
v -0.231610 1.268106 5.460043
v -0.231610 1.363428 5.133148
v -0.231610 1.127988 4.887150
v -0.231610 0.797227 4.968049
v -0.231610 0.701905 5.294941
v 0.231609 0.937344 5.540942
v 0.231609 1.268106 5.460043
v 0.231609 1.363428 5.133148
v 0.231609 1.127988 4.887150
v 0.231609 0.797227 4.968049
v 0.231609 0.701905 5.294941
v 0.302095 0.958012 5.470059
v 0.302095 1.217059 5.406709
v 0.302095 1.291713 5.150684
v 0.302095 1.107320 4.958026
v 0.302095 0.848274 5.021385
v 0.302095 0.773619 5.277403
v 0.302095 1.032666 5.214047
v 0.308220 1.217794 0.936598
v 0.616441 1.217794 0.402745
v 0.308220 1.217794 -0.131108
v -0.308221 1.217794 -0.131108
v -0.616442 1.217794 0.402745
v -0.308221 1.217794 0.936598
v 0.161165 0.591206 0.681893
v 0.322332 0.591206 0.402745
v 0.161165 0.591206 0.123597
v -0.161167 0.591206 0.123597
v -0.322333 0.591206 0.402745
v -0.161167 0.591206 0.681893
v -0.000001 0.553019 0.402745
v 0.308220 0.802248 0.936598
v 0.616441 0.802248 0.402745
v 0.308220 0.802248 -0.131109
v -0.308221 0.802248 -0.131109
v -0.616442 0.802248 0.402745
v -0.308221 0.802248 0.936598
v 0.273448 0.696663 0.876372
v 0.546897 0.696663 0.402745
v 0.273448 0.696663 -0.070882
v -0.273450 0.696663 -0.070883
v -0.546899 0.696663 0.402745
v -0.273450 0.696663 0.876372
v 0.201718 1.037849 0.800500
v -0.201720 1.037849 0.800500
v 0.201718 0.718630 0.750583
v -0.201720 0.718630 0.750583
v 0.167726 0.915589 1.319681
v -0.167728 0.915589 1.319681
v 0.167726 0.676556 1.282304
v -0.167728 0.676556 1.282304
v 0.025765 0.503128 3.995433
v 0.026415 0.398237 3.979032
v 0.141149 0.503128 3.995433
v 0.139052 0.398237 3.979032
v 0.111653 0.922160 1.147572
v 0.111653 0.853975 1.136909
v 0.042639 0.922160 1.147572
v 0.042639 0.853975 1.136909
v -0.025767 0.503128 3.995433
v -0.026417 0.398237 3.979032
v -0.141151 0.503128 3.995433
v -0.139054 0.398237 3.979032
v -0.111655 0.922160 1.147572
v -0.111655 0.853975 1.136909
v -0.042641 0.922160 1.147572
v -0.042641 0.853975 1.136909
v 0.026415 0.362309 3.973413
v 0.025765 0.257418 3.957016
v 0.139052 0.362309 3.973413
v 0.141149 0.257418 3.957016
v 0.111653 0.795982 1.127840
v 0.111653 0.727795 1.117178
v 0.042639 0.795982 1.127840
v 0.042639 0.727795 1.117178
v -0.026417 0.362309 3.973413
v -0.025767 0.257418 3.957016
v -0.139054 0.362309 3.973413
v -0.141151 0.257418 3.957016
v -0.111655 0.795982 1.127840
v -0.111655 0.727795 1.117178
v -0.042641 0.795982 1.127840
v -0.042641 0.727795 1.117178
v -0.130252 0.554482 3.708071
v -0.130252 0.293650 3.667290
v 0.133751 0.554482 3.708071
v 0.133751 0.293650 3.667290
v -0.130252 0.542856 3.783858
v -0.130252 0.282023 3.743072
v 0.133751 0.542856 3.783858
v 0.133751 0.282023 3.743072
v 0.042639 0.497869 3.860875
v 0.042639 0.429629 3.850562
v 0.111653 0.497869 3.860875
v 0.111653 0.429629 3.850562
v -0.042641 0.497869 3.860875
v -0.042641 0.429629 3.850562
v -0.111655 0.497869 3.860875
v -0.111655 0.429629 3.850562
v 0.042639 0.371589 3.841792
v 0.042639 0.303349 3.831480
v 0.111653 0.371589 3.841792
v 0.111653 0.303349 3.831480
v -0.042641 0.371589 3.841792
v -0.042641 0.303349 3.831480
v -0.111655 0.371589 3.841792
v -0.111655 0.303349 3.831480
v -0.083097 0.328484 3.836569
v -0.083097 0.469302 3.858588
v 0.083095 0.469302 3.858588
v 0.083095 0.328484 3.836569
v 3.003740 0.633192 1.022321
v 3.062888 0.735630 1.022321
v 3.003740 0.838067 1.022321
v 2.885463 0.838067 1.022321
v 2.826316 0.735628 1.022321
v 2.885461 0.633192 1.022321
v 3.003740 0.633192 -1.617992
v 3.062888 0.735630 -1.617992
v 3.003740 0.838066 -1.617992
v 2.885463 0.838066 -1.617992
v 2.826316 0.735628 -1.617992
v 2.885461 0.633192 -1.617992
v 2.944600 0.735630 -1.420979
v 2.995522 0.647428 1.128003
v 3.046448 0.735630 1.128003
v 2.995523 0.823832 1.128003
v 2.893680 0.823831 1.128003
v 2.842756 0.735629 1.128003
v 2.893680 0.647427 1.128003
v 2.944600 0.735630 1.203652
v 2.978602 0.676741 1.203652
v 3.012595 0.735630 1.203652
v 2.978602 0.794518 1.203652
v 2.910601 0.794517 1.203652
v 2.876606 0.735629 1.203652
v 2.910600 0.676741 1.203652
v 2.883147 0.669371 -1.171509
v 2.734048 0.520268 -1.382341
v 2.734048 0.520268 -1.582223
v 2.883147 0.669371 -1.584961
v 2.878344 0.674177 -1.171509
v 2.729238 0.525072 -1.382341
v 2.729238 0.525072 -1.582223
v 2.878344 0.674177 -1.584961
v 3.007491 0.793715 -1.171509
v 3.156596 0.942820 -1.382341
v 3.156596 0.942820 -1.582223
v 3.007491 0.793715 -1.584961
v 3.002687 0.798521 -1.171509
v 3.151791 0.947624 -1.382341
v 3.151791 0.947624 -1.582223
v 3.002687 0.798521 -1.584961
v 2.890291 0.782661 0.798764
v 2.768754 0.904191 0.626921
v 2.768754 0.904191 0.464007
v 2.890291 0.782661 0.461776
v 2.894202 0.786581 0.798764
v 2.772670 0.908111 0.626921
v 2.772670 0.908111 0.464007
v 2.894202 0.786581 0.461776
v 2.991631 0.681311 0.798764
v 3.113166 0.559781 0.626921
v 3.113166 0.559781 0.464007
v 2.991631 0.681311 0.461776
v 2.995546 0.685232 0.798764
v 3.117082 0.563701 0.626921
v 3.117082 0.563701 0.464007
v 2.995546 0.685232 0.461776
v 2.276922 1.266264 0.030473
v 2.276922 1.266264 0.091158
v 2.321199 1.304010 0.030473
v 2.321199 1.304010 0.091158
v 2.321199 1.068369 0.091158
v 2.321199 1.068369 0.030473
v 2.276922 1.106115 0.091158
v 2.276922 1.106115 0.030473
v 3.077525 1.106115 0.030473
v 3.077525 1.106115 0.091158
v 3.033247 1.068369 0.091158
v 3.033247 1.068369 0.030473
v 3.033247 1.304010 0.030473
v 3.033247 1.304010 0.091158
v 3.077525 1.266264 0.091158
v 3.077525 1.266264 0.030473
v 2.276922 0.821368 0.030473
v 2.276922 0.821368 0.091158
v 2.321199 0.859116 0.030473
v 2.321199 0.859116 0.091158
v 2.321199 0.623474 0.091158
v 2.321199 0.623474 0.030473
v 2.276922 0.661220 0.091158
v 2.276922 0.661220 0.030473
v 3.077525 0.661220 0.030473
v 3.077525 0.661220 0.091158
v 3.033247 0.623474 0.091158
v 3.033247 0.623474 0.030473
v 3.033247 0.859116 0.030473
v 3.033247 0.859116 0.091158
v 3.077525 0.821368 0.091158
v 3.077525 0.821368 0.030473
v 1.169655 1.553561 0.932554
v 1.169655 0.320678 0.932554
v 1.536574 1.553561 0.932554
v 1.536574 0.320678 0.932554
v 1.536574 1.553561 -0.932558
v 1.536574 0.320678 -0.932558
v 1.169655 1.553561 -0.932558
v 1.169655 0.320678 -0.932558
v 1.497474 1.489063 -0.819102
v 1.497474 0.389798 -0.819102
v 1.221350 1.489063 -0.819102
v 1.221350 0.389798 -0.819102
v 2.718852 1.602016 0.038775
v 2.648092 1.602016 0.038775
v 2.718852 1.219676 0.038775
v 2.648094 1.219676 0.038775
v 2.718852 1.219676 -0.756118
v 2.648094 1.219676 -0.756118
v 2.718852 1.602016 -0.756118
v 2.648092 1.602016 -0.756118
v 2.718852 1.156931 0.038775
v 2.648094 1.156931 0.038775
v 2.718852 1.156931 -0.756118
v 2.648094 1.156931 -0.756118
v 2.893773 1.219676 0.038775
v 2.893773 1.219676 -0.756118
v 2.893773 1.156931 0.038775
v 2.893773 1.156931 -0.756118
v 2.516876 1.219676 0.038775
v 2.516876 1.219676 -0.756118
v 2.516876 1.156931 0.038775
v 2.516876 1.156931 -0.756118
v 2.718852 0.775562 0.038775
v 2.648094 0.775562 0.038775
v 2.718852 0.775562 -0.756118
v 2.648094 0.775562 -0.756118
v 2.718852 0.706973 0.038775
v 2.648094 0.706973 0.038775
v 2.718852 0.706973 -0.756118
v 2.648094 0.706973 -0.756118
v 2.515396 0.775562 0.038775
v 2.515396 0.775562 -0.756118
v 2.515396 0.706973 0.038775
v 2.515396 0.706973 -0.756118
v 2.904227 0.775562 0.038775
v 2.904227 0.775562 -0.756118
v 2.904227 0.706973 0.038775
v 2.904227 0.706973 -0.756118
v 1.533368 1.680032 0.577739
v 1.533368 0.823391 0.577739
v 1.690526 1.680032 0.577739
v 1.690526 0.823391 0.577739
v 1.690526 1.680032 -0.577743
v 1.690526 0.823391 -0.577742
v 1.533368 1.680032 -0.577743
v 1.533368 0.823391 -0.577742
v -2.276924 1.266264 0.030473
v -2.276924 1.266264 0.091158
v -2.321202 1.304010 0.030473
v -2.321202 1.304010 0.091158
v -2.321202 1.068369 0.091158
v -2.321202 1.068369 0.030473
v -2.276924 1.106115 0.091158
v -2.276924 1.106115 0.030473
v -3.077530 1.106115 0.030473
v -3.077530 1.106115 0.091158
v -3.033250 1.068369 0.091158
v -3.033250 1.068369 0.030473
v -3.033250 1.304010 0.030473
v -3.033250 1.304010 0.091158
v -3.077530 1.266264 0.091158
v -3.077530 1.266264 0.030473
v -2.276924 0.821368 0.030473
v -2.276924 0.821368 0.091158
v -2.321202 0.859116 0.030473
v -2.321202 0.859116 0.091158
v -2.321202 0.623474 0.091158
v -2.321202 0.623474 0.030473
v -2.276924 0.661220 0.091158
v -2.276924 0.661220 0.030473
v -3.077530 0.661220 0.030473
v -3.077530 0.661220 0.091158
v -3.033250 0.623474 0.091158
v -3.033250 0.623474 0.030473
v -3.033250 0.859116 0.030473
v -3.033250 0.859116 0.091158
v -3.077530 0.821368 0.091158
v -3.077530 0.821368 0.030473
v -2.718854 1.602016 0.038775
v -2.648094 1.602016 0.038775
v -2.718854 1.219676 0.038775
v -2.648094 1.219676 0.038775
v -2.718854 1.219676 -0.756118
v -2.648094 1.219676 -0.756118
v -2.718854 1.602016 -0.756118
v -2.648094 1.602016 -0.756118
v -2.718854 1.156931 0.038775
v -2.648094 1.156931 0.038775
v -2.718854 1.156931 -0.756118
v -2.648094 1.156931 -0.756118
v -2.893776 1.219676 0.038775
v -2.893776 1.219676 -0.756118
v -2.893776 1.156931 0.038775
v -2.893776 1.156931 -0.756118
v -2.516877 1.219676 0.038775
v -2.516877 1.219676 -0.756118
v -2.516877 1.156931 0.038775
v -2.516877 1.156931 -0.756118
v -2.718854 0.775562 0.038775
v -2.648094 0.775562 0.038775
v -2.718854 0.775562 -0.756118
v -2.648094 0.775562 -0.756118
v -2.718854 0.706973 0.038775
v -2.648094 0.706973 0.038775
v -2.718854 0.706973 -0.756118
v -2.648094 0.706973 -0.756118
v -2.515398 0.775562 0.038775
v -2.515398 0.775562 -0.756118
v -2.515398 0.706973 0.038775
v -2.515398 0.706973 -0.756118
v -2.904229 0.775562 0.038775
v -2.904229 0.775562 -0.756118
v -2.904229 0.706973 0.038775
v -2.904229 0.706973 -0.756118
v -1.533369 1.680032 0.577739
v -1.533369 0.823391 0.577739
v -1.690527 1.680032 0.577739
v -1.690527 0.823391 0.577739
v -1.690527 1.680032 -0.577743
v -1.690527 0.823391 -0.577742
v -1.533369 1.680032 -0.577743
v -1.533369 0.823391 -0.577742
v 1.690276 1.553561 0.932554
v 1.690276 0.320678 0.932554
v 2.057197 1.553561 0.932554
v 2.057197 0.320678 0.932554
v 2.057197 1.553561 -0.932558
v 2.057197 0.320678 -0.932558
v 1.690276 1.553561 -0.932558
v 1.690276 0.320678 -0.932558
v 2.018096 1.489063 -0.819102
v 2.018096 0.389798 -0.819102
v 1.741972 1.489063 -0.819102
v 1.741972 0.389798 -0.819102
v 3.007491 0.674174 -1.171509
v 3.156596 0.525075 -1.382341
v 3.156596 0.525075 -1.582223
v 3.007491 0.674174 -1.584961
v 3.002686 0.669371 -1.171509
v 3.151793 0.520267 -1.382341
v 3.151793 0.520267 -1.582223
v 3.002686 0.669371 -1.584961
v 2.883148 0.798519 -1.171509
v 2.734045 0.947625 -1.382341
v 2.734045 0.947625 -1.582223
v 2.883148 0.798519 -1.584961
v 2.878344 0.793716 -1.171509
v 2.729239 0.942817 -1.382341
v 2.729239 0.942817 -1.582223
v 2.878344 0.793716 -1.584961
v 2.894202 0.681317 0.798764
v 2.772673 0.559782 0.626921
v 2.772673 0.559782 0.464007
v 2.894202 0.681317 0.461776
v 2.890283 0.685229 0.798764
v 2.768753 0.563698 0.626921
v 2.768753 0.563698 0.464007
v 2.890283 0.685229 0.461776
v 2.995554 0.782661 0.798764
v 3.117084 0.904195 0.626921
v 3.117084 0.904195 0.464007
v 2.995554 0.782661 0.461776
v 2.991631 0.786575 0.798764
v 3.113162 0.908108 0.626921
v 3.113162 0.908108 0.464007
v 2.991631 0.786575 0.461776
v 2.477289 0.633192 1.022321
v 2.536435 0.735630 1.022321
v 2.477289 0.838067 1.022321
v 2.359011 0.838067 1.022321
v 2.299864 0.735628 1.022321
v 2.359008 0.633192 1.022321
v 2.477289 0.633192 -1.617992
v 2.536435 0.735630 -1.617992
v 2.477289 0.838066 -1.617992
v 2.359011 0.838066 -1.617992
v 2.299864 0.735628 -1.617992
v 2.359008 0.633192 -1.617992
v 2.418149 0.735630 -1.420979
v 2.469075 0.647428 1.128003
v 2.519997 0.735630 1.128003
v 2.469075 0.823832 1.128003
v 2.367226 0.823831 1.128003
v 2.316303 0.735629 1.128003
v 2.367226 0.647427 1.128003
v 2.418149 0.735630 1.203652
v 2.452151 0.676741 1.203652
v 2.486144 0.735630 1.203652
v 2.452152 0.794518 1.203652
v 2.384151 0.794517 1.203652
v 2.350153 0.735629 1.203652
v 2.384151 0.676741 1.203652
v 2.356694 0.669371 -1.171509
v 2.207597 0.520268 -1.382341
v 2.207597 0.520268 -1.582223
v 2.356694 0.669371 -1.584961
v 2.351892 0.674177 -1.171509
v 2.202790 0.525072 -1.382341
v 2.202790 0.525072 -1.582223
v 2.351892 0.674177 -1.584961
v 2.481040 0.793715 -1.171509
v 2.630147 0.942820 -1.382341
v 2.630147 0.942820 -1.582223
v 2.481040 0.793715 -1.584961
v 2.476237 0.798521 -1.171509
v 2.625338 0.947624 -1.382341
v 2.625338 0.947624 -1.582223
v 2.476237 0.798521 -1.584961
v 2.363836 0.782661 0.798764
v 2.242304 0.904191 0.626921
v 2.242304 0.904191 0.464007
v 2.363836 0.782661 0.461776
v 2.367752 0.786581 0.798764
v 2.246219 0.908111 0.626921
v 2.246219 0.908111 0.464007
v 2.367752 0.786581 0.461776
v 2.465183 0.681311 0.798764
v 2.586715 0.559781 0.626921
v 2.586715 0.559781 0.464007
v 2.465183 0.681311 0.461776
v 2.469097 0.685232 0.798764
v 2.590630 0.563701 0.626921
v 2.590630 0.563701 0.464007
v 2.469097 0.685232 0.461776
v 2.481041 0.674174 -1.171509
v 2.630146 0.525075 -1.382341
v 2.630146 0.525075 -1.582223
v 2.481041 0.674174 -1.584961
v 2.476236 0.669371 -1.171509
v 2.625340 0.520267 -1.382341
v 2.625340 0.520267 -1.582223
v 2.476236 0.669371 -1.584961
v 2.356697 0.798519 -1.171509
v 2.207594 0.947625 -1.382341
v 2.207594 0.947625 -1.582223
v 2.356697 0.798519 -1.584961
v 2.351891 0.793716 -1.171509
v 2.202790 0.942817 -1.382341
v 2.202790 0.942817 -1.582223
v 2.351891 0.793716 -1.584961
v 2.367753 0.681317 0.798764
v 2.246222 0.559782 0.626921
v 2.246222 0.559782 0.464007
v 2.367753 0.681317 0.461776
v 2.363831 0.685229 0.798764
v 2.242301 0.563698 0.626921
v 2.242301 0.563698 0.464007
v 2.363831 0.685229 0.461776
v 2.469101 0.782661 0.798764
v 2.590632 0.904195 0.626921
v 2.590632 0.904195 0.464007
v 2.469101 0.782661 0.461776
v 2.465182 0.786575 0.798764
v 2.586713 0.908108 0.626921
v 2.586713 0.908108 0.464007
v 2.465182 0.786575 0.461776
v 3.003740 1.086535 1.022321
v 3.062888 1.188974 1.022321
v 3.003740 1.291410 1.022321
v 2.885463 1.291410 1.022321
v 2.826316 1.188971 1.022321
v 2.885461 1.086535 1.022321
v 3.003740 1.086535 -1.617992
v 3.062888 1.188973 -1.617992
v 3.003740 1.291409 -1.617992
v 2.885463 1.291409 -1.617992
v 2.826316 1.188971 -1.617992
v 2.885461 1.086535 -1.617992
v 2.944600 1.188973 -1.420979
v 2.995522 1.100771 1.128003
v 3.046448 1.188974 1.128003
v 2.995523 1.277174 1.128003
v 2.893680 1.277174 1.128003
v 2.842756 1.188972 1.128003
v 2.893680 1.100770 1.128003
v 2.944600 1.188974 1.203652
v 2.978602 1.130085 1.203652
v 3.012595 1.188974 1.203652
v 2.978602 1.247861 1.203652
v 2.910601 1.247860 1.203652
v 2.876606 1.188972 1.203652
v 2.910600 1.130084 1.203652
v 2.883147 1.122714 -1.171509
v 2.734048 0.973612 -1.382341
v 2.734048 0.973612 -1.582223
v 2.883147 1.122714 -1.584961
v 2.878344 1.127521 -1.171509
v 2.729238 0.978416 -1.382341
v 2.729238 0.978416 -1.582223
v 2.878344 1.127521 -1.584961
v 3.007491 1.247059 -1.171509
v 3.156596 1.396163 -1.382341
v 3.156596 1.396163 -1.582223
v 3.007491 1.247059 -1.584961
v 3.002687 1.251864 -1.171509
v 3.151791 1.400968 -1.382341
v 3.151791 1.400968 -1.582223
v 3.002687 1.251864 -1.584961
v 2.890291 1.236005 0.798764
v 2.768754 1.357534 0.626921
v 2.768754 1.357534 0.464007
v 2.890291 1.236004 0.461776
v 2.894202 1.239924 0.798764
v 2.772670 1.361455 0.626921
v 2.772670 1.361455 0.464007
v 2.894202 1.239924 0.461776
v 2.991631 1.134654 0.798764
v 3.113166 1.013125 0.626921
v 3.113166 1.013125 0.464007
v 2.991631 1.134654 0.461776
v 2.995546 1.138575 0.798764
v 3.117082 1.017044 0.626921
v 3.117082 1.017044 0.464007
v 2.995546 1.138575 0.461776
v 3.007491 1.127517 -1.171509
v 3.156596 0.978419 -1.382341
v 3.156596 0.978419 -1.582223
v 3.007491 1.127517 -1.584961
v 3.002686 1.122714 -1.171509
v 3.151793 0.973612 -1.382341
v 3.151793 0.973612 -1.582223
v 3.002686 1.122714 -1.584961
v 2.883148 1.251863 -1.171509
v 2.734045 1.400968 -1.382341
v 2.734045 1.400968 -1.582223
v 2.883148 1.251863 -1.584961
v 2.878344 1.247060 -1.171509
v 2.729239 1.396160 -1.382341
v 2.729239 1.396160 -1.582223
v 2.878344 1.247060 -1.584961
v 2.894202 1.134660 0.798764
v 2.772673 1.013125 0.626921
v 2.772673 1.013125 0.464007
v 2.894202 1.134660 0.461776
v 2.890283 1.138574 0.798764
v 2.768753 1.017041 0.626921
v 2.768753 1.017041 0.464007
v 2.890283 1.138574 0.461776
v 2.995554 1.236005 0.798764
v 3.117084 1.357539 0.626921
v 3.117084 1.357539 0.464007
v 2.995554 1.236005 0.461776
v 2.991631 1.239919 0.798764
v 3.113162 1.361452 0.626921
v 3.113162 1.361452 0.464007
v 2.991631 1.239919 0.461776
v 2.477289 1.086535 1.022321
v 2.536435 1.188974 1.022321
v 2.477289 1.291410 1.022321
v 2.359011 1.291410 1.022321
v 2.299864 1.188971 1.022321
v 2.359008 1.086535 1.022321
v 2.477289 1.086535 -1.617992
v 2.536435 1.188973 -1.617992
v 2.477289 1.291409 -1.617992
v 2.359011 1.291409 -1.617992
v 2.299864 1.188971 -1.617992
v 2.359008 1.086535 -1.617992
v 2.418149 1.188973 -1.420979
v 2.469075 1.100771 1.128003
v 2.519997 1.188974 1.128003
v 2.469075 1.277174 1.128003
v 2.367226 1.277174 1.128003
v 2.316303 1.188972 1.128003
v 2.367226 1.100770 1.128003
v 2.418149 1.188974 1.203652
v 2.452151 1.130085 1.203652
v 2.486144 1.188974 1.203652
v 2.452152 1.247861 1.203652
v 2.384151 1.247860 1.203652
v 2.350153 1.188972 1.203652
v 2.384151 1.130084 1.203652
v 2.356694 1.122714 -1.171509
v 2.207597 0.973612 -1.382341
v 2.207597 0.973612 -1.582223
v 2.356694 1.122714 -1.584961
v 2.351892 1.127521 -1.171509
v 2.202790 0.978416 -1.382341
v 2.202790 0.978416 -1.582223
v 2.351892 1.127521 -1.584961
v 2.481040 1.247059 -1.171509
v 2.630147 1.396163 -1.382341
v 2.630147 1.396163 -1.582223
v 2.481040 1.247059 -1.584961
v 2.476237 1.251864 -1.171509
v 2.625338 1.400968 -1.382341
v 2.625338 1.400968 -1.582223
v 2.476237 1.251864 -1.584961
v 2.363836 1.236005 0.798764
v 2.242304 1.357534 0.626921
v 2.242304 1.357534 0.464007
v 2.363836 1.236004 0.461776
v 2.367752 1.239924 0.798764
v 2.246219 1.361455 0.626921
v 2.246219 1.361455 0.464007
v 2.367752 1.239924 0.461776
v 2.465183 1.134654 0.798764
v 2.586715 1.013125 0.626921
v 2.586715 1.013125 0.464007
v 2.465183 1.134654 0.461776
v 2.469097 1.138575 0.798764
v 2.590630 1.017044 0.626921
v 2.590630 1.017044 0.464007
v 2.469097 1.138575 0.461776
v 2.481041 1.127517 -1.171509
v 2.630146 0.978419 -1.382341
v 2.630146 0.978419 -1.582223
v 2.481041 1.127517 -1.584961
v 2.476236 1.122714 -1.171509
v 2.625340 0.973612 -1.382341
v 2.625340 0.973612 -1.582223
v 2.476236 1.122714 -1.584961
v 2.356697 1.251863 -1.171509
v 2.207594 1.400968 -1.382341
v 2.207594 1.400968 -1.582223
v 2.356697 1.251863 -1.584961
v 2.351891 1.247060 -1.171509
v 2.202790 1.396160 -1.382341
v 2.202790 1.396160 -1.582223
v 2.351891 1.247060 -1.584961
v 2.367753 1.134660 0.798764
v 2.246222 1.013125 0.626921
v 2.246222 1.013125 0.464007
v 2.367753 1.134660 0.461776
v 2.363831 1.138574 0.798764
v 2.242301 1.017041 0.626921
v 2.242301 1.017041 0.464007
v 2.363831 1.138574 0.461776
v 2.469101 1.236005 0.798764
v 2.590632 1.357539 0.626921
v 2.590632 1.357539 0.464007
v 2.469101 1.236005 0.461776
v 2.465182 1.239919 0.798764
v 2.586713 1.361452 0.626921
v 2.586713 1.361452 0.464007
v 2.465182 1.239919 0.461776
v -3.003742 0.633192 1.022321
v -3.062891 0.735630 1.022321
v -3.003742 0.838067 1.022321
v -2.885465 0.838067 1.022321
v -2.826318 0.735628 1.022321
v -2.885463 0.633192 1.022321
v -3.003742 0.633192 -1.617992
v -3.062891 0.735630 -1.617992
v -3.003742 0.838066 -1.617992
v -2.885465 0.838066 -1.617992
v -2.826318 0.735628 -1.617992
v -2.885463 0.633192 -1.617992
v -2.944602 0.735630 -1.420979
v -2.995526 0.647428 1.128003
v -3.046450 0.735630 1.128003
v -2.995527 0.823832 1.128003
v -2.893682 0.823831 1.128003
v -2.842759 0.735629 1.128003
v -2.893682 0.647427 1.128003
v -2.944602 0.735630 1.203652
v -2.978605 0.676741 1.203652
v -3.012598 0.735630 1.203652
v -2.978607 0.794518 1.203652
v -2.910603 0.794517 1.203652
v -2.876608 0.735629 1.203652
v -2.910602 0.676741 1.203652
v -2.883148 0.669371 -1.171509
v -2.734050 0.520268 -1.382341
v -2.734050 0.520268 -1.582223
v -2.883148 0.669371 -1.584961
v -2.878346 0.674177 -1.171509
v -2.729240 0.525072 -1.382341
v -2.729240 0.525072 -1.582223
v -2.878346 0.674177 -1.584961
v -3.007493 0.793715 -1.171509
v -3.156598 0.942820 -1.382341
v -3.156598 0.942820 -1.582223
v -3.007493 0.793715 -1.584961
v -3.002689 0.798521 -1.171509
v -3.151793 0.947624 -1.382341
v -3.151793 0.947624 -1.582223
v -3.002689 0.798521 -1.584961
v -2.890292 0.782661 0.798764
v -2.768756 0.904191 0.626921
v -2.768756 0.904191 0.464007
v -2.890292 0.782661 0.461776
v -2.894204 0.786581 0.798764
v -2.772672 0.908111 0.626921
v -2.772672 0.908111 0.464007
v -2.894204 0.786581 0.461776
v -2.991636 0.681311 0.798764
v -3.113169 0.559781 0.626921
v -3.113169 0.559781 0.464007
v -2.991636 0.681311 0.461776
v -2.995549 0.685232 0.798764
v -3.117084 0.563701 0.626921
v -3.117084 0.563701 0.464007
v -2.995549 0.685232 0.461776
v -2.276924 1.266264 0.030473
v -2.276924 1.266264 0.091158
v -2.321202 1.304010 0.030473
v -2.321202 1.304010 0.091158
v -2.321202 1.068369 0.091158
v -2.321202 1.068369 0.030473
v -2.276924 1.106115 0.091158
v -2.276924 1.106115 0.030473
v -3.077530 1.106115 0.030473
v -3.077530 1.106115 0.091158
v -3.033250 1.068369 0.091158
v -3.033250 1.068369 0.030473
v -3.033250 1.304010 0.030473
v -3.033250 1.304010 0.091158
v -3.077530 1.266264 0.091158
v -3.077530 1.266264 0.030473
v -2.276924 0.821368 0.030473
v -2.276924 0.821368 0.091158
v -2.321202 0.859116 0.030473
v -2.321202 0.859116 0.091158
v -2.321202 0.623474 0.091158
v -2.321202 0.623474 0.030473
v -2.276924 0.661220 0.091158
v -2.276924 0.661220 0.030473
v -3.077530 0.661220 0.030473
v -3.077530 0.661220 0.091158
v -3.033250 0.623474 0.091158
v -3.033250 0.623474 0.030473
v -3.033250 0.859116 0.030473
v -3.033250 0.859116 0.091158
v -3.077530 0.821368 0.091158
v -3.077530 0.821368 0.030473
v -1.169657 1.553561 0.932554
v -1.169657 0.320678 0.932554
v -1.536576 1.553561 0.932554
v -1.536576 0.320678 0.932554
v -1.536576 1.553561 -0.932558
v -1.536576 0.320678 -0.932558
v -1.169657 1.553561 -0.932558
v -1.169657 0.320678 -0.932558
v -1.497475 1.489063 -0.819102
v -1.497475 0.389798 -0.819102
v -1.221352 1.489063 -0.819102
v -1.221352 0.389798 -0.819102
v -2.718854 1.602016 0.038775
v -2.648094 1.602016 0.038775
v -2.718854 1.219676 0.038775
v -2.648094 1.219676 0.038775
v -2.718854 1.219676 -0.756118
v -2.648094 1.219676 -0.756118
v -2.718854 1.602016 -0.756118
v -2.648094 1.602016 -0.756118
v -2.718854 1.156931 0.038775
v -2.648094 1.156931 0.038775
v -2.718854 1.156931 -0.756118
v -2.648094 1.156931 -0.756118
v -2.893776 1.219676 0.038775
v -2.893776 1.219676 -0.756118
v -2.893776 1.156931 0.038775
v -2.893776 1.156931 -0.756118
v -2.516877 1.219676 0.038775
v -2.516877 1.219676 -0.756118
v -2.516877 1.156931 0.038775
v -2.516877 1.156931 -0.756118
v -2.718854 0.775562 0.038775
v -2.648094 0.775562 0.038775
v -2.718854 0.775562 -0.756118
v -2.648094 0.775562 -0.756118
v -2.718854 0.706973 0.038775
v -2.648094 0.706973 0.038775
v -2.718854 0.706973 -0.756118
v -2.648094 0.706973 -0.756118
v -2.515398 0.775562 0.038775
v -2.515398 0.775562 -0.756118
v -2.515398 0.706973 0.038775
v -2.515398 0.706973 -0.756118
v -2.904229 0.775562 0.038775
v -2.904229 0.775562 -0.756118
v -2.904229 0.706973 0.038775
v -2.904229 0.706973 -0.756118
v -1.533369 1.680032 0.577739
v -1.533369 0.823391 0.577739
v -1.690527 1.680032 0.577739
v -1.690527 0.823391 0.577739
v -1.690527 1.680032 -0.577743
v -1.690527 0.823391 -0.577742
v -1.533369 1.680032 -0.577743
v -1.533369 0.823391 -0.577742
v 2.276922 1.266264 0.030473
v 2.276922 1.266264 0.091158
v 2.321199 1.304010 0.030473
v 2.321199 1.304010 0.091158
v 2.321199 1.068369 0.091158
v 2.321199 1.068369 0.030473
v 2.276922 1.106115 0.091158
v 2.276922 1.106115 0.030473
v 3.077525 1.106115 0.030473
v 3.077525 1.106115 0.091158
v 3.033247 1.068369 0.091158
v 3.033247 1.068369 0.030473
v 3.033247 1.304010 0.030473
v 3.033247 1.304010 0.091158
v 3.077525 1.266264 0.091158
v 3.077525 1.266264 0.030473
v 2.276922 0.821368 0.030473
v 2.276922 0.821368 0.091158
v 2.321199 0.859116 0.030473
v 2.321199 0.859116 0.091158
v 2.321199 0.623474 0.091158
v 2.321199 0.623474 0.030473
v 2.276922 0.661220 0.091158
v 2.276922 0.661220 0.030473
v 3.077525 0.661220 0.030473
v 3.077525 0.661220 0.091158
v 3.033247 0.623474 0.091158
v 3.033247 0.623474 0.030473
v 3.033247 0.859116 0.030473
v 3.033247 0.859116 0.091158
v 3.077525 0.821368 0.091158
v 3.077525 0.821368 0.030473
v 2.718852 1.602016 0.038775
v 2.648092 1.602016 0.038775
v 2.718852 1.219676 0.038775
v 2.648094 1.219676 0.038775
v 2.718852 1.219676 -0.756118
v 2.648094 1.219676 -0.756118
v 2.718852 1.602016 -0.756118
v 2.648092 1.602016 -0.756118
v 2.718852 1.156931 0.038775
v 2.648094 1.156931 0.038775
v 2.718852 1.156931 -0.756118
v 2.648094 1.156931 -0.756118
v 2.893773 1.219676 0.038775
v 2.893773 1.219676 -0.756118
v 2.893773 1.156931 0.038775
v 2.893773 1.156931 -0.756118
v 2.516876 1.219676 0.038775
v 2.516876 1.219676 -0.756118
v 2.516876 1.156931 0.038775
v 2.516876 1.156931 -0.756118
v 2.718852 0.775562 0.038775
v 2.648094 0.775562 0.038775
v 2.718852 0.775562 -0.756118
v 2.648094 0.775562 -0.756118
v 2.718852 0.706973 0.038775
v 2.648094 0.706973 0.038775
v 2.718852 0.706973 -0.756118
v 2.648094 0.706973 -0.756118
v 2.515396 0.775562 0.038775
v 2.515396 0.775562 -0.756118
v 2.515396 0.706973 0.038775
v 2.515396 0.706973 -0.756118
v 2.904227 0.775562 0.038775
v 2.904227 0.775562 -0.756118
v 2.904227 0.706973 0.038775
v 2.904227 0.706973 -0.756118
v 1.533368 1.680032 0.577739
v 1.533368 0.823391 0.577739
v 1.690526 1.680032 0.577739
v 1.690526 0.823391 0.577739
v 1.690526 1.680032 -0.577743
v 1.690526 0.823391 -0.577742
v 1.533368 1.680032 -0.577743
v 1.533368 0.823391 -0.577742
v -1.690279 1.553561 0.932554
v -1.690279 0.320678 0.932554
v -2.057197 1.553561 0.932554
v -2.057197 0.320678 0.932554
v -2.057197 1.553561 -0.932558
v -2.057197 0.320678 -0.932558
v -1.690279 1.553561 -0.932558
v -1.690279 0.320678 -0.932558
v -2.018098 1.489063 -0.819102
v -2.018098 0.389798 -0.819102
v -1.741974 1.489063 -0.819102
v -1.741974 0.389798 -0.819102
v -3.007493 0.674174 -1.171509
v -3.156598 0.525075 -1.382341
v -3.156598 0.525075 -1.582223
v -3.007493 0.674174 -1.584961
v -3.002689 0.669371 -1.171509
v -3.151794 0.520267 -1.382341
v -3.151794 0.520267 -1.582223
v -3.002689 0.669371 -1.584961
v -2.883151 0.798519 -1.171509
v -2.734047 0.947625 -1.382341
v -2.734047 0.947625 -1.582223
v -2.883151 0.798519 -1.584961
v -2.878346 0.793716 -1.171509
v -2.729241 0.942817 -1.382341
v -2.729241 0.942817 -1.582223
v -2.878346 0.793716 -1.584961
v -2.894206 0.681317 0.798764
v -2.772675 0.559782 0.626921
v -2.772675 0.559782 0.464007
v -2.894206 0.681317 0.461776
v -2.890286 0.685229 0.798764
v -2.768755 0.563698 0.626921
v -2.768755 0.563698 0.464007
v -2.890286 0.685229 0.461776
v -2.995556 0.782661 0.798764
v -3.117086 0.904195 0.626921
v -3.117086 0.904195 0.464007
v -2.995556 0.782661 0.461776
v -2.991634 0.786575 0.798764
v -3.113164 0.908108 0.626921
v -3.113164 0.908108 0.464007
v -2.991634 0.786575 0.461776
v -2.477291 0.633192 1.022321
v -2.536437 0.735630 1.022321
v -2.477291 0.838067 1.022321
v -2.359014 0.838067 1.022321
v -2.299866 0.735628 1.022321
v -2.359010 0.633192 1.022321
v -2.477291 0.633192 -1.617992
v -2.536437 0.735630 -1.617992
v -2.477291 0.838066 -1.617992
v -2.359014 0.838066 -1.617992
v -2.299866 0.735628 -1.617992
v -2.359010 0.633192 -1.617992
v -2.418152 0.735630 -1.420979
v -2.469076 0.647428 1.128003
v -2.520000 0.735630 1.128003
v -2.469077 0.823832 1.128003
v -2.367228 0.823831 1.128003
v -2.316306 0.735629 1.128003
v -2.367228 0.647427 1.128003
v -2.418152 0.735630 1.203652
v -2.452153 0.676741 1.203652
v -2.486145 0.735630 1.203652
v -2.452153 0.794518 1.203652
v -2.384153 0.794517 1.203652
v -2.350157 0.735629 1.203652
v -2.384153 0.676741 1.203652
v -2.356697 0.669371 -1.171509
v -2.207599 0.520268 -1.382341
v -2.207599 0.520268 -1.582223
v -2.356697 0.669371 -1.584961
v -2.351894 0.674177 -1.171509
v -2.202791 0.525072 -1.382341
v -2.202791 0.525072 -1.582223
v -2.351894 0.674177 -1.584961
v -2.481042 0.793715 -1.171509
v -2.630149 0.942820 -1.382341
v -2.630149 0.942820 -1.582223
v -2.481042 0.793715 -1.584961
v -2.476239 0.798521 -1.171509
v -2.625340 0.947624 -1.382341
v -2.625340 0.947624 -1.582223
v -2.476239 0.798521 -1.584961
v -2.363838 0.782661 0.798764
v -2.242306 0.904191 0.626921
v -2.242306 0.904191 0.464007
v -2.363838 0.782661 0.461776
v -2.367755 0.786581 0.798764
v -2.246223 0.908111 0.626921
v -2.246223 0.908111 0.464007
v -2.367755 0.786581 0.461776
v -2.465183 0.681311 0.798764
v -2.586717 0.559781 0.626921
v -2.586717 0.559781 0.464007
v -2.465183 0.681311 0.461776
v -2.469099 0.685232 0.798764
v -2.590631 0.563701 0.626921
v -2.590631 0.563701 0.464007
v -2.469099 0.685232 0.461776
v -2.481043 0.674174 -1.171509
v -2.630148 0.525075 -1.382341
v -2.630148 0.525075 -1.582223
v -2.481043 0.674174 -1.584961
v -2.476237 0.669371 -1.171509
v -2.625342 0.520267 -1.382341
v -2.625342 0.520267 -1.582223
v -2.476237 0.669371 -1.584961
v -2.356699 0.798519 -1.171509
v -2.207596 0.947625 -1.382341
v -2.207596 0.947625 -1.582223
v -2.356699 0.798519 -1.584961
v -2.351894 0.793716 -1.171509
v -2.202791 0.942817 -1.382341
v -2.202791 0.942817 -1.582223
v -2.351894 0.793716 -1.584961
v -2.367755 0.681317 0.798764
v -2.246224 0.559782 0.626921
v -2.246224 0.559782 0.464007
v -2.367755 0.681317 0.461776
v -2.363833 0.685229 0.798764
v -2.242305 0.563698 0.626921
v -2.242305 0.563698 0.464007
v -2.363833 0.685229 0.461776
v -2.469103 0.782661 0.798764
v -2.590634 0.904195 0.626921
v -2.590634 0.904195 0.464007
v -2.469103 0.782661 0.461776
v -2.465183 0.786575 0.798764
v -2.586715 0.908108 0.626921
v -2.586715 0.908108 0.464007
v -2.465183 0.786575 0.461776
v -3.003742 1.086535 1.022321
v -3.062891 1.188974 1.022321
v -3.003742 1.291410 1.022321
v -2.885465 1.291410 1.022321
v -2.826318 1.188971 1.022321
v -2.885463 1.086535 1.022321
v -3.003742 1.086535 -1.617992
v -3.062891 1.188973 -1.617992
v -3.003742 1.291409 -1.617992
v -2.885465 1.291409 -1.617992
v -2.826318 1.188971 -1.617992
v -2.885463 1.086535 -1.617992
v -2.944602 1.188973 -1.420979
v -2.995526 1.100771 1.128003
v -3.046450 1.188974 1.128003
v -2.995527 1.277174 1.128003
v -2.893682 1.277174 1.128003
v -2.842759 1.188972 1.128003
v -2.893682 1.100770 1.128003
v -2.944602 1.188974 1.203652
v -2.978605 1.130085 1.203652
v -3.012598 1.188974 1.203652
v -2.978607 1.247861 1.203652
v -2.910603 1.247860 1.203652
v -2.876608 1.188972 1.203652
v -2.910602 1.130084 1.203652
v -2.883148 1.122714 -1.171509
v -2.734050 0.973612 -1.382341
v -2.734050 0.973612 -1.582223
v -2.883148 1.122714 -1.584961
v -2.878346 1.127521 -1.171509
v -2.729240 0.978416 -1.382341
v -2.729240 0.978416 -1.582223
v -2.878346 1.127521 -1.584961
v -3.007493 1.247059 -1.171509
v -3.156598 1.396163 -1.382341
v -3.156598 1.396163 -1.582223
v -3.007493 1.247059 -1.584961
v -3.002689 1.251864 -1.171509
v -3.151793 1.400968 -1.382341
v -3.151793 1.400968 -1.582223
v -3.002689 1.251864 -1.584961
v -2.890292 1.236005 0.798764
v -2.768756 1.357534 0.626921
v -2.768756 1.357534 0.464007
v -2.890292 1.236004 0.461776
v -2.894204 1.239924 0.798764
v -2.772672 1.361455 0.626921
v -2.772672 1.361455 0.464007
v -2.894204 1.239924 0.461776
v -2.991636 1.134654 0.798764
v -3.113169 1.013125 0.626921
v -3.113169 1.013125 0.464007
v -2.991636 1.134654 0.461776
v -2.995549 1.138575 0.798764
v -3.117084 1.017044 0.626921
v -3.117084 1.017044 0.464007
v -2.995549 1.138575 0.461776
v -3.007493 1.127517 -1.171509
v -3.156598 0.978419 -1.382341
v -3.156598 0.978419 -1.582223
v -3.007493 1.127517 -1.584961
v -3.002689 1.122714 -1.171509
v -3.151794 0.973612 -1.382341
v -3.151794 0.973612 -1.582223
v -3.002689 1.122714 -1.584961
v -2.883151 1.251863 -1.171509
v -2.734047 1.400968 -1.382341
v -2.734047 1.400968 -1.582223
v -2.883151 1.251863 -1.584961
v -2.878346 1.247060 -1.171509
v -2.729241 1.396160 -1.382341
v -2.729241 1.396160 -1.582223
v -2.878346 1.247060 -1.584961
v -2.894206 1.134660 0.798764
v -2.772675 1.013125 0.626921
v -2.772675 1.013125 0.464007
v -2.894206 1.134660 0.461776
v -2.890286 1.138574 0.798764
v -2.768755 1.017041 0.626921
v -2.768755 1.017041 0.464007
v -2.890286 1.138574 0.461776
v -2.995556 1.236005 0.798764
v -3.117086 1.357539 0.626921
v -3.117086 1.357539 0.464007
v -2.995556 1.236005 0.461776
v -2.991634 1.239919 0.798764
v -3.113164 1.361452 0.626921
v -3.113164 1.361452 0.464007
v -2.991634 1.239919 0.461776
v -2.477291 1.086535 1.022321
v -2.536437 1.188974 1.022321
v -2.477291 1.291410 1.022321
v -2.359014 1.291410 1.022321
v -2.299866 1.188971 1.022321
v -2.359010 1.086535 1.022321
v -2.477291 1.086535 -1.617992
v -2.536437 1.188973 -1.617992
v -2.477291 1.291409 -1.617992
v -2.359014 1.291409 -1.617992
v -2.299866 1.188971 -1.617992
v -2.359010 1.086535 -1.617992
v -2.418152 1.188973 -1.420979
v -2.469076 1.100771 1.128003
v -2.520000 1.188974 1.128003
v -2.469077 1.277174 1.128003
v -2.367228 1.277174 1.128003
v -2.316306 1.188972 1.128003
v -2.367228 1.100770 1.128003
v -2.418152 1.188974 1.203652
v -2.452153 1.130085 1.203652
v -2.486145 1.188974 1.203652
v -2.452153 1.247861 1.203652
v -2.384153 1.247860 1.203652
v -2.350157 1.188972 1.203652
v -2.384153 1.130084 1.203652
v -2.356697 1.122714 -1.171509
v -2.207599 0.973612 -1.382341
v -2.207599 0.973612 -1.582223
v -2.356697 1.122714 -1.584961
v -2.351894 1.127521 -1.171509
v -2.202791 0.978416 -1.382341
v -2.202791 0.978416 -1.582223
v -2.351894 1.127521 -1.584961
v -2.481042 1.247059 -1.171509
v -2.630149 1.396163 -1.382341
v -2.630149 1.396163 -1.582223
v -2.481042 1.247059 -1.584961
v -2.476239 1.251864 -1.171509
v -2.625340 1.400968 -1.382341
v -2.625340 1.400968 -1.582223
v -2.476239 1.251864 -1.584961
v -2.363838 1.236005 0.798764
v -2.242306 1.357534 0.626921
v -2.242306 1.357534 0.464007
v -2.363838 1.236004 0.461776
v -2.367755 1.239924 0.798764
v -2.246223 1.361455 0.626921
v -2.246223 1.361455 0.464007
v -2.367755 1.239924 0.461776
v -2.465183 1.134654 0.798764
v -2.586717 1.013125 0.626921
v -2.586717 1.013125 0.464007
v -2.465183 1.134654 0.461776
v -2.469099 1.138575 0.798764
v -2.590631 1.017044 0.626921
v -2.590631 1.017044 0.464007
v -2.469099 1.138575 0.461776
v -2.481043 1.127517 -1.171509
v -2.630148 0.978419 -1.382341
v -2.630148 0.978419 -1.582223
v -2.481043 1.127517 -1.584961
v -2.476237 1.122714 -1.171509
v -2.625342 0.973612 -1.382341
v -2.625342 0.973612 -1.582223
v -2.476237 1.122714 -1.584961
v -2.356699 1.251863 -1.171509
v -2.207596 1.400968 -1.382341
v -2.207596 1.400968 -1.582223
v -2.356699 1.251863 -1.584961
v -2.351894 1.247060 -1.171509
v -2.202791 1.396160 -1.382341
v -2.202791 1.396160 -1.582223
v -2.351894 1.247060 -1.584961
v -2.367755 1.134660 0.798764
v -2.246224 1.013125 0.626921
v -2.246224 1.013125 0.464007
v -2.367755 1.134660 0.461776
v -2.363833 1.138574 0.798764
v -2.242305 1.017041 0.626921
v -2.242305 1.017041 0.464007
v -2.363833 1.138574 0.461776
v -2.469103 1.236005 0.798764
v -2.590634 1.357539 0.626921
v -2.590634 1.357539 0.464007
v -2.469103 1.236005 0.461776
v -2.465183 1.239919 0.798764
v -2.586715 1.361452 0.626921
v -2.586715 1.361452 0.464007
v -2.465183 1.239919 0.461776
vt 0.351423 0.632945
vt 0.405960 0.632945
vt 0.460496 0.632945
vt 0.405960 0.688939
vt 0.351423 0.688939
vt 0.460496 0.688939
vt 0.373355 0.957412
vt 0.346469 0.864599
vt 0.387375 0.864896
vt 0.310884 0.957412
vt 0.340595 0.864450
vt 0.302826 0.957412
vt 0.277358 0.478742
vt 0.303114 0.462462
vt 0.274615 0.506984
vt 0.579197 0.767067
vt 0.574489 0.794960
vt 0.569790 0.794933
vt 0.560999 0.767067
vt 0.566118 0.794960
vt 0.855989 0.871053
vt 0.852678 0.764030
vt 0.879595 0.751315
vt 0.982654 0.870018
vt 0.958013 0.751315
vt 0.987519 0.746943
vt 0.238676 0.478742
vt 0.241419 0.506984
vt 0.212919 0.462462
vt 0.727763 0.390406
vt 0.727364 0.400059
vt 0.703137 0.383776
vt 0.510329 0.390487
vt 0.509160 0.517329
vt 0.493547 0.387874
vt 0.337509 0.517329
vt 0.336854 0.390340
vt 0.353856 0.387139
vt 0.402448 0.437801
vt 0.381170 0.395225
vt 0.393948 0.395160
vt 0.380950 0.517329
vt 0.401649 0.517329
vt 0.443753 0.437801
vt 0.465251 0.517329
vt 0.445190 0.517329
vt 0.464590 0.395446
vt 0.452620 0.395087
vt 0.726653 0.406124
vt 0.653076 0.405405
vt 0.652218 0.410399
vt 0.593530 0.416450
vt 0.443228 0.164719
vt 0.444580 0.146504
vt 0.452830 0.164034
vt 0.402784 0.164719
vt 0.393183 0.164034
vt 0.401433 0.146504
vt 0.918804 0.400163
vt 0.880561 0.594496
vt 0.880561 0.410901
vt 0.957047 0.594496
vt 0.957047 0.410901
vt 0.433427 0.413983
vt 0.581918 0.549663
vt 0.613759 0.576404
vt 0.589909 0.599596
vt 0.557663 0.549663
vt 0.550699 0.599596
vt 0.522947 0.577636
vt 0.412774 0.413983
vt 0.550070 0.425945
vt 0.578193 0.423668
vt 0.547757 0.431181
vt 0.630088 0.521940
vt 0.655583 0.512325
vt 0.655583 0.521709
vt 0.400804 0.598075
vt 0.402620 0.586707
vt 0.410832 0.598967
vt 0.445396 0.599858
vt 0.436132 0.599094
vt 0.444727 0.586325
vt 0.593910 0.372695
vt 0.594591 0.397446
vt 0.549738 0.394434
vt 0.651260 0.363302
vt 0.654039 0.383776
vt 0.000000 1.000000
vt 0.304772 0.402620
vt 0.316784 0.403014
vt 0.694863 0.524417
vt 0.655465 0.580489
vt 0.693621 0.580901
vt 0.694567 0.514835
vt 0.543191 0.767067
vt 0.548798 0.794553
vt 0.398541 0.622104
vt 0.417738 0.622719
vt 0.592444 0.767067
vt 0.585827 0.794964
vt 0.447277 0.622741
vt 0.429610 0.622846
vt 0.947444 0.870536
vt 0.890164 0.870536
vt 0.662025 0.506133
vt 0.694586 0.511358
vt 0.211262 0.402620
vt 0.199250 0.403014
vt 0.701057 0.364209
vt 0.304772 0.353522
vt 0.316784 0.353916
vt 0.879595 0.678611
vt 0.848018 0.693398
vt 0.958013 0.678611
vt 0.993215 0.677346
vt 0.211262 0.353522
vt 0.199250 0.353916
vt 0.724284 0.370389
vt 0.310154 0.329290
vt 0.300122 0.328896
vt 0.880561 0.644785
vt 0.847135 0.648648
vt 0.957047 0.644785
vt 0.993580 0.648130
vt 0.205880 0.329290
vt 0.215912 0.328896
vt 0.764190 0.373439
vt 0.761724 0.390406
vt 0.761325 0.399419
vt 0.300122 0.294935
vt 0.310154 0.295329
vt 0.847135 0.598360
vt 0.990473 0.598877
vt 0.215912 0.294935
vt 0.205880 0.295329
vt 0.394309 0.361934
vt 0.367097 0.387256
vt 0.371342 0.353074
vt 0.451892 0.361934
vt 0.480059 0.387476
vt 0.479052 0.351277
vt 0.310154 0.168340
vt 0.300123 0.168340
vt 0.847136 0.410901
vt 0.990473 0.411418
vt 0.205880 0.168340
vt 0.215912 0.168340
vt 0.668776 0.682631
vt 0.661205 0.717882
vt 0.657977 0.712493
vt 0.677184 0.672607
vt 0.662763 0.676111
vt 0.661827 0.684982
vt 0.640526 0.720484
vt 0.645290 0.714756
vt 0.646701 0.740924
vt 0.653797 0.775856
vt 0.637819 0.731331
vt 0.657458 0.770284
vt 0.670358 0.773049
vt 0.674477 0.779208
vt 0.653821 0.743275
vt 0.652240 0.734835
vt 0.523036 0.671038
vt 0.549960 0.670905
vt 0.614698 0.671038
vt 0.590237 0.670905
vt 0.474066 0.345013
vt 0.447517 0.358578
vt 0.449474 0.242658
vt 0.463192 0.331088
vt 0.449474 0.339461
vt 0.464013 0.246993
vt 0.376611 0.349489
vt 0.398684 0.358578
vt 0.393660 0.242658
vt 0.379942 0.331088
vt 0.379120 0.246993
vt 0.393660 0.339461
vt 0.461946 0.243074
vt 0.443766 0.240161
vt 0.443367 0.240161
vt 0.383687 0.243473
vt 0.399367 0.240161
vt 0.536362 0.487211
vt 0.524759 0.487211
vt 0.547757 0.453904
vt 0.578193 0.461418
vt 0.525188 0.434169
vt 0.547757 0.467538
vt 0.525188 0.464550
vt 0.527824 0.430442
vt 0.527824 0.468278
vt 0.550059 0.472419
vt 0.635645 0.581846
vt 0.501256 0.573797
vt 0.471214 0.573886
vt 0.524759 0.514751
vt 0.299445 0.111872
vt 0.281519 0.102436
vt 0.463879 0.573886
vt 0.381418 0.517329
vt 0.345413 0.573797
vt 0.375454 0.573886
vt 0.216589 0.111872
vt 0.234515 0.102436
vt 0.382322 0.573886
vt 0.322909 0.674383
vt 0.329651 0.673203
vt 0.325516 0.676047
vt 0.329651 0.670954
vt 0.322909 0.669774
vt 0.325516 0.668110
vt 0.308730 0.653540
vt 0.322555 0.651119
vt 0.314075 0.656953
vt 0.322555 0.646509
vt 0.308730 0.644088
vt 0.314075 0.640675
vt 0.339393 0.856510
vt 0.419277 0.826332
vt 0.419547 0.853253
vt 0.335692 0.809472
vt 0.419209 0.817753
vt 0.340029 0.797343
vt 0.283487 0.676047
vt 0.283487 0.668110
vt 0.284716 0.674383
vt 0.284716 0.669774
vt 0.439553 0.934960
vt 0.439591 0.993648
vt 0.452398 0.993785
vt 0.410403 0.935264
vt 0.433743 0.993626
vt 0.403411 0.935705
vt 0.439702 0.930961
vt 0.438996 0.845190
vt 0.410403 0.931253
vt 0.452994 0.844536
vt 0.434785 0.844992
vt 0.403411 0.931110
vt 0.272887 0.901523
vt 0.260671 0.788007
vt 0.281102 0.788007
vt 0.210417 0.901523
vt 0.254500 0.788007
vt 0.202358 0.901523
vt 0.032054 0.958464
vt 0.166157 0.917696
vt 0.166367 0.978258
vt 0.032476 0.875021
vt 0.166104 0.905472
vt 0.032054 0.857738
vt 0.227885 0.656953
vt 0.227885 0.640675
vt 0.230405 0.653540
vt 0.230405 0.644088
vt 0.272887 0.908233
vt 0.260671 0.948844
vt 0.210417 0.908233
vt 0.281102 0.948844
vt 0.254500 0.948844
vt 0.202359 0.908233
vt 0.732099 0.733261
vt 0.732741 0.694880
vt 0.765673 0.713736
vt 0.764851 0.752171
vt 0.732741 0.771081
vt 0.699426 0.751609
vt 0.699506 0.713389
vt 0.781246 0.855259
vt 0.806516 0.832465
vt 0.781246 0.818196
vt 0.806516 0.861004
vt 0.781246 0.875273
vt 0.755975 0.861004
vt 0.755975 0.832465
vt 0.732661 0.792891
vt 0.764851 0.771081
vt 0.764851 0.792891
vt 0.699346 0.771081
vt 0.699346 0.792891
vt 0.557987 0.811740
vt 0.684908 0.829636
vt 0.557995 0.829719
vt 0.684901 0.811657
vt 0.558011 0.853356
vt 0.684924 0.853273
vt 0.684932 0.871252
vt 0.558018 0.871335
vt 0.684704 0.830627
vt 0.684697 0.819824
vt 0.684718 0.852235
vt 0.684725 0.863039
vt 0.721719 0.823365
vt 0.721725 0.832483
vt 0.721737 0.850721
vt 0.721743 0.859839
vt 0.532343 0.873082
vt 0.544302 0.836510
vt 0.544302 0.873082
vt 0.532343 0.836510
vt 0.520384 0.836510
vt 0.520384 0.873082
vt 0.262046 0.694336
vt 0.199178 0.763779
vt 0.198968 0.692604
vt 0.261499 0.762395
vt 0.229553 0.765675
vt 0.271107 0.760170
vt 0.269272 0.693673
vt 0.221324 0.676793
vt 0.663627 0.775944
vt 0.666473 0.738775
vt 0.664523 0.741899
vt 0.665740 0.780046
vt 0.646104 0.775312
vt 0.642200 0.778697
vt 0.644672 0.738373
vt 0.647822 0.741658
vt 0.648870 0.715654
vt 0.646024 0.678485
vt 0.646758 0.719756
vt 0.647974 0.681609
vt 0.666393 0.715022
vt 0.670595 0.718407
vt 0.667825 0.678083
vt 0.664676 0.681368
vt 0.979108 0.959213
vt 0.982384 0.954162
vt 0.979108 0.961665
vt 0.979108 0.961559
vt 0.979108 0.963795
vt 0.979108 0.940449
vt 0.979108 0.936570
vt 0.979108 0.935867
vt 0.956415 0.956035
vt 0.971294 0.937435
vt 0.971294 0.956400
vt 0.956415 0.931720
vt 0.971294 0.930820
vt 0.956415 0.923998
vt 0.971294 0.964214
vt 0.956415 0.960703
vt 0.971294 0.960400
vt 0.956415 0.965155
vt 0.971294 0.929622
vt 0.956415 0.922600
vt 0.971294 0.960580
vt 0.956415 0.960914
vt 0.472844 0.952278
vt 0.473124 0.900546
vt 0.473176 0.890918
vt 0.472775 0.965132
vt 0.472809 0.958857
vt 0.473193 0.887700
vt 0.472813 0.958112
vt 0.854367 0.924976
vt 0.954319 0.924976
vt 0.841474 0.924976
vt 0.043279 0.800776
vt 0.062497 0.790371
vt 0.062497 0.811981
vt 0.043184 0.823022
vt 0.023965 0.811817
vt 0.024060 0.789571
vt 0.043373 0.778529
vt 0.132117 0.800776
vt 0.112899 0.811981
vt 0.112899 0.790371
vt 0.132212 0.823022
vt 0.151431 0.811817
vt 0.151336 0.789571
vt 0.132023 0.778529
vt 0.068377 0.816239
vt 0.068377 0.788647
vt 0.062497 0.858521
vt 0.068377 0.842240
vt 0.068377 0.864504
vt 0.062497 0.837981
vt 0.062497 0.814515
vt 0.062497 0.720667
vt 0.068377 0.741737
vt 0.062497 0.746186
vt 0.068377 0.714754
vt 0.062497 0.767544
vt 0.068377 0.769007
vt 0.107019 0.816239
vt 0.107019 0.788647
vt 0.107019 0.864504
vt 0.107019 0.842240
vt 0.107019 0.714754
vt 0.107019 0.741737
vt 0.107019 0.769007
vt 0.112899 0.858521
vt 0.112899 0.837981
vt 0.112899 0.814515
vt 0.112899 0.720667
vt 0.112899 0.746186
vt 0.112899 0.767544
vt 0.135566 0.604347
vt 0.163777 0.607689
vt 0.149671 0.607689
vt 0.121460 0.607689
vt 0.107354 0.607689
vt 0.162542 0.626160
vt 0.189518 0.662530
vt 0.162542 0.662530
vt 0.189518 0.626160
vt 0.108589 0.662530
vt 0.108589 0.626160
vt 0.081613 0.626160
vt 0.081613 0.662530
vt 0.183431 0.616919
vt 0.159498 0.616919
vt 0.111633 0.616919
vt 0.087700 0.616919
vt 0.231207 0.392655
vt 0.226447 0.357309
vt 0.231207 0.367987
vt 0.226447 0.402008
vt 0.278180 0.392655
vt 0.282940 0.402008
vt 0.282940 0.357309
vt 0.278180 0.367987
vt 0.290404 0.544533
vt 0.290804 0.525032
vt 0.046917 0.570414
vt 0.023811 0.570414
vt 0.046917 0.547586
vt 0.023811 0.547586
vt 0.047013 0.544407
vt 0.046999 0.524758
vt 0.035302 0.524744
vt 0.035303 0.544401
vt 0.046941 0.524757
vt 0.028796 0.488072
vt 0.039982 0.506703
vt 0.034388 0.506703
vt 0.023203 0.506703
vt 0.017609 0.506703
vt 0.028796 0.239863
vt 0.032011 0.239863
vt 0.035226 0.239863
vt 0.025580 0.239863
vt 0.022365 0.239863
vt 0.092486 0.407313
vt 0.092486 0.497269
vt 0.052823 0.453185
vt 0.052823 0.496673
vt 0.125565 0.407313
vt 0.165231 0.453185
vt 0.125565 0.497269
vt 0.165231 0.496673
vt 0.093854 0.300937
vt 0.093854 0.374257
vt 0.061524 0.338326
vt 0.061524 0.373771
vt 0.120814 0.300937
vt 0.153145 0.338326
vt 0.120814 0.374257
vt 0.153145 0.373771
vt 0.034388 0.257011
vt 0.039982 0.257011
vt 0.023203 0.257011
vt 0.017609 0.257011
vt 0.033611 0.247017
vt 0.038427 0.247017
vt 0.023980 0.247017
vt 0.019164 0.247017
vt 0.009514 0.696846
vt 0.005639 0.693542
vt 0.005639 0.679525
vt 0.009514 0.676222
vt 0.071834 0.676222
vt 0.075710 0.679525
vt 0.075710 0.693542
vt 0.071834 0.696846
vt 0.018804 0.204625
vt 0.074323 0.018076
vt 0.074323 0.204625
vt 0.018804 0.018076
vt 0.323761 0.116002
vt 0.491912 0.004850
vt 0.491912 0.116002
vt 0.323761 0.004850
vt 0.093765 0.193971
vt 0.141462 0.203730
vt 0.135545 0.193971
vt 0.085943 0.203730
vt 0.093765 0.027640
vt 0.085943 0.017181
vt 0.141462 0.017181
vt 0.135545 0.027640
vt 0.056626 0.665634
vt 0.050433 0.632171
vt 0.056626 0.632171
vt 0.050433 0.665634
vt 0.050433 0.626679
vt 0.056626 0.626679
vt 0.071936 0.626679
vt 0.071936 0.632171
vt 0.038949 0.626679
vt 0.038949 0.632171
vt 0.056626 0.593301
vt 0.050433 0.593301
vt 0.050433 0.587298
vt 0.056626 0.587298
vt 0.038819 0.587298
vt 0.038819 0.593301
vt 0.072851 0.587298
vt 0.072851 0.593301
vt 0.007506 0.662833
vt 0.021261 0.587858
vt 0.021261 0.662833
vt 0.007506 0.587858
usemtl mat1
s 1
f 73/14 79/15 74/15
f 74/15 79/15 75/16
f 75/16 79/15 76/16
f 76/16 79/15 77/15
f 77/15 79/15 78/14
f 78/14 79/15 73/14
f 68/17 67/18 73/14
f 73/14 74/15 68/17
f 74/15 69/19 68/17
f 74/15 75/16 69/19
f 75/16 70/19 69/19
f 75/16 76/16 70/19
f 70/19 77/15 71/17
f 70/19 76/16 77/15
f 77/15 72/18 71/17
f 77/15 78/14 72/18
f 67/18 78/14 73/14
f 67/18 72/18 78/14
f 80/20 82/21 81/22
f 80/20 84/23 82/21
f 83/24 84/23 86/25
f 83/24 82/21 84/23
f 80/20 85/21 87/23
f 80/20 81/22 85/21
f 87/23 83/24 86/25
f 87/23 85/21 83/24
f 85/21 82/21 83/24
f 85/21 81/22 82/21
f 94/26 89/27 88/28
f 103/29 107/30 114/31
f 114/31 100/32 103/29
f 100/32 114/31 106/33
f 93/34 118/35 119/36
f 94/37 120/38 92/39
f 93/40 91/41 122/42
f 138/43 129/44 128/45
f 144/46 210/47 162/48
f 166/49 150/50 164/51
f 176/52 165/53 155/54
f 176/52 167/55 165/53
f 176/52 161/56 167/55
f 177/57 211/58 160/59
f 177/57 163/60 211/58
f 177/57 154/61 163/60
f 184/62 182/63 129/44
f 191/64 99/65 182/63
f 195/66 203/67 99/68
f 196/69 190/70 202/71
f 197/72 148/73 158/74
f 197/72 149/75 148/73
f 197/72 159/76 149/75
f 199/77 154/61 177/57
f 199/78 177/79 181/80
f 198/81 180/82 176/83
f 198/84 176/52 155/54
f 95/85 203/86 200/87
f 209/88 104/89 102/90
f 222/88 215/90 216/89
f 220/56 214/91 221/92
f 214/91 220/56 217/93
f 160/59 101/94 105/95
f 101/94 160/59 208/96
f 230/43 228/45 229/44
f 234/62 229/44 233/63
f 235/64 233/63 227/65
f 98/85 201/87 202/86
f 95/85 89/97 96/98
f 95/85 88/99 89/97
f 203/86 96/98 99/65
f 203/86 95/85 96/98
f 96/98 90/100 97/101
f 96/98 89/97 90/100
f 182/63 96/98 97/101
f 182/63 99/65 96/98
f 98/102 93/102 91/102
f 98/102 202/102 93/102
f 89/27 92/103 90/104
f 89/27 94/26 92/103
f 91/102 95/102 98/102
f 91/102 88/102 95/102
f 88/28 93/40 94/26
f 88/28 91/41 93/40
f 111/105 101/106 102/90
f 111/105 110/107 101/106
f 214/106 112/105 215/90
f 214/106 113/107 112/105
f 104/89 111/105 102/90
f 104/89 109/108 111/105
f 106/33 217/109 100/32
f 106/33 117/110 217/109
f 217/93 113/111 214/91
f 217/93 117/112 113/111
f 105/113 107/30 103/29
f 105/113 116/114 107/30
f 110/115 105/95 101/94
f 110/115 116/116 105/95
f 119/36 94/117 93/118
f 119/36 120/38 94/117
f 121/119 109/108 104/89
f 121/119 115/120 109/108
f 108/108 121/119 216/89
f 108/108 115/120 121/119
f 98/85 122/97 91/99
f 98/85 124/98 122/97
f 124/98 123/100 122/97
f 124/98 125/101 123/100
f 122/42 118/121 93/40
f 122/42 123/122 118/121
f 97/101 126/123 128/45
f 97/101 90/100 126/123
f 182/63 128/45 129/44
f 182/63 97/101 128/45
f 90/104 127/124 126/125
f 90/104 92/103 127/124
f 131/126 118/35 130/127
f 131/126 119/36 118/35
f 92/39 132/128 127/129
f 92/39 120/38 132/128
f 120/38 131/126 132/128
f 120/38 119/36 131/126
f 133/123 125/101 134/45
f 133/123 123/100 125/101
f 130/130 123/122 133/131
f 130/130 118/121 123/122
f 138/43 126/123 136/132
f 138/43 128/45 126/123
f 136/133 127/124 137/134
f 136/133 126/125 127/124
f 140/135 130/127 139/136
f 140/135 131/126 130/127
f 127/129 141/137 137/138
f 127/129 132/128 141/137
f 132/128 140/135 141/137
f 132/128 131/126 140/135
f 133/123 143/43 142/132
f 133/123 134/45 143/43
f 130/130 142/139 139/140
f 130/130 133/131 142/139
f 138/43 144/141 162/142
f 138/43 136/132 144/141
f 146/143 138/43 162/142
f 146/143 129/44 138/43
f 136/133 145/144 144/145
f 136/133 137/134 145/144
f 140/135 147/146 148/73
f 140/135 139/136 147/146
f 145/147 141/137 149/75
f 145/147 137/138 141/137
f 149/75 140/135 148/73
f 149/75 141/137 140/135
f 150/141 143/43 164/142
f 150/141 142/132 143/43
f 147/148 142/139 150/149
f 147/148 139/140 142/139
f 153/150 151/151 135/152
f 153/150 155/54 151/151
f 152/153 146/154 154/61
f 152/153 129/155 146/154
f 153/150 154/61 155/54
f 153/150 152/153 154/61
f 210/156 145/144 156/157
f 210/156 144/145 145/144
f 148/73 157/158 158/74
f 148/73 147/146 157/158
f 156/159 149/75 159/76
f 156/159 145/147 149/75
f 147/148 166/160 157/161
f 147/148 150/149 166/160
f 163/60 210/47 211/58
f 163/60 162/48 210/47
f 166/49 165/53 167/55
f 166/49 164/51 165/53
f 172/162 163/163 173/164
f 172/162 162/165 163/163
f 172/162 146/166 162/165
f 172/162 168/167 146/166
f 168/167 154/168 146/166
f 168/167 170/169 154/168
f 170/169 163/163 154/168
f 170/169 173/164 163/163
f 173/164 168/167 172/162
f 173/164 170/169 168/167
f 174/170 165/171 164/172
f 174/170 175/173 165/171
f 171/174 165/171 175/173
f 171/174 155/175 165/171
f 169/176 155/175 171/174
f 169/176 151/177 155/175
f 174/170 151/177 169/176
f 174/170 164/172 151/177
f 175/173 169/176 171/174
f 175/173 174/170 169/176
f 180/82 161/178 176/83
f 180/82 179/179 161/178
f 181/80 160/180 178/181
f 181/80 177/79 160/180
f 179/179 181/80 178/181
f 179/179 180/82 181/80
f 184/182 152/153 186/183
f 184/182 129/155 152/153
f 188/184 184/185 186/186
f 188/184 182/187 184/185
f 185/188 153/150 135/152
f 185/188 187/189 153/150
f 189/190 185/191 183/192
f 189/190 187/193 185/191
f 186/183 153/150 187/189
f 186/183 152/153 153/150
f 187/193 188/184 186/186
f 187/193 189/190 188/184
f 191/194 188/184 193/195
f 191/194 182/187 188/184
f 191/194 195/66 99/68
f 191/194 193/196 195/66
f 192/197 189/190 183/192
f 192/197 194/198 189/190
f 196/69 192/197 190/70
f 196/69 194/198 192/197
f 193/195 189/190 194/198
f 193/195 188/184 189/190
f 194/198 195/66 193/196
f 194/198 196/69 195/66
f 196/69 203/67 195/66
f 196/69 202/71 203/67
f 161/178 100/32 217/109
f 161/178 179/179 100/32
f 160/180 103/29 178/181
f 160/180 105/113 103/29
f 179/179 103/29 100/32
f 179/179 178/181 103/29
f 197/102 104/102 159/102
f 197/102 121/102 104/102
f 197/199 216/89 121/119
f 197/199 158/200 216/89
f 180/82 199/78 181/80
f 180/82 198/81 199/78
f 154/61 198/84 155/54
f 154/61 199/77 198/84
f 201/201 203/86 202/202
f 201/201 200/87 203/86
f 206/203 201/204 207/205
f 206/203 200/87 201/204
f 204/206 200/87 206/203
f 204/206 95/85 200/87
f 205/102 95/102 204/102
f 205/102 98/102 95/102
f 205/207 201/204 98/208
f 205/207 207/205 201/204
f 207/205 204/206 206/203
f 207/205 205/207 204/206
f 208/209 102/90 101/106
f 208/209 209/88 102/90
f 213/210 211/58 210/47
f 213/210 212/211 211/58
f 159/200 209/88 156/212
f 159/200 104/89 209/88
f 156/157 213/213 210/156
f 156/157 209/214 213/213
f 160/59 212/215 208/96
f 160/59 211/58 212/215
f 221/209 215/90 222/88
f 221/209 214/106 215/90
f 224/216 226/217 223/49
f 224/216 225/218 226/217
f 222/88 219/200 218/212
f 222/88 216/89 219/200
f 226/219 218/161 223/160
f 226/219 222/220 218/161
f 225/221 220/56 221/92
f 225/221 224/55 220/56
f 202/86 124/98 98/85
f 202/86 227/65 124/98
f 124/98 233/63 125/101
f 124/98 227/65 233/63
f 233/63 228/45 125/101
f 233/63 229/44 228/45
f 230/43 231/143 232/142
f 230/43 229/44 231/143
f 112/105 216/89 215/90
f 112/105 108/108 216/89
f 250/222 254/223 251/224
f 259/225 252/226 253/227
f 298/228 302/229 299/230
f 307/231 300/232 301/233
f 334/223 330/222 331/224
f 332/226 339/225 333/227
f 382/229 378/228 379/230
f 380/232 387/231 381/233
f 236/234 238/235 237/236
f 236/234 240/237 238/235
f 239/238 240/237 242/239
f 239/238 238/235 240/237
f 236/234 241/235 243/237
f 236/234 237/236 241/235
f 243/237 239/238 242/239
f 243/237 241/235 239/238
f 244/240 247/241 245/240
f 244/240 246/241 247/241
f 248/242 247/241 249/243
f 248/242 245/240 247/241
f 248/242 252/226 250/222
f 248/242 249/243 252/226
f 256/224 254/223 255/223
f 256/224 251/224 254/223
f 256/224 245/240 251/224
f 256/224 244/240 245/240
f 258/225 253/227 257/227
f 258/225 259/225 253/227
f 246/241 253/227 247/241
f 246/241 257/227 253/227
f 254/223 258/225 255/223
f 254/223 259/225 258/225
f 246/241 244/240 257/227
f 257/227 244/240 258/225
f 258/225 244/240 255/223
f 255/223 244/240 256/224
f 250/222 245/240 248/242
f 250/222 251/224 245/240
f 247/241 252/226 249/243
f 247/241 253/227 252/226
f 252/226 254/223 250/222
f 252/226 259/225 254/223
f 260/244 262/245 261/246
f 260/244 264/247 262/245
f 263/248 264/247 266/249
f 263/248 262/245 264/247
f 260/244 265/245 267/247
f 260/244 261/246 265/245
f 267/247 263/248 266/249
f 267/247 265/245 263/248
f 268/250 270/251 272/252
f 268/250 269/253 270/251
f 272/252 271/254 274/255
f 272/252 270/251 271/254
f 268/250 273/251 269/253
f 268/250 275/252 273/251
f 271/254 275/252 274/255
f 271/254 273/251 275/252
f 276/256 278/257 277/258
f 276/256 280/259 278/257
f 279/260 280/259 282/261
f 279/260 278/257 280/259
f 276/256 281/257 283/259
f 276/256 277/258 281/257
f 283/259 279/260 282/261
f 283/259 281/257 279/260
f 241/235 238/235 239/238
f 241/235 237/236 238/235
f 243/237 240/237 236/234
f 243/237 242/239 240/237
f 265/245 262/245 263/248
f 265/245 261/246 262/245
f 267/247 264/247 260/244
f 267/247 266/249 264/247
f 275/252 272/252 274/255
f 275/252 268/250 272/252
f 273/251 270/251 269/253
f 273/251 271/254 270/251
f 281/257 278/257 279/260
f 281/257 277/258 278/257
f 283/259 280/259 276/256
f 283/259 282/261 280/259
f 284/262 286/263 285/264
f 284/262 288/265 286/263
f 287/266 288/265 290/267
f 287/266 286/263 288/265
f 284/262 289/263 291/265
f 284/262 285/264 289/263
f 291/265 287/266 290/267
f 291/265 289/263 287/266
f 292/268 295/269 293/268
f 292/268 294/269 295/269
f 296/270 295/269 297/271
f 296/270 293/268 295/269
f 296/270 300/232 298/228
f 296/270 297/271 300/232
f 304/230 302/229 303/229
f 304/230 299/230 302/229
f 304/230 293/268 299/230
f 304/230 292/268 293/268
f 306/231 301/233 305/233
f 306/231 307/231 301/233
f 294/269 301/233 295/269
f 294/269 305/233 301/233
f 302/229 306/231 303/229
f 302/229 307/231 306/231
f 294/269 292/268 305/233
f 305/233 292/268 306/231
f 306/231 292/268 303/229
f 303/229 292/268 304/230
f 298/228 293/268 296/270
f 298/228 299/230 293/268
f 295/269 300/232 297/271
f 295/269 301/233 300/232
f 298/228 307/231 302/229
f 298/228 300/232 307/231
f 289/263 286/263 287/266
f 289/263 285/264 286/263
f 291/265 288/265 284/262
f 291/265 290/267 288/265
f 308/272 310/273 312/274
f 308/272 309/275 310/273
f 312/274 311/276 314/277
f 312/274 310/273 311/276
f 308/272 313/273 309/275
f 308/272 315/274 313/273
f 311/276 315/274 314/277
f 311/276 313/273 315/274
f 313/273 310/273 309/275
f 313/273 311/276 310/273
f 312/274 315/274 308/272
f 312/274 314/277 315/274
f 318/235 316/234 317/236
f 318/235 320/237 316/234
f 320/237 319/238 322/239
f 320/237 318/235 319/238
f 321/235 316/234 323/237
f 321/235 317/236 316/234
f 319/238 323/237 322/239
f 319/238 321/235 323/237
f 326/241 325/240 327/241
f 326/241 324/240 325/240
f 327/241 328/242 329/243
f 327/241 325/240 328/242
f 329/243 330/222 332/226
f 329/243 328/242 330/222
f 331/224 335/223 334/223
f 331/224 336/224 335/223
f 324/240 331/224 325/240
f 324/240 336/224 331/224
f 339/225 337/227 333/227
f 339/225 338/225 337/227
f 337/227 327/241 333/227
f 337/227 326/241 327/241
f 339/225 335/223 338/225
f 339/225 334/223 335/223
f 337/227 338/225 326/241
f 326/241 338/225 324/240
f 338/225 335/223 324/240
f 324/240 335/223 336/224
f 325/240 330/222 328/242
f 325/240 331/224 330/222
f 332/226 327/241 329/243
f 332/226 333/227 327/241
f 339/225 330/222 334/223
f 339/225 332/226 330/222
f 342/245 340/244 341/246
f 342/245 344/247 340/244
f 344/247 343/248 346/249
f 344/247 342/245 343/248
f 345/245 340/244 347/247
f 345/245 341/246 340/244
f 343/248 347/247 346/249
f 343/248 345/245 347/247
f 350/251 348/250 352/252
f 350/251 349/253 348/250
f 351/254 352/252 354/255
f 351/254 350/251 352/252
f 353/251 348/250 349/253
f 353/251 355/252 348/250
f 355/252 351/254 354/255
f 355/252 353/251 351/254
f 358/257 356/256 357/258
f 358/257 360/259 356/256
f 360/259 359/260 362/261
f 360/259 358/257 359/260
f 361/257 356/256 363/259
f 361/257 357/258 356/256
f 359/260 363/259 362/261
f 359/260 361/257 363/259
f 318/235 321/235 319/238
f 318/235 317/236 321/235
f 320/237 323/237 316/234
f 320/237 322/239 323/237
f 342/245 345/245 343/248
f 342/245 341/246 345/245
f 344/247 347/247 340/244
f 344/247 346/249 347/247
f 352/252 355/252 354/255
f 352/252 348/250 355/252
f 350/251 353/251 349/253
f 350/251 351/254 353/251
f 358/257 361/257 359/260
f 358/257 357/258 361/257
f 360/259 363/259 356/256
f 360/259 362/261 363/259
f 366/263 364/262 365/264
f 366/263 368/265 364/262
f 368/265 367/266 370/267
f 368/265 366/263 367/266
f 369/263 364/262 371/265
f 369/263 365/264 364/262
f 367/266 371/265 370/267
f 367/266 369/263 371/265
f 374/269 373/268 375/269
f 374/269 372/268 373/268
f 375/269 376/270 377/271
f 375/269 373/268 376/270
f 377/271 378/228 380/232
f 377/271 376/270 378/228
f 379/230 383/229 382/229
f 379/230 384/230 383/229
f 372/268 379/230 373/268
f 372/268 384/230 379/230
f 387/231 385/233 381/233
f 387/231 386/231 385/233
f 385/233 375/269 381/233
f 385/233 374/269 375/269
f 387/231 383/229 386/231
f 387/231 382/229 383/229
f 385/233 386/231 374/269
f 374/269 386/231 372/268
f 386/231 383/229 372/268
f 372/268 383/229 384/230
f 373/268 378/228 376/270
f 373/268 379/230 378/228
f 380/232 375/269 377/271
f 380/232 381/233 375/269
f 387/231 378/228 382/229
f 387/231 380/232 378/228
f 366/263 369/263 367/266
f 366/263 365/264 369/263
f 368/265 371/265 364/262
f 368/265 370/267 371/265
f 390/273 388/272 392/274
f 390/273 389/275 388/272
f 391/276 392/274 394/277
f 391/276 390/273 392/274
f 393/273 388/272 389/275
f 393/273 395/274 388/272
f 395/274 391/276 394/277
f 395/274 393/273 391/276
f 390/273 393/273 389/275
f 390/273 391/276 393/273
f 395/274 392/274 388/272
f 395/274 394/277 392/274
f 396/278 397/279 398/280
f 396/278 398/280 399/281
f 396/278 399/281 400/282
f 396/278 400/282 401/283
f 396/278 401/283 402/284
f 396/278 402/284 397/279
f 409/278 404/280 403/279
f 409/278 405/281 404/280
f 409/278 406/282 405/281
f 409/278 407/283 406/282
f 409/278 408/284 407/283
f 409/278 403/279 408/284
f 434/285 429/286 428/287
f 434/285 430/288 429/286
f 434/285 431/289 430/288
f 434/285 432/290 431/289
f 434/285 433/291 432/290
f 434/285 428/287 433/291
f 397/292 404/293 398/294
f 397/292 403/282 404/293
f 398/294 405/293 399/294
f 398/294 404/293 405/293
f 399/294 406/282 400/292
f 399/294 405/293 406/282
f 400/292 407/295 401/296
f 400/292 406/282 407/295
f 401/296 408/295 402/296
f 401/296 407/295 408/295
f 402/296 403/282 397/292
f 402/296 408/295 403/282
f 410/297 417/298 411/299
f 410/297 416/300 417/298
f 412/301 417/298 418/302
f 412/301 411/299 417/298
f 412/301 419/303 413/304
f 412/301 418/302 419/303
f 414/301 419/303 420/302
f 414/301 413/304 419/303
f 414/301 421/298 415/299
f 414/301 420/302 421/298
f 410/297 421/298 416/300
f 410/297 415/299 421/298
f 423/305 416/300 422/306
f 423/305 417/298 416/300
f 424/307 417/298 423/305
f 424/307 418/302 417/298
f 425/308 418/302 424/307
f 425/308 419/303 418/302
f 425/308 420/302 419/303
f 425/308 426/307 420/302
f 426/307 421/298 420/302
f 426/307 427/305 421/298
f 427/305 416/300 421/298
f 427/305 422/306 416/300
f 428/309 423/305 422/306
f 428/309 429/310 423/305
f 429/310 424/307 423/305
f 429/310 430/311 424/307
f 430/311 425/308 424/307
f 430/311 431/312 425/308
f 432/311 425/308 431/312
f 432/311 426/307 425/308
f 433/310 426/307 432/311
f 433/310 427/305 426/307
f 428/309 427/305 433/310
f 428/309 422/306 427/305
f 435/313 442/314 436/315
f 435/313 441/316 442/314
f 436/315 443/314 437/315
f 436/315 442/314 443/314
f 437/315 444/316 438/313
f 437/315 443/314 444/316
f 438/313 445/317 439/318
f 438/313 444/316 445/317
f 439/318 446/317 440/318
f 439/318 445/317 446/317
f 440/318 441/316 435/313
f 440/318 446/317 441/316
f 454/319 449/320 450/321
f 454/319 453/322 449/320
f 453/322 447/323 449/320
f 453/322 451/324 447/323
f 452/325 447/323 451/324
f 452/325 448/326 447/323
f 454/319 448/326 452/325
f 454/319 450/321 448/326
f 457/327 454/328 458/329
f 457/327 453/330 454/328
f 455/331 453/330 457/327
f 455/331 451/332 453/330
f 455/331 452/333 451/332
f 455/331 456/334 452/333
f 456/334 454/328 452/333
f 456/334 458/329 454/328
f 457/327 456/334 455/331
f 457/327 458/329 456/334
f 461/320 466/319 462/321
f 461/320 465/322 466/319
f 459/323 465/322 461/320
f 459/323 463/324 465/322
f 464/325 459/323 460/326
f 464/325 463/324 459/323
f 466/319 460/326 462/321
f 466/319 464/325 460/326
f 469/335 466/336 465/337
f 469/335 470/338 466/336
f 467/339 465/337 463/340
f 467/339 469/335 465/337
f 464/341 467/339 463/340
f 464/341 468/342 467/339
f 466/336 468/342 464/341
f 466/336 470/338 468/342
f 468/342 469/335 467/339
f 468/342 470/338 469/335
f 499/343 507/344 505/345
f 505/345 507/344 496/346
f 496/346 507/344 503/347
f 503/347 507/344 495/346
f 495/346 507/344 506/345
f 506/345 507/344 502/343
f 502/343 507/344 501/348
f 501/348 507/344 497/349
f 497/349 507/344 504/350
f 504/350 507/344 498/349
f 498/349 507/344 500/348
f 500/348 507/344 499/343
f 475/351 488/352 487/353
f 475/351 476/354 488/352
f 489/352 478/351 490/353
f 489/352 477/354 478/351
f 476/354 486/355 488/352
f 476/354 474/356 486/355
f 485/355 477/354 489/352
f 485/355 473/356 477/354
f 491/357 472/358 484/359
f 491/357 479/360 472/358
f 471/358 491/357 483/359
f 471/358 479/360 491/357
f 474/356 492/361 486/355
f 474/356 480/362 492/361
f 492/361 473/356 485/355
f 492/361 480/362 473/356
f 494/363 471/358 483/359
f 494/363 482/364 471/358
f 490/353 482/364 494/363
f 490/353 478/351 482/364
f 472/358 493/363 484/359
f 472/358 481/364 493/363
f 481/364 487/353 493/363
f 481/364 475/351 487/353
f 487/353 500/348 499/343
f 487/353 488/352 500/348
f 501/348 490/353 502/343
f 501/348 489/352 490/353
f 488/352 498/349 500/348
f 488/352 486/355 498/349
f 497/349 489/352 501/348
f 497/349 485/355 489/352
f 491/357 496/346 503/347
f 491/357 484/359 496/346
f 495/346 491/357 503/347
f 495/346 483/359 491/357
f 486/355 504/350 498/349
f 486/355 492/361 504/350
f 504/350 485/355 497/349
f 504/350 492/361 485/355
f 506/345 483/359 495/346
f 506/345 494/363 483/359
f 502/343 494/363 506/345
f 502/343 490/353 494/363
f 484/359 505/345 496/346
f 484/359 493/363 505/345
f 493/363 499/343 505/345
f 493/363 487/353 499/343
f 512/365 476/354 475/351
f 512/365 513/366 476/354
f 477/354 515/365 478/351
f 477/354 514/366 515/365
f 513/366 474/356 476/354
f 513/366 511/367 474/356
f 473/356 514/366 477/354
f 473/356 510/367 514/366
f 516/368 472/358 479/360
f 516/368 509/369 472/358
f 508/369 479/360 471/358
f 508/369 516/368 479/360
f 511/367 480/362 474/356
f 511/367 517/370 480/362
f 480/362 510/367 473/356
f 480/362 517/370 510/367
f 482/364 508/369 471/358
f 482/364 519/371 508/369
f 478/351 519/371 482/364
f 478/351 515/365 519/371
f 509/369 481/364 472/358
f 509/369 518/371 481/364
f 518/371 475/351 481/364
f 518/371 512/365 475/351
f 523/372 521/372 520/373
f 523/372 522/374 521/372
f 524/375 525/376 526/377
f 524/375 526/377 527/378
f 524/375 527/378 528/379
f 524/375 528/379 529/380
f 524/375 529/380 530/381
f 524/375 530/381 525/376
f 549/382 544/383 543/384
f 549/382 545/385 544/383
f 549/382 546/386 545/385
f 549/382 547/387 546/386
f 549/382 548/388 547/387
f 549/382 543/384 548/388
f 525/376 532/389 526/377
f 525/376 531/390 532/389
f 527/391 532/392 533/393
f 527/391 526/394 532/392
f 528/395 533/393 534/389
f 528/395 527/391 533/393
f 528/396 535/397 529/398
f 528/396 534/399 535/397
f 530/400 535/397 536/401
f 530/400 529/398 535/397
f 525/376 536/401 531/390
f 525/376 530/400 536/401
f 531/390 538/402 532/389
f 531/390 537/403 538/402
f 532/392 539/404 533/393
f 532/392 538/405 539/404
f 533/393 540/402 534/389
f 533/393 539/404 540/402
f 535/397 540/406 541/407
f 535/397 534/399 540/406
f 535/397 542/408 536/401
f 535/397 541/407 542/408
f 536/401 537/403 531/390
f 536/401 542/408 537/403
f 538/402 543/384 544/383
f 538/402 537/403 543/384
f 538/405 545/409 539/404
f 538/405 544/410 545/409
f 539/404 546/411 540/402
f 539/404 545/409 546/411
f 541/407 546/412 547/413
f 541/407 540/406 546/412
f 541/407 548/414 542/408
f 541/407 547/413 548/414
f 542/408 543/384 537/403
f 542/408 548/414 543/384
f 562/415 557/416 556/417
f 562/415 558/417 557/416
f 562/415 559/418 558/417
f 562/415 560/419 559/418
f 562/415 561/418 560/419
f 562/415 556/417 561/418
f 608/102 639/102 610/102
f 610/102 639/102 609/102
f 609/102 639/102 607/102
f 607/102 639/102 608/102
f 593/102 640/102 591/102
f 591/102 640/102 592/102
f 592/102 640/102 594/102
f 594/102 640/102 593/102
f 583/102 641/102 585/102
f 585/102 641/102 586/102
f 586/102 641/102 584/102
f 584/102 641/102 583/102
f 602/102 642/102 600/102
f 600/102 642/102 599/102
f 599/102 642/102 601/102
f 601/102 642/102 602/102
f 563/420 551/421 550/422
f 563/420 564/423 551/421
f 564/423 552/422 551/421
f 564/423 565/420 552/422
f 565/420 553/424 552/422
f 565/420 566/425 553/424
f 553/424 567/426 554/427
f 553/424 566/425 567/426
f 567/426 555/424 554/427
f 567/426 568/425 555/424
f 570/428 556/417 557/416
f 570/428 569/429 556/417
f 569/429 564/423 563/420
f 569/429 570/428 564/423
f 558/417 570/428 557/416
f 558/417 571/429 570/428
f 570/428 565/420 564/423
f 570/428 571/429 565/420
f 559/418 571/429 558/417
f 559/418 572/430 571/429
f 565/420 572/430 566/425
f 565/420 571/429 572/430
f 573/431 559/418 560/419
f 573/431 572/430 559/418
f 566/425 573/431 567/426
f 566/425 572/430 573/431
f 574/430 560/419 561/418
f 574/430 573/431 560/419
f 567/426 574/430 568/425
f 567/426 573/431 574/430
f 569/429 561/418 556/417
f 569/429 574/430 561/418
f 574/430 563/420 568/425
f 574/430 569/429 563/420
f 580/432 578/433 582/434
f 580/432 576/435 578/433
f 579/436 576/435 580/432
f 579/436 575/437 576/435
f 579/436 577/438 575/437
f 579/436 581/439 577/438
f 582/434 577/438 581/439
f 582/434 578/433 577/438
f 582/434 579/436 580/432
f 582/434 581/439 579/436
f 550/422 568/425 563/420
f 550/422 555/424 568/425
f 577/438 576/435 575/437
f 577/438 578/433 576/435
f 589/440 588/441 590/441
f 589/440 587/440 588/441
f 598/441 595/440 597/440
f 598/441 596/441 595/440
f 605/440 604/441 606/441
f 605/440 603/440 604/441
f 614/441 611/440 613/440
f 614/441 612/441 611/440
f 621/442 615/443 619/443
f 621/442 617/442 615/443
f 622/444 617/442 621/442
f 622/444 618/444 617/442
f 620/445 618/444 622/444
f 620/445 616/445 618/444
f 620/445 615/443 616/445
f 620/445 619/443 615/443
f 619/443 622/444 621/442
f 619/443 620/445 622/444
f 617/442 616/445 615/443
f 617/442 618/444 616/445
f 625/446 588/441 587/440
f 625/446 626/447 588/441
f 586/448 625/446 585/449
f 586/448 626/447 625/446
f 623/446 584/448 583/449
f 623/446 624/447 584/448
f 624/447 589/440 590/441
f 624/447 623/446 589/440
f 625/446 583/449 585/449
f 625/446 623/446 583/449
f 623/446 587/440 589/440
f 623/446 625/446 587/440
f 626/447 590/441 588/441
f 626/447 624/447 590/441
f 584/448 626/447 586/448
f 584/448 624/447 626/447
f 630/447 595/440 596/441
f 630/447 629/446 595/440
f 629/446 594/448 593/449
f 629/446 630/447 594/448
f 592/448 627/446 591/449
f 592/448 628/447 627/446
f 627/446 598/441 597/440
f 627/446 628/447 598/441
f 591/449 629/446 593/449
f 591/449 627/446 629/446
f 629/446 597/440 595/440
f 629/446 627/446 597/440
f 628/447 596/441 598/441
f 628/447 630/447 596/441
f 630/447 592/448 594/448
f 630/447 628/447 592/448
f 633/446 604/441 603/440
f 633/446 634/450 604/441
f 634/450 601/449 602/448
f 634/450 633/446 601/449
f 599/449 632/450 600/448
f 599/449 631/446 632/450
f 606/441 631/446 605/440
f 606/441 632/450 631/446
f 633/446 599/449 601/449
f 633/446 631/446 599/449
f 631/446 603/440 605/440
f 631/446 633/446 603/440
f 634/450 606/441 604/441
f 634/450 632/450 606/441
f 600/448 634/450 602/448
f 600/448 632/450 634/450
f 612/441 637/446 611/440
f 612/441 638/450 637/446
f 609/449 638/450 610/448
f 609/449 637/446 638/450
f 636/450 607/449 608/448
f 636/450 635/446 607/449
f 635/446 614/441 613/440
f 635/446 636/450 614/441
f 607/449 637/446 609/449
f 607/449 635/446 637/446
f 637/446 613/440 611/440
f 637/446 635/446 613/440
f 636/450 612/441 614/441
f 636/450 638/450 612/441
f 638/450 608/448 610/448
f 638/450 636/450 608/448
f 655/451 650/452 649/453
f 655/451 651/453 650/452
f 655/451 652/454 651/453
f 655/451 653/455 652/454
f 655/451 654/454 653/455
f 655/451 649/453 654/454
f 662/456 663/457 664/458
f 662/456 664/458 665/457
f 662/456 665/457 666/459
f 662/456 666/459 667/460
f 662/456 667/460 668/459
f 662/456 668/459 663/457
f 673/461 676/462 674/463
f 674/463 676/462 675/464
f 672/462 669/461 670/463
f 672/462 670/463 671/464
f 681/465 682/466 684/467
f 682/466 683/468 684/467
f 680/467 678/466 677/465
f 680/467 679/468 678/466
f 689/469 692/470 690/471
f 690/471 692/470 691/472
f 688/470 685/469 686/471
f 688/470 686/471 687/472
f 697/473 698/474 700/475
f 698/474 699/476 700/475
f 696/475 694/474 693/473
f 696/475 695/476 694/474
f 881/461 884/462 882/463
f 882/463 884/462 883/464
f 880/462 877/461 878/463
f 880/462 878/463 879/464
f 889/465 890/466 892/467
f 890/466 891/468 892/467
f 888/467 886/466 885/465
f 888/467 887/468 886/466
f 897/469 900/470 898/471
f 898/471 900/470 899/472
f 896/470 893/469 894/471
f 896/470 894/471 895/472
f 905/473 906/474 908/475
f 906/474 907/476 908/475
f 904/475 902/474 901/473
f 904/475 903/476 902/474
f 921/451 916/452 915/453
f 921/451 917/453 916/452
f 921/451 918/454 917/453
f 921/451 919/455 918/454
f 921/451 920/454 919/455
f 921/451 915/453 920/454
f 928/456 929/457 930/458
f 928/456 930/458 931/457
f 928/456 931/457 932/459
f 928/456 932/459 933/460
f 928/456 933/460 934/459
f 928/456 934/459 929/457
f 939/461 942/462 940/463
f 940/463 942/462 941/464
f 938/462 935/461 936/463
f 938/462 936/463 937/464
f 947/465 948/466 950/467
f 948/466 949/468 950/467
f 946/467 944/466 943/465
f 946/467 945/468 944/466
f 955/469 958/470 956/471
f 956/471 958/470 957/472
f 954/470 951/469 952/471
f 954/470 952/471 953/472
f 963/473 964/474 966/475
f 964/474 965/476 966/475
f 962/475 960/474 959/473
f 962/475 961/476 960/474
f 971/461 974/462 972/463
f 972/463 974/462 973/464
f 970/462 967/461 968/463
f 970/462 968/463 969/464
f 979/465 980/466 982/467
f 980/466 981/468 982/467
f 978/467 976/466 975/465
f 978/467 977/468 976/466
f 987/469 990/470 988/471
f 988/471 990/470 989/472
f 986/470 983/469 984/471
f 986/470 984/471 985/472
f 995/473 996/474 998/475
f 996/474 997/476 998/475
f 994/475 992/474 991/473
f 994/475 993/476 992/474
f 1011/451 1006/452 1005/453
f 1011/451 1007/453 1006/452
f 1011/451 1008/454 1007/453
f 1011/451 1009/455 1008/454
f 1011/451 1010/454 1009/455
f 1011/451 1005/453 1010/454
f 1018/456 1019/457 1020/458
f 1018/456 1020/458 1021/457
f 1018/456 1021/457 1022/459
f 1018/456 1022/459 1023/460
f 1018/456 1023/460 1024/459
f 1018/456 1024/459 1019/457
f 1029/461 1032/462 1030/463
f 1030/463 1032/462 1031/464
f 1028/462 1025/461 1026/463
f 1028/462 1026/463 1027/464
f 1037/465 1038/466 1040/467
f 1038/466 1039/468 1040/467
f 1036/467 1034/466 1033/465
f 1036/467 1035/468 1034/466
f 1045/469 1048/470 1046/471
f 1046/471 1048/470 1047/472
f 1044/470 1041/469 1042/471
f 1044/470 1042/471 1043/472
f 1053/473 1054/474 1056/475
f 1054/474 1055/476 1056/475
f 1052/475 1050/474 1049/473
f 1052/475 1051/476 1050/474
f 1061/461 1064/462 1062/463
f 1062/463 1064/462 1063/464
f 1060/462 1057/461 1058/463
f 1060/462 1058/463 1059/464
f 1069/465 1070/466 1072/467
f 1070/466 1071/468 1072/467
f 1068/467 1066/466 1065/465
f 1068/467 1067/468 1066/466
f 1077/469 1080/470 1078/471
f 1078/471 1080/470 1079/472
f 1076/470 1073/469 1074/471
f 1076/470 1074/471 1075/472
f 1085/473 1086/474 1088/475
f 1086/474 1087/476 1088/475
f 1084/475 1082/474 1081/473
f 1084/475 1083/476 1082/474
f 1101/451 1096/452 1095/453
f 1101/451 1097/453 1096/452
f 1101/451 1098/454 1097/453
f 1101/451 1099/455 1098/454
f 1101/451 1100/454 1099/455
f 1101/451 1095/453 1100/454
f 1108/456 1109/457 1110/458
f 1108/456 1110/458 1111/457
f 1108/456 1111/457 1112/459
f 1108/456 1112/459 1113/460
f 1108/456 1113/460 1114/459
f 1108/456 1114/459 1109/457
f 1119/461 1122/462 1120/463
f 1120/463 1122/462 1121/464
f 1118/462 1115/461 1116/463
f 1118/462 1116/463 1117/464
f 1127/465 1128/466 1130/467
f 1128/466 1129/468 1130/467
f 1126/467 1124/466 1123/465
f 1126/467 1125/468 1124/466
f 1135/469 1138/470 1136/471
f 1136/471 1138/470 1137/472
f 1134/470 1131/469 1132/471
f 1134/470 1132/471 1133/472
f 1143/473 1144/474 1146/475
f 1144/474 1145/476 1146/475
f 1142/475 1140/474 1139/473
f 1142/475 1141/476 1140/474
f 1151/461 1154/462 1152/463
f 1152/463 1154/462 1153/464
f 1150/462 1147/461 1148/463
f 1150/462 1148/463 1149/464
f 1159/465 1160/466 1162/467
f 1160/466 1161/468 1162/467
f 1158/467 1156/466 1155/465
f 1158/467 1157/468 1156/466
f 1167/469 1170/470 1168/471
f 1168/471 1170/470 1169/472
f 1166/470 1163/469 1164/471
f 1166/470 1164/471 1165/472
f 1175/473 1176/474 1178/475
f 1176/474 1177/476 1178/475
f 1174/475 1172/474 1171/473
f 1174/475 1173/476 1172/474
f 1186/452 1191/451 1185/453
f 1187/453 1191/451 1186/452
f 1188/454 1191/451 1187/453
f 1189/455 1191/451 1188/454
f 1190/454 1191/451 1189/455
f 1185/453 1191/451 1190/454
f 1199/457 1198/456 1200/458
f 1200/458 1198/456 1201/457
f 1201/457 1198/456 1202/459
f 1202/459 1198/456 1203/460
f 1203/460 1198/456 1204/459
f 1204/459 1198/456 1199/457
f 1212/462 1209/461 1210/463
f 1212/462 1210/463 1211/464
f 1205/461 1208/462 1206/463
f 1206/463 1208/462 1207/464
f 1218/466 1217/465 1220/467
f 1219/468 1218/466 1220/467
f 1214/466 1216/467 1213/465
f 1215/468 1216/467 1214/466
f 1228/470 1225/469 1226/471
f 1228/470 1226/471 1227/472
f 1221/469 1224/470 1222/471
f 1222/471 1224/470 1223/472
f 1234/474 1233/473 1236/475
f 1235/476 1234/474 1236/475
f 1230/474 1232/475 1229/473
f 1231/476 1232/475 1230/474
f 1420/462 1417/461 1418/463
f 1420/462 1418/463 1419/464
f 1413/461 1416/462 1414/463
f 1414/463 1416/462 1415/464
f 1426/466 1425/465 1428/467
f 1427/468 1426/466 1428/467
f 1422/466 1424/467 1421/465
f 1423/468 1424/467 1422/466
f 1436/470 1433/469 1434/471
f 1436/470 1434/471 1435/472
f 1429/469 1432/470 1430/471
f 1430/471 1432/470 1431/472
f 1442/474 1441/473 1444/475
f 1443/476 1442/474 1444/475
f 1438/474 1440/475 1437/473
f 1439/476 1440/475 1438/474
f 1452/452 1457/451 1451/453
f 1453/453 1457/451 1452/452
f 1454/454 1457/451 1453/453
f 1455/455 1457/451 1454/454
f 1456/454 1457/451 1455/455
f 1451/453 1457/451 1456/454
f 1465/457 1464/456 1466/458
f 1466/458 1464/456 1467/457
f 1467/457 1464/456 1468/459
f 1468/459 1464/456 1469/460
f 1469/460 1464/456 1470/459
f 1470/459 1464/456 1465/457
f 1478/462 1475/461 1476/463
f 1478/462 1476/463 1477/464
f 1471/461 1474/462 1472/463
f 1472/463 1474/462 1473/464
f 1484/466 1483/465 1486/467
f 1485/468 1484/466 1486/467
f 1480/466 1482/467 1479/465
f 1481/468 1482/467 1480/466
f 1494/470 1491/469 1492/471
f 1494/470 1492/471 1493/472
f 1487/469 1490/470 1488/471
f 1488/471 1490/470 1489/472
f 1500/474 1499/473 1502/475
f 1501/476 1500/474 1502/475
f 1496/474 1498/475 1495/473
f 1497/476 1498/475 1496/474
f 1510/462 1507/461 1508/463
f 1510/462 1508/463 1509/464
f 1503/461 1506/462 1504/463
f 1504/463 1506/462 1505/464
f 1516/466 1515/465 1518/467
f 1517/468 1516/466 1518/467
f 1512/466 1514/467 1511/465
f 1513/468 1514/467 1512/466
f 1526/470 1523/469 1524/471
f 1526/470 1524/471 1525/472
f 1519/469 1522/470 1520/471
f 1520/471 1522/470 1521/472
f 1532/474 1531/473 1534/475
f 1533/476 1532/474 1534/475
f 1528/474 1530/475 1527/473
f 1529/476 1530/475 1528/474
f 1542/452 1547/451 1541/453
f 1543/453 1547/451 1542/452
f 1544/454 1547/451 1543/453
f 1545/455 1547/451 1544/454
f 1546/454 1547/451 1545/455
f 1541/453 1547/451 1546/454
f 1555/457 1554/456 1556/458
f 1556/458 1554/456 1557/457
f 1557/457 1554/456 1558/459
f 1558/459 1554/456 1559/460
f 1559/460 1554/456 1560/459
f 1560/459 1554/456 1555/457
f 1568/462 1565/461 1566/463
f 1568/462 1566/463 1567/464
f 1561/461 1564/462 1562/463
f 1562/463 1564/462 1563/464
f 1574/466 1573/465 1576/467
f 1575/468 1574/466 1576/467
f 1570/466 1572/467 1569/465
f 1571/468 1572/467 1570/466
f 1584/470 1581/469 1582/471
f 1584/470 1582/471 1583/472
f 1577/469 1580/470 1578/471
f 1578/471 1580/470 1579/472
f 1590/474 1589/473 1592/475
f 1591/476 1590/474 1592/475
f 1586/474 1588/475 1585/473
f 1587/476 1588/475 1586/474
f 1600/462 1597/461 1598/463
f 1600/462 1598/463 1599/464
f 1593/461 1596/462 1594/463
f 1594/463 1596/462 1595/464
f 1606/466 1605/465 1608/467
f 1607/468 1606/466 1608/467
f 1602/466 1604/467 1601/465
f 1603/468 1604/467 1602/466
f 1616/470 1613/469 1614/471
f 1616/470 1614/471 1615/472
f 1609/469 1612/470 1610/471
f 1610/471 1612/470 1611/472
f 1622/474 1621/473 1624/475
f 1623/476 1622/474 1624/475
f 1618/474 1620/475 1617/473
f 1619/476 1620/475 1618/474
f 1632/452 1637/451 1631/453
f 1633/453 1637/451 1632/452
f 1634/454 1637/451 1633/453
f 1635/455 1637/451 1634/454
f 1636/454 1637/451 1635/455
f 1631/453 1637/451 1636/454
f 1645/457 1644/456 1646/458
f 1646/458 1644/456 1647/457
f 1647/457 1644/456 1648/459
f 1648/459 1644/456 1649/460
f 1649/460 1644/456 1650/459
f 1650/459 1644/456 1645/457
f 1658/462 1655/461 1656/463
f 1658/462 1656/463 1657/464
f 1651/461 1654/462 1652/463
f 1652/463 1654/462 1653/464
f 1664/466 1663/465 1666/467
f 1665/468 1664/466 1666/467
f 1660/466 1662/467 1659/465
f 1661/468 1662/467 1660/466
f 1674/470 1671/469 1672/471
f 1674/470 1672/471 1673/472
f 1667/469 1670/470 1668/471
f 1668/471 1670/470 1669/472
f 1680/474 1679/473 1682/475
f 1681/476 1680/474 1682/475
f 1676/474 1678/475 1675/473
f 1677/476 1678/475 1676/474
f 1690/462 1687/461 1688/463
f 1690/462 1688/463 1689/464
f 1683/461 1686/462 1684/463
f 1684/463 1686/462 1685/464
f 1696/466 1695/465 1698/467
f 1697/468 1696/466 1698/467
f 1692/466 1694/467 1691/465
f 1693/468 1694/467 1692/466
f 1706/470 1703/469 1704/471
f 1706/470 1704/471 1705/472
f 1699/469 1702/470 1700/471
f 1700/471 1702/470 1701/472
f 1712/474 1711/473 1714/475
f 1713/476 1712/474 1714/475
f 1708/474 1710/475 1707/473
f 1709/476 1710/475 1708/474
f 643/477 650/452 644/478
f 643/477 649/453 650/452
f 644/478 651/453 645/477
f 644/478 650/452 651/453
f 645/477 652/454 646/479
f 645/477 651/453 652/454
f 646/479 653/455 647/480
f 646/479 652/454 653/455
f 647/480 654/454 648/479
f 647/480 653/455 654/454
f 648/479 649/453 643/477
f 648/479 654/454 649/453
f 656/481 644/478 657/482
f 656/481 643/477 644/478
f 658/481 644/478 645/477
f 658/481 657/482 644/478
f 659/483 645/477 646/479
f 659/483 658/481 645/477
f 660/484 646/479 647/480
f 660/484 659/483 646/479
f 660/484 648/479 661/483
f 660/484 647/480 648/479
f 661/483 643/477 656/481
f 661/483 648/479 643/477
f 663/457 657/482 664/458
f 663/457 656/481 657/482
f 665/457 657/482 658/481
f 665/457 664/458 657/482
f 666/459 658/481 659/483
f 666/459 665/457 658/481
f 666/459 660/484 667/460
f 666/459 659/483 660/484
f 668/459 660/484 661/483
f 668/459 667/460 660/484
f 668/459 656/481 663/457
f 668/459 661/483 656/481
f 674/463 669/461 673/461
f 674/463 670/463 669/461
f 673/461 672/462 676/462
f 673/461 669/461 672/462
f 675/464 670/463 674/463
f 675/464 671/464 670/463
f 676/462 671/464 675/464
f 676/462 672/462 671/464
f 682/466 677/465 678/466
f 682/466 681/465 677/465
f 681/465 680/467 677/465
f 681/465 684/467 680/467
f 683/468 678/466 679/468
f 683/468 682/466 678/466
f 684/467 679/468 680/467
f 684/467 683/468 679/468
f 689/469 686/471 685/469
f 689/469 690/471 686/471
f 689/469 688/470 692/470
f 689/469 685/469 688/470
f 691/472 686/471 690/471
f 691/472 687/472 686/471
f 692/470 687/472 691/472
f 692/470 688/470 687/472
f 698/474 693/473 694/474
f 698/474 697/473 693/473
f 697/473 696/475 693/473
f 697/473 700/475 696/475
f 699/476 694/474 695/476
f 699/476 698/474 694/474
f 700/475 695/476 696/475
f 700/475 699/476 695/476
f 704/485 701/486 702/486
f 704/485 703/485 701/486
f 707/487 706/488 705/488
f 707/487 708/487 706/488
f 701/486 707/487 702/486
f 701/486 708/487 707/487
f 711/489 709/490 710/490
f 711/489 712/489 709/490
f 705/488 712/489 711/489
f 705/488 706/488 712/489
f 715/491 713/492 714/492
f 715/491 716/491 713/492
f 703/485 714/492 713/492
f 703/485 704/485 714/492
f 715/491 709/490 716/491
f 715/491 710/490 709/490
f 711/489 710/490 705/488
f 705/488 710/490 707/487
f 707/487 710/490 702/486
f 710/490 715/491 702/486
f 702/486 715/491 704/485
f 704/485 715/491 714/492
f 706/488 708/487 712/489
f 712/489 708/487 709/490
f 709/490 708/487 716/491
f 708/487 701/486 716/491
f 716/491 701/486 713/492
f 713/492 701/486 703/485
f 720/485 717/486 718/486
f 720/485 719/485 717/486
f 723/487 722/488 721/488
f 723/487 724/487 722/488
f 717/486 723/487 718/486
f 717/486 724/487 723/487
f 727/489 725/490 726/490
f 727/489 728/489 725/490
f 721/488 728/489 727/489
f 721/488 722/488 728/489
f 731/491 729/492 730/492
f 731/491 732/491 729/492
f 719/485 730/492 729/492
f 719/485 720/485 730/492
f 731/491 725/490 732/491
f 731/491 726/490 725/490
f 727/489 726/490 721/488
f 721/488 726/490 723/487
f 723/487 726/490 718/486
f 726/490 731/491 718/486
f 718/486 731/491 720/485
f 720/485 731/491 730/492
f 722/488 724/487 728/489
f 728/489 724/487 725/490
f 725/490 724/487 732/491
f 724/487 717/486 732/491
f 732/491 717/486 729/492
f 729/492 717/486 719/485
f 733/493 736/494 735/495
f 733/493 734/496 736/494
f 735/497 738/498 737/499
f 735/497 736/500 738/498
f 739/499 734/500 733/497
f 739/499 740/498 734/500
f 739/499 735/497 737/499
f 739/499 733/497 735/497
f 734/500 738/498 736/500
f 734/500 740/498 738/498
f 743/501 737/502 741/503
f 743/501 739/504 737/502
f 744/505 739/504 743/501
f 744/505 740/506 739/504
f 744/505 738/507 740/506
f 744/505 742/508 738/507
f 742/508 737/502 738/507
f 742/508 741/503 737/502
f 741/503 744/505 743/501
f 741/503 742/508 744/505
f 745/509 748/510 747/511
f 745/509 746/512 748/510
f 749/511 752/512 751/509
f 749/511 750/510 752/512
f 751/509 747/511 749/511
f 751/509 745/509 747/511
f 746/512 750/510 748/510
f 746/512 752/512 750/510
f 756/513 749/511 755/514
f 756/513 750/510 749/511
f 753/514 748/510 754/513
f 753/514 747/511 748/510
f 759/515 755/514 760/515
f 759/515 753/514 755/514
f 757/516 753/514 759/515
f 757/516 747/511 753/514
f 758/516 747/511 757/516
f 758/516 749/511 747/511
f 760/515 749/511 758/516
f 760/515 755/514 749/511
f 764/517 754/513 763/517
f 764/517 756/513 754/513
f 762/518 756/513 764/517
f 762/518 750/510 756/513
f 761/518 750/510 762/518
f 761/518 748/510 750/510
f 763/517 748/510 761/518
f 763/517 754/513 748/510
f 767/519 753/514 765/519
f 767/519 755/514 753/514
f 768/520 755/514 767/519
f 768/520 756/513 755/514
f 766/520 756/513 768/520
f 766/520 754/513 756/513
f 765/519 754/513 766/520
f 765/519 753/514 754/513
f 772/521 767/519 771/522
f 772/521 768/520 767/519
f 769/522 766/520 770/521
f 769/522 765/519 766/520
f 769/522 772/521 771/522
f 769/522 770/521 772/521
f 776/523 770/521 775/523
f 776/523 772/521 770/521
f 774/524 772/521 776/523
f 774/524 768/520 772/521
f 773/524 768/520 774/524
f 773/524 766/520 768/520
f 775/523 766/520 773/524
f 775/523 770/521 766/520
f 779/525 771/522 780/525
f 779/525 769/522 771/522
f 777/526 769/522 779/525
f 777/526 765/519 769/522
f 778/526 765/519 777/526
f 778/526 767/519 765/519
f 780/525 767/519 778/526
f 780/525 771/522 767/519
f 781/527 784/528 783/529
f 781/527 782/530 784/528
f 783/529 786/528 785/529
f 783/529 784/528 786/528
f 785/529 788/530 787/527
f 785/529 786/528 788/530
f 787/527 782/530 781/527
f 787/527 788/530 782/530
f 782/530 786/528 784/528
f 782/530 788/530 786/528
f 791/485 790/486 789/486
f 791/485 792/485 790/486
f 796/487 793/488 794/488
f 796/487 795/487 793/488
f 796/487 790/486 795/487
f 796/487 789/486 790/486
f 800/489 798/490 797/490
f 800/489 799/489 798/490
f 794/488 799/489 800/489
f 794/488 793/488 799/489
f 804/491 802/492 801/492
f 804/491 803/491 802/492
f 792/485 801/492 802/492
f 792/485 791/485 801/492
f 798/490 804/491 797/490
f 798/490 803/491 804/491
f 793/488 795/487 799/489
f 799/489 795/487 798/490
f 798/490 795/487 803/491
f 795/487 790/486 803/491
f 803/491 790/486 802/492
f 802/492 790/486 792/485
f 800/489 797/490 794/488
f 794/488 797/490 796/487
f 796/487 797/490 789/486
f 797/490 804/491 789/486
f 789/486 804/491 791/485
f 791/485 804/491 801/492
f 807/485 806/486 805/486
f 807/485 808/485 806/486
f 812/487 809/488 810/488
f 812/487 811/487 809/488
f 812/487 806/486 811/487
f 812/487 805/486 806/486
f 816/489 814/490 813/490
f 816/489 815/489 814/490
f 810/488 815/489 816/489
f 810/488 809/488 815/489
f 820/491 818/492 817/492
f 820/491 819/491 818/492
f 808/485 817/492 818/492
f 808/485 807/485 817/492
f 814/490 820/491 813/490
f 814/490 819/491 820/491
f 809/488 811/487 815/489
f 815/489 811/487 814/490
f 814/490 811/487 819/491
f 811/487 806/486 819/491
f 819/491 806/486 818/492
f 818/492 806/486 808/485
f 816/489 813/490 810/488
f 810/488 813/490 812/487
f 812/487 813/490 805/486
f 813/490 820/491 805/486
f 805/486 820/491 807/485
f 807/485 820/491 817/492
f 822/512 823/511 824/510
f 822/512 821/509 823/511
f 826/510 827/509 828/512
f 826/510 825/511 827/509
f 821/509 825/511 823/511
f 821/509 827/509 825/511
f 828/512 824/510 826/510
f 828/512 822/512 824/510
f 826/510 831/514 825/511
f 826/510 832/513 831/514
f 823/511 830/513 824/510
f 823/511 829/514 830/513
f 829/514 836/515 831/514
f 829/514 835/515 836/515
f 823/511 835/515 829/514
f 823/511 833/516 835/515
f 825/511 833/516 823/511
f 825/511 834/516 833/516
f 831/514 834/516 825/511
f 831/514 836/515 834/516
f 832/513 839/517 830/513
f 832/513 840/517 839/517
f 826/510 840/517 832/513
f 826/510 838/518 840/517
f 824/510 838/518 826/510
f 824/510 837/518 838/518
f 830/513 837/518 824/510
f 830/513 839/517 837/518
f 831/514 841/519 829/514
f 831/514 843/519 841/519
f 832/513 843/519 831/514
f 832/513 844/520 843/519
f 830/513 844/520 832/513
f 830/513 842/520 844/520
f 829/514 842/520 830/513
f 829/514 841/519 842/520
f 844/520 847/522 843/519
f 844/520 848/521 847/522
f 841/519 846/521 842/520
f 841/519 845/522 846/521
f 846/521 847/522 848/521
f 846/521 845/522 847/522
f 848/521 851/523 846/521
f 848/521 852/523 851/523
f 844/520 852/523 848/521
f 844/520 850/524 852/523
f 842/520 850/524 844/520
f 842/520 849/524 850/524
f 846/521 849/524 842/520
f 846/521 851/523 849/524
f 845/522 856/525 847/522
f 845/522 855/525 856/525
f 841/519 855/525 845/522
f 841/519 853/526 855/525
f 843/519 853/526 841/519
f 843/519 854/526 853/526
f 847/522 854/526 843/519
f 847/522 856/525 854/526
f 858/530 859/529 860/528
f 858/530 857/527 859/529
f 860/528 861/529 862/528
f 860/528 859/529 861/529
f 862/528 863/527 864/530
f 862/528 861/529 863/527
f 864/530 857/527 858/530
f 864/530 863/527 857/527
f 864/530 860/528 862/528
f 864/530 858/530 860/528
f 865/493 868/494 867/495
f 865/493 866/496 868/494
f 867/497 870/498 869/499
f 867/497 868/500 870/498
f 871/499 866/500 865/497
f 871/499 872/498 866/500
f 871/499 867/497 869/499
f 871/499 865/497 867/497
f 866/500 870/498 868/500
f 866/500 872/498 870/498
f 875/501 869/502 873/503
f 875/501 871/504 869/502
f 876/505 871/504 875/501
f 876/505 872/506 871/504
f 876/505 870/507 872/506
f 876/505 874/508 870/507
f 874/508 869/502 870/507
f 874/508 873/503 869/502
f 873/503 876/505 875/501
f 873/503 874/508 876/505
f 881/461 878/463 877/461
f 881/461 882/463 878/463
f 881/461 880/462 884/462
f 881/461 877/461 880/462
f 883/464 878/463 882/463
f 883/464 879/464 878/463
f 884/462 879/464 883/464
f 884/462 880/462 879/464
f 890/466 885/465 886/466
f 890/466 889/465 885/465
f 889/465 888/467 885/465
f 889/465 892/467 888/467
f 891/468 886/466 887/468
f 891/468 890/466 886/466
f 892/467 887/468 888/467
f 892/467 891/468 887/468
f 898/471 893/469 897/469
f 898/471 894/471 893/469
f 897/469 896/470 900/470
f 897/469 893/469 896/470
f 899/472 894/471 898/471
f 899/472 895/472 894/471
f 899/472 896/470 895/472
f 899/472 900/470 896/470
f 906/474 901/473 902/474
f 906/474 905/473 901/473
f 905/473 904/475 901/473
f 905/473 908/475 904/475
f 907/476 902/474 903/476
f 907/476 906/474 902/474
f 908/475 903/476 904/475
f 908/475 907/476 903/476
f 909/477 916/452 910/478
f 909/477 915/453 916/452
f 910/478 917/453 911/477
f 910/478 916/452 917/453
f 911/477 918/454 912/479
f 911/477 917/453 918/454
f 912/479 919/455 913/480
f 912/479 918/454 919/455
f 913/480 920/454 914/479
f 913/480 919/455 920/454
f 914/479 915/453 909/477
f 914/479 920/454 915/453
f 922/481 910/478 923/482
f 922/481 909/477 910/478
f 924/481 910/478 911/477
f 924/481 923/482 910/478
f 925/483 911/477 912/479
f 925/483 924/481 911/477
f 926/484 912/479 913/480
f 926/484 925/483 912/479
f 926/484 914/479 927/483
f 926/484 913/480 914/479
f 927/483 909/477 922/481
f 927/483 914/479 909/477
f 929/457 923/482 930/458
f 929/457 922/481 923/482
f 931/457 923/482 924/481
f 931/457 930/458 923/482
f 932/459 924/481 925/483
f 932/459 931/457 924/481
f 932/459 926/484 933/460
f 932/459 925/483 926/484
f 934/459 926/484 927/483
f 934/459 933/460 926/484
f 934/459 922/481 929/457
f 934/459 927/483 922/481
f 940/463 935/461 939/461
f 940/463 936/463 935/461
f 939/461 938/462 942/462
f 939/461 935/461 938/462
f 941/464 936/463 940/463
f 941/464 937/464 936/463
f 942/462 937/464 941/464
f 942/462 938/462 937/464
f 948/466 943/465 944/466
f 948/466 947/465 943/465
f 947/465 946/467 943/465
f 947/465 950/467 946/467
f 949/468 944/466 945/468
f 949/468 948/466 944/466
f 950/467 945/468 946/467
f 950/467 949/468 945/468
f 955/469 952/471 951/469
f 955/469 956/471 952/471
f 955/469 954/470 958/470
f 955/469 951/469 954/470
f 957/472 952/471 956/471
f 957/472 953/472 952/471
f 958/470 953/472 957/472
f 958/470 954/470 953/472
f 964/474 959/473 960/474
f 964/474 963/473 959/473
f 963/473 962/475 959/473
f 963/473 966/475 962/475
f 965/476 960/474 961/476
f 965/476 964/474 960/474
f 966/475 961/476 962/475
f 966/475 965/476 961/476
f 971/461 968/463 967/461
f 971/461 972/463 968/463
f 971/461 970/462 974/462
f 971/461 967/461 970/462
f 973/464 968/463 972/463
f 973/464 969/464 968/463
f 974/462 969/464 973/464
f 974/462 970/462 969/464
f 980/466 975/465 976/466
f 980/466 979/465 975/465
f 979/465 978/467 975/465
f 979/465 982/467 978/467
f 981/468 976/466 977/468
f 981/468 980/466 976/466
f 982/467 977/468 978/467
f 982/467 981/468 977/468
f 988/471 983/469 987/469
f 988/471 984/471 983/469
f 987/469 986/470 990/470
f 987/469 983/469 986/470
f 989/472 984/471 988/471
f 989/472 985/472 984/471
f 989/472 986/470 985/472
f 989/472 990/470 986/470
f 996/474 991/473 992/474
f 996/474 995/473 991/473
f 995/473 994/475 991/473
f 995/473 998/475 994/475
f 997/476 992/474 993/476
f 997/476 996/474 992/474
f 998/475 993/476 994/475
f 998/475 997/476 993/476
f 999/477 1006/452 1000/478
f 999/477 1005/453 1006/452
f 1000/478 1007/453 1001/477
f 1000/478 1006/452 1007/453
f 1001/477 1008/454 1002/479
f 1001/477 1007/453 1008/454
f 1002/479 1009/455 1003/480
f 1002/479 1008/454 1009/455
f 1003/480 1010/454 1004/479
f 1003/480 1009/455 1010/454
f 1004/479 1005/453 999/477
f 1004/479 1010/454 1005/453
f 1012/481 1000/478 1013/482
f 1012/481 999/477 1000/478
f 1014/481 1000/478 1001/477
f 1014/481 1013/482 1000/478
f 1015/483 1001/477 1002/479
f 1015/483 1014/481 1001/477
f 1016/484 1002/479 1003/480
f 1016/484 1015/483 1002/479
f 1016/484 1004/479 1017/483
f 1016/484 1003/480 1004/479
f 1017/483 999/477 1012/481
f 1017/483 1004/479 999/477
f 1019/457 1013/482 1020/458
f 1019/457 1012/481 1013/482
f 1021/457 1013/482 1014/481
f 1021/457 1020/458 1013/482
f 1022/459 1014/481 1015/483
f 1022/459 1021/457 1014/481
f 1022/459 1016/484 1023/460
f 1022/459 1015/483 1016/484
f 1024/459 1016/484 1017/483
f 1024/459 1023/460 1016/484
f 1024/459 1012/481 1019/457
f 1024/459 1017/483 1012/481
f 1030/463 1025/461 1029/461
f 1030/463 1026/463 1025/461
f 1029/461 1028/462 1032/462
f 1029/461 1025/461 1028/462
f 1031/464 1026/463 1030/463
f 1031/464 1027/464 1026/463
f 1032/462 1027/464 1031/464
f 1032/462 1028/462 1027/464
f 1038/466 1033/465 1034/466
f 1038/466 1037/465 1033/465
f 1037/465 1036/467 1033/465
f 1037/465 1040/467 1036/467
f 1039/468 1034/466 1035/468
f 1039/468 1038/466 1034/466
f 1040/467 1035/468 1036/467
f 1040/467 1039/468 1035/468
f 1045/469 1042/471 1041/469
f 1045/469 1046/471 1042/471
f 1045/469 1044/470 1048/470
f 1045/469 1041/469 1044/470
f 1047/472 1042/471 1046/471
f 1047/472 1043/472 1042/471
f 1048/470 1043/472 1047/472
f 1048/470 1044/470 1043/472
f 1050/474 1053/473 1049/473
f 1050/474 1054/474 1053/473
f 1053/473 1052/475 1049/473
f 1053/473 1056/475 1052/475
f 1055/476 1050/474 1051/476
f 1055/476 1054/474 1050/474
f 1052/475 1055/476 1051/476
f 1052/475 1056/475 1055/476
f 1062/463 1057/461 1061/461
f 1062/463 1058/463 1057/461
f 1061/461 1060/462 1064/462
f 1061/461 1057/461 1060/462
f 1063/464 1058/463 1062/463
f 1063/464 1059/464 1058/463
f 1064/462 1059/464 1063/464
f 1064/462 1060/462 1059/464
f 1070/466 1065/465 1066/466
f 1070/466 1069/465 1065/465
f 1069/465 1068/467 1065/465
f 1069/465 1072/467 1068/467
f 1071/468 1066/466 1067/468
f 1071/468 1070/466 1066/466
f 1072/467 1067/468 1068/467
f 1072/467 1071/468 1067/468
f 1078/471 1073/469 1077/469
f 1078/471 1074/471 1073/469
f 1077/469 1076/470 1080/470
f 1077/469 1073/469 1076/470
f 1079/472 1074/471 1078/471
f 1079/472 1075/472 1074/471
f 1080/470 1075/472 1079/472
f 1080/470 1076/470 1075/472
f 1086/474 1081/473 1082/474
f 1086/474 1085/473 1081/473
f 1085/473 1084/475 1081/473
f 1085/473 1088/475 1084/475
f 1087/476 1082/474 1083/476
f 1087/476 1086/474 1082/474
f 1084/475 1087/476 1083/476
f 1084/475 1088/475 1087/476
f 1089/477 1096/452 1090/478
f 1089/477 1095/453 1096/452
f 1090/478 1097/453 1091/477
f 1090/478 1096/452 1097/453
f 1091/477 1098/454 1092/479
f 1091/477 1097/453 1098/454
f 1092/479 1099/455 1093/480
f 1092/479 1098/454 1099/455
f 1093/480 1100/454 1094/479
f 1093/480 1099/455 1100/454
f 1094/479 1095/453 1089/477
f 1094/479 1100/454 1095/453
f 1102/481 1090/478 1103/482
f 1102/481 1089/477 1090/478
f 1104/481 1090/478 1091/477
f 1104/481 1103/482 1090/478
f 1105/483 1091/477 1092/479
f 1105/483 1104/481 1091/477
f 1106/484 1092/479 1093/480
f 1106/484 1105/483 1092/479
f 1106/484 1094/479 1107/483
f 1106/484 1093/480 1094/479
f 1107/483 1089/477 1102/481
f 1107/483 1094/479 1089/477
f 1109/457 1103/482 1110/458
f 1109/457 1102/481 1103/482
f 1111/457 1103/482 1104/481
f 1111/457 1110/458 1103/482
f 1112/459 1104/481 1105/483
f 1112/459 1111/457 1104/481
f 1112/459 1106/484 1113/460
f 1112/459 1105/483 1106/484
f 1114/459 1106/484 1107/483
f 1114/459 1113/460 1106/484
f 1114/459 1102/481 1109/457
f 1114/459 1107/483 1102/481
f 1120/463 1115/461 1119/461
f 1120/463 1116/463 1115/461
f 1119/461 1118/462 1122/462
f 1119/461 1115/461 1118/462
f 1121/464 1116/463 1120/463
f 1121/464 1117/464 1116/463
f 1122/462 1117/464 1121/464
f 1122/462 1118/462 1117/464
f 1128/466 1123/465 1124/466
f 1128/466 1127/465 1123/465
f 1127/465 1126/467 1123/465
f 1127/465 1130/467 1126/467
f 1129/468 1124/466 1125/468
f 1129/468 1128/466 1124/466
f 1130/467 1125/468 1126/467
f 1130/467 1129/468 1125/468
f 1135/469 1132/471 1131/469
f 1135/469 1136/471 1132/471
f 1135/469 1134/470 1138/470
f 1135/469 1131/469 1134/470
f 1137/472 1132/471 1136/471
f 1137/472 1133/472 1132/471
f 1138/470 1133/472 1137/472
f 1138/470 1134/470 1133/472
f 1140/474 1143/473 1139/473
f 1140/474 1144/474 1143/473
f 1143/473 1142/475 1139/473
f 1143/473 1146/475 1142/475
f 1145/476 1140/474 1141/476
f 1145/476 1144/474 1140/474
f 1142/475 1145/476 1141/476
f 1142/475 1146/475 1145/476
f 1152/463 1147/461 1151/461
f 1152/463 1148/463 1147/461
f 1151/461 1150/462 1154/462
f 1151/461 1147/461 1150/462
f 1153/464 1148/463 1152/463
f 1153/464 1149/464 1148/463
f 1154/462 1149/464 1153/464
f 1154/462 1150/462 1149/464
f 1160/466 1155/465 1156/466
f 1160/466 1159/465 1155/465
f 1159/465 1158/467 1155/465
f 1159/465 1162/467 1158/467
f 1161/468 1156/466 1157/468
f 1161/468 1160/466 1156/466
f 1162/467 1157/468 1158/467
f 1162/467 1161/468 1157/468
f 1168/471 1163/469 1167/469
f 1168/471 1164/471 1163/469
f 1167/469 1166/470 1170/470
f 1167/469 1163/469 1166/470
f 1169/472 1164/471 1168/471
f 1169/472 1165/472 1164/471
f 1170/470 1165/472 1169/472
f 1170/470 1166/470 1165/472
f 1176/474 1171/473 1172/474
f 1176/474 1175/473 1171/473
f 1175/473 1174/475 1171/473
f 1175/473 1178/475 1174/475
f 1177/476 1172/474 1173/476
f 1177/476 1176/474 1172/474
f 1174/475 1177/476 1173/476
f 1174/475 1178/475 1177/476
f 1185/453 1180/478 1186/452
f 1185/453 1179/477 1180/478
f 1186/452 1181/477 1187/453
f 1186/452 1180/478 1181/477
f 1187/453 1182/479 1188/454
f 1187/453 1181/477 1182/479
f 1188/454 1183/480 1189/455
f 1188/454 1182/479 1183/480
f 1189/455 1184/479 1190/454
f 1189/455 1183/480 1184/479
f 1190/454 1179/477 1185/453
f 1190/454 1184/479 1179/477
f 1180/478 1192/481 1193/482
f 1180/478 1179/477 1192/481
f 1180/478 1194/481 1181/477
f 1180/478 1193/482 1194/481
f 1181/477 1195/483 1182/479
f 1181/477 1194/481 1195/483
f 1182/479 1196/484 1183/480
f 1182/479 1195/483 1196/484
f 1184/479 1196/484 1197/483
f 1184/479 1183/480 1196/484
f 1179/477 1197/483 1192/481
f 1179/477 1184/479 1197/483
f 1193/482 1199/457 1200/458
f 1193/482 1192/481 1199/457
f 1193/482 1201/457 1194/481
f 1193/482 1200/458 1201/457
f 1194/481 1202/459 1195/483
f 1194/481 1201/457 1202/459
f 1196/484 1202/459 1203/460
f 1196/484 1195/483 1202/459
f 1196/484 1204/459 1197/483
f 1196/484 1203/460 1204/459
f 1192/481 1204/459 1199/457
f 1192/481 1197/483 1204/459
f 1206/463 1209/461 1205/461
f 1206/463 1210/463 1209/461
f 1205/461 1212/462 1208/462
f 1205/461 1209/461 1212/462
f 1207/464 1210/463 1206/463
f 1207/464 1211/464 1210/463
f 1208/462 1211/464 1207/464
f 1208/462 1212/462 1211/464
f 1217/465 1214/466 1213/465
f 1217/465 1218/466 1214/466
f 1220/467 1213/465 1216/467
f 1220/467 1217/465 1213/465
f 1218/466 1215/468 1214/466
f 1218/466 1219/468 1215/468
f 1215/468 1220/467 1216/467
f 1215/468 1219/468 1220/467
f 1222/471 1225/469 1221/469
f 1222/471 1226/471 1225/469
f 1221/469 1228/470 1224/470
f 1221/469 1225/469 1228/470
f 1223/472 1226/471 1222/471
f 1223/472 1227/472 1226/471
f 1223/472 1228/470 1227/472
f 1223/472 1224/470 1228/470
f 1229/473 1234/474 1230/474
f 1229/473 1233/473 1234/474
f 1236/475 1229/473 1232/475
f 1236/475 1233/473 1229/473
f 1234/474 1231/476 1230/474
f 1234/474 1235/476 1231/476
f 1235/476 1232/475 1231/476
f 1235/476 1236/475 1232/475
f 1239/485 1238/486 1237/486
f 1239/485 1240/485 1238/486
f 1244/487 1241/488 1242/488
f 1244/487 1243/487 1241/488
f 1244/487 1238/486 1243/487
f 1244/487 1237/486 1238/486
f 1248/489 1246/490 1245/490
f 1248/489 1247/489 1246/490
f 1242/488 1247/489 1248/489
f 1242/488 1241/488 1247/489
f 1252/491 1250/492 1249/492
f 1252/491 1251/491 1250/492
f 1240/485 1249/492 1250/492
f 1240/485 1239/485 1249/492
f 1246/490 1252/491 1245/490
f 1246/490 1251/491 1252/491
f 1241/488 1243/487 1247/489
f 1247/489 1243/487 1246/490
f 1246/490 1243/487 1251/491
f 1243/487 1238/486 1251/491
f 1251/491 1238/486 1250/492
f 1250/492 1238/486 1240/485
f 1248/489 1245/490 1242/488
f 1242/488 1245/490 1244/487
f 1244/487 1245/490 1237/486
f 1245/490 1252/491 1237/486
f 1237/486 1252/491 1239/485
f 1239/485 1252/491 1249/492
f 1255/485 1254/486 1253/486
f 1255/485 1256/485 1254/486
f 1260/487 1257/488 1258/488
f 1260/487 1259/487 1257/488
f 1260/487 1254/486 1259/487
f 1260/487 1253/486 1254/486
f 1264/489 1262/490 1261/490
f 1264/489 1263/489 1262/490
f 1258/488 1263/489 1264/489
f 1258/488 1257/488 1263/489
f 1268/491 1266/492 1265/492
f 1268/491 1267/491 1266/492
f 1256/485 1265/492 1266/492
f 1256/485 1255/485 1265/492
f 1262/490 1268/491 1261/490
f 1262/490 1267/491 1268/491
f 1257/488 1259/487 1263/489
f 1263/489 1259/487 1262/490
f 1262/490 1259/487 1267/491
f 1259/487 1254/486 1267/491
f 1267/491 1254/486 1266/492
f 1266/492 1254/486 1256/485
f 1264/489 1261/490 1258/488
f 1258/488 1261/490 1260/487
f 1260/487 1261/490 1253/486
f 1261/490 1268/491 1253/486
f 1253/486 1268/491 1255/485
f 1255/485 1268/491 1265/492
f 1270/496 1271/495 1272/494
f 1270/496 1269/493 1271/495
f 1272/500 1273/499 1274/498
f 1272/500 1271/497 1273/499
f 1276/498 1269/497 1270/500
f 1276/498 1275/499 1269/497
f 1269/497 1273/499 1271/497
f 1269/497 1275/499 1273/499
f 1276/498 1272/500 1274/498
f 1276/498 1270/500 1272/500
f 1273/502 1279/501 1277/503
f 1273/502 1275/504 1279/501
f 1275/504 1280/505 1279/501
f 1275/504 1276/506 1280/505
f 1274/507 1280/505 1276/506
f 1274/507 1278/508 1280/505
f 1273/502 1278/508 1274/507
f 1273/502 1277/503 1278/508
f 1278/508 1279/501 1280/505
f 1278/508 1277/503 1279/501
f 1282/512 1283/511 1284/510
f 1282/512 1281/509 1283/511
f 1286/510 1287/509 1288/512
f 1286/510 1285/511 1287/509
f 1281/509 1285/511 1283/511
f 1281/509 1287/509 1285/511
f 1288/512 1284/510 1286/510
f 1288/512 1282/512 1284/510
f 1286/510 1291/514 1285/511
f 1286/510 1292/513 1291/514
f 1283/511 1290/513 1284/510
f 1283/511 1289/514 1290/513
f 1289/514 1296/515 1291/514
f 1289/514 1295/515 1296/515
f 1283/511 1295/515 1289/514
f 1283/511 1293/516 1295/515
f 1285/511 1293/516 1283/511
f 1285/511 1294/516 1293/516
f 1291/514 1294/516 1285/511
f 1291/514 1296/515 1294/516
f 1292/513 1299/517 1290/513
f 1292/513 1300/517 1299/517
f 1286/510 1300/517 1292/513
f 1286/510 1298/518 1300/517
f 1284/510 1298/518 1286/510
f 1284/510 1297/518 1298/518
f 1290/513 1297/518 1284/510
f 1290/513 1299/517 1297/518
f 1291/514 1301/519 1289/514
f 1291/514 1303/519 1301/519
f 1292/513 1303/519 1291/514
f 1292/513 1304/520 1303/519
f 1290/513 1304/520 1292/513
f 1290/513 1302/520 1304/520
f 1289/514 1302/520 1290/513
f 1289/514 1301/519 1302/520
f 1304/520 1307/522 1303/519
f 1304/520 1308/521 1307/522
f 1301/519 1306/521 1302/520
f 1301/519 1305/522 1306/521
f 1306/521 1307/522 1308/521
f 1306/521 1305/522 1307/522
f 1308/521 1311/523 1306/521
f 1308/521 1312/523 1311/523
f 1304/520 1312/523 1308/521
f 1304/520 1310/524 1312/523
f 1302/520 1310/524 1304/520
f 1302/520 1309/524 1310/524
f 1306/521 1309/524 1302/520
f 1306/521 1311/523 1309/524
f 1305/522 1316/525 1307/522
f 1305/522 1315/525 1316/525
f 1301/519 1315/525 1305/522
f 1301/519 1313/526 1315/525
f 1303/519 1313/526 1301/519
f 1303/519 1314/526 1313/526
f 1307/522 1314/526 1303/519
f 1307/522 1316/525 1314/526
f 1318/530 1319/529 1320/528
f 1318/530 1317/527 1319/529
f 1320/528 1321/529 1322/528
f 1320/528 1319/529 1321/529
f 1322/528 1323/527 1324/530
f 1322/528 1321/529 1323/527
f 1324/530 1317/527 1318/530
f 1324/530 1323/527 1317/527
f 1324/530 1320/528 1322/528
f 1324/530 1318/530 1320/528
f 1328/485 1325/486 1326/486
f 1328/485 1327/485 1325/486
f 1331/487 1330/488 1329/488
f 1331/487 1332/487 1330/488
f 1325/486 1331/487 1326/486
f 1325/486 1332/487 1331/487
f 1335/489 1333/490 1334/490
f 1335/489 1336/489 1333/490
f 1329/488 1336/489 1335/489
f 1329/488 1330/488 1336/489
f 1339/491 1337/492 1338/492
f 1339/491 1340/491 1337/492
f 1327/485 1338/492 1337/492
f 1327/485 1328/485 1338/492
f 1339/491 1333/490 1340/491
f 1339/491 1334/490 1333/490
f 1335/489 1334/490 1329/488
f 1329/488 1334/490 1331/487
f 1331/487 1334/490 1326/486
f 1334/490 1339/491 1326/486
f 1326/486 1339/491 1328/485
f 1328/485 1339/491 1338/492
f 1330/488 1332/487 1336/489
f 1336/489 1332/487 1333/490
f 1333/490 1332/487 1340/491
f 1332/487 1325/486 1340/491
f 1340/491 1325/486 1337/492
f 1337/492 1325/486 1327/485
f 1344/485 1341/486 1342/486
f 1344/485 1343/485 1341/486
f 1347/487 1346/488 1345/488
f 1347/487 1348/487 1346/488
f 1341/486 1347/487 1342/486
f 1341/486 1348/487 1347/487
f 1351/489 1349/490 1350/490
f 1351/489 1352/489 1349/490
f 1345/488 1352/489 1351/489
f 1345/488 1346/488 1352/489
f 1355/491 1353/492 1354/492
f 1355/491 1356/491 1353/492
f 1343/485 1354/492 1353/492
f 1343/485 1344/485 1354/492
f 1355/491 1349/490 1356/491
f 1355/491 1350/490 1349/490
f 1351/489 1350/490 1345/488
f 1345/488 1350/490 1347/487
f 1347/487 1350/490 1342/486
f 1350/490 1355/491 1342/486
f 1342/486 1355/491 1344/485
f 1344/485 1355/491 1354/492
f 1346/488 1348/487 1352/489
f 1352/489 1348/487 1349/490
f 1349/490 1348/487 1356/491
f 1348/487 1341/486 1356/491
f 1356/491 1341/486 1353/492
f 1353/492 1341/486 1343/485
f 1357/509 1360/510 1359/511
f 1357/509 1358/512 1360/510
f 1361/511 1364/512 1363/509
f 1361/511 1362/510 1364/512
f 1363/509 1359/511 1361/511
f 1363/509 1357/509 1359/511
f 1358/512 1362/510 1360/510
f 1358/512 1364/512 1362/510
f 1368/513 1361/511 1367/514
f 1368/513 1362/510 1361/511
f 1365/514 1360/510 1366/513
f 1365/514 1359/511 1360/510
f 1371/515 1367/514 1372/515
f 1371/515 1365/514 1367/514
f 1369/516 1365/514 1371/515
f 1369/516 1359/511 1365/514
f 1370/516 1359/511 1369/516
f 1370/516 1361/511 1359/511
f 1372/515 1361/511 1370/516
f 1372/515 1367/514 1361/511
f 1376/517 1366/513 1375/517
f 1376/517 1368/513 1366/513
f 1374/518 1368/513 1376/517
f 1374/518 1362/510 1368/513
f 1373/518 1362/510 1374/518
f 1373/518 1360/510 1362/510
f 1375/517 1360/510 1373/518
f 1375/517 1366/513 1360/510
f 1379/519 1365/514 1377/519
f 1379/519 1367/514 1365/514
f 1380/520 1367/514 1379/519
f 1380/520 1368/513 1367/514
f 1378/520 1368/513 1380/520
f 1378/520 1366/513 1368/513
f 1377/519 1366/513 1378/520
f 1377/519 1365/514 1366/513
f 1384/521 1379/519 1383/522
f 1384/521 1380/520 1379/519
f 1381/522 1378/520 1382/521
f 1381/522 1377/519 1378/520
f 1381/522 1384/521 1383/522
f 1381/522 1382/521 1384/521
f 1388/523 1382/521 1387/523
f 1388/523 1384/521 1382/521
f 1386/524 1384/521 1388/523
f 1386/524 1380/520 1384/521
f 1385/524 1380/520 1386/524
f 1385/524 1378/520 1380/520
f 1387/523 1378/520 1385/524
f 1387/523 1382/521 1378/520
f 1391/525 1383/522 1392/525
f 1391/525 1381/522 1383/522
f 1389/526 1381/522 1391/525
f 1389/526 1377/519 1381/522
f 1390/526 1377/519 1389/526
f 1390/526 1379/519 1377/519
f 1392/525 1379/519 1390/526
f 1392/525 1383/522 1379/519
f 1393/527 1396/528 1395/529
f 1393/527 1394/530 1396/528
f 1395/529 1398/528 1397/529
f 1395/529 1396/528 1398/528
f 1397/529 1400/530 1399/527
f 1397/529 1398/528 1400/530
f 1399/527 1394/530 1393/527
f 1399/527 1400/530 1394/530
f 1394/530 1398/528 1396/528
f 1394/530 1400/530 1398/528
f 1402/496 1403/495 1404/494
f 1402/496 1401/493 1403/495
f 1404/500 1405/499 1406/498
f 1404/500 1403/497 1405/499
f 1408/498 1401/497 1402/500
f 1408/498 1407/499 1401/497
f 1401/497 1405/499 1403/497
f 1401/497 1407/499 1405/499
f 1408/498 1404/500 1406/498
f 1408/498 1402/500 1404/500
f 1405/502 1411/501 1409/503
f 1405/502 1407/504 1411/501
f 1407/504 1412/505 1411/501
f 1407/504 1408/506 1412/505
f 1406/507 1412/505 1408/506
f 1406/507 1410/508 1412/505
f 1405/502 1410/508 1406/507
f 1405/502 1409/503 1410/508
f 1410/508 1411/501 1412/505
f 1410/508 1409/503 1411/501
f 1414/463 1417/461 1413/461
f 1414/463 1418/463 1417/461
f 1413/461 1420/462 1416/462
f 1413/461 1417/461 1420/462
f 1415/464 1418/463 1414/463
f 1415/464 1419/464 1418/463
f 1415/464 1420/462 1419/464
f 1415/464 1416/462 1420/462
f 1421/465 1426/466 1422/466
f 1421/465 1425/465 1426/466
f 1428/467 1421/465 1424/467
f 1428/467 1425/465 1421/465
f 1426/466 1423/468 1422/466
f 1426/466 1427/468 1423/468
f 1423/468 1428/467 1424/467
f 1423/468 1427/468 1428/467
f 1429/469 1434/471 1433/469
f 1429/469 1430/471 1434/471
f 1429/469 1436/470 1432/470
f 1429/469 1433/469 1436/470
f 1431/472 1434/471 1430/471
f 1431/472 1435/472 1434/471
f 1432/470 1435/472 1431/472
f 1432/470 1436/470 1435/472
f 1441/473 1438/474 1437/473
f 1441/473 1442/474 1438/474
f 1444/475 1437/473 1440/475
f 1444/475 1441/473 1437/473
f 1442/474 1439/476 1438/474
f 1442/474 1443/476 1439/476
f 1443/476 1440/475 1439/476
f 1443/476 1444/475 1440/475
f 1451/453 1446/478 1452/452
f 1451/453 1445/477 1446/478
f 1452/452 1447/477 1453/453
f 1452/452 1446/478 1447/477
f 1453/453 1448/479 1454/454
f 1453/453 1447/477 1448/479
f 1454/454 1449/480 1455/455
f 1454/454 1448/479 1449/480
f 1455/455 1450/479 1456/454
f 1455/455 1449/480 1450/479
f 1456/454 1445/477 1451/453
f 1456/454 1450/479 1445/477
f 1446/478 1458/481 1459/482
f 1446/478 1445/477 1458/481
f 1446/478 1460/481 1447/477
f 1446/478 1459/482 1460/481
f 1447/477 1461/483 1448/479
f 1447/477 1460/481 1461/483
f 1448/479 1462/484 1449/480
f 1448/479 1461/483 1462/484
f 1450/479 1462/484 1463/483
f 1450/479 1449/480 1462/484
f 1445/477 1463/483 1458/481
f 1445/477 1450/479 1463/483
f 1459/482 1465/457 1466/458
f 1459/482 1458/481 1465/457
f 1459/482 1467/457 1460/481
f 1459/482 1466/458 1467/457
f 1460/481 1468/459 1461/483
f 1460/481 1467/457 1468/459
f 1462/484 1468/459 1469/460
f 1462/484 1461/483 1468/459
f 1462/484 1470/459 1463/483
f 1462/484 1469/460 1470/459
f 1458/481 1470/459 1465/457
f 1458/481 1463/483 1470/459
f 1472/463 1475/461 1471/461
f 1472/463 1476/463 1475/461
f 1471/461 1478/462 1474/462
f 1471/461 1475/461 1478/462
f 1473/464 1476/463 1472/463
f 1473/464 1477/464 1476/463
f 1474/462 1477/464 1473/464
f 1474/462 1478/462 1477/464
f 1483/465 1480/466 1479/465
f 1483/465 1484/466 1480/466
f 1486/467 1479/465 1482/467
f 1486/467 1483/465 1479/465
f 1484/466 1481/468 1480/466
f 1484/466 1485/468 1481/468
f 1481/468 1486/467 1482/467
f 1481/468 1485/468 1486/467
f 1488/471 1491/469 1487/469
f 1488/471 1492/471 1491/469
f 1487/469 1494/470 1490/470
f 1487/469 1491/469 1494/470
f 1489/472 1492/471 1488/471
f 1489/472 1493/472 1492/471
f 1489/472 1494/470 1493/472
f 1489/472 1490/470 1494/470
f 1495/473 1500/474 1496/474
f 1495/473 1499/473 1500/474
f 1502/475 1495/473 1498/475
f 1502/475 1499/473 1495/473
f 1500/474 1497/476 1496/474
f 1500/474 1501/476 1497/476
f 1501/476 1498/475 1497/476
f 1501/476 1502/475 1498/475
f 1504/463 1507/461 1503/461
f 1504/463 1508/463 1507/461
f 1503/461 1510/462 1506/462
f 1503/461 1507/461 1510/462
f 1505/464 1508/463 1504/463
f 1505/464 1509/464 1508/463
f 1505/464 1510/462 1509/464
f 1505/464 1506/462 1510/462
f 1511/465 1516/466 1512/466
f 1511/465 1515/465 1516/466
f 1518/467 1511/465 1514/467
f 1518/467 1515/465 1511/465
f 1516/466 1513/468 1512/466
f 1516/466 1517/468 1513/468
f 1513/468 1518/467 1514/467
f 1513/468 1517/468 1518/467
f 1519/469 1524/471 1523/469
f 1519/469 1520/471 1524/471
f 1519/469 1526/470 1522/470
f 1519/469 1523/469 1526/470
f 1521/472 1524/471 1520/471
f 1521/472 1525/472 1524/471
f 1522/470 1525/472 1521/472
f 1522/470 1526/470 1525/472
f 1531/473 1528/474 1527/473
f 1531/473 1532/474 1528/474
f 1534/475 1527/473 1530/475
f 1534/475 1531/473 1527/473
f 1532/474 1529/476 1528/474
f 1532/474 1533/476 1529/476
f 1533/476 1530/475 1529/476
f 1533/476 1534/475 1530/475
f 1541/453 1536/478 1542/452
f 1541/453 1535/477 1536/478
f 1542/452 1537/477 1543/453
f 1542/452 1536/478 1537/477
f 1543/453 1538/479 1544/454
f 1543/453 1537/477 1538/479
f 1544/454 1539/480 1545/455
f 1544/454 1538/479 1539/480
f 1545/455 1540/479 1546/454
f 1545/455 1539/480 1540/479
f 1546/454 1535/477 1541/453
f 1546/454 1540/479 1535/477
f 1536/478 1548/481 1549/482
f 1536/478 1535/477 1548/481
f 1536/478 1550/481 1537/477
f 1536/478 1549/482 1550/481
f 1537/477 1551/483 1538/479
f 1537/477 1550/481 1551/483
f 1538/479 1552/484 1539/480
f 1538/479 1551/483 1552/484
f 1540/479 1552/484 1553/483
f 1540/479 1539/480 1552/484
f 1535/477 1553/483 1548/481
f 1535/477 1540/479 1553/483
f 1549/482 1555/457 1556/458
f 1549/482 1548/481 1555/457
f 1549/482 1557/457 1550/481
f 1549/482 1556/458 1557/457
f 1550/481 1558/459 1551/483
f 1550/481 1557/457 1558/459
f 1552/484 1558/459 1559/460
f 1552/484 1551/483 1558/459
f 1552/484 1560/459 1553/483
f 1552/484 1559/460 1560/459
f 1548/481 1560/459 1555/457
f 1548/481 1553/483 1560/459
f 1562/463 1565/461 1561/461
f 1562/463 1566/463 1565/461
f 1561/461 1568/462 1564/462
f 1561/461 1565/461 1568/462
f 1563/464 1566/463 1562/463
f 1563/464 1567/464 1566/463
f 1563/464 1568/462 1567/464
f 1563/464 1564/462 1568/462
f 1573/465 1570/466 1569/465
f 1573/465 1574/466 1570/466
f 1576/467 1569/465 1572/467
f 1576/467 1573/465 1569/465
f 1574/466 1571/468 1570/466
f 1574/466 1575/468 1571/468
f 1571/468 1576/467 1572/467
f 1571/468 1575/468 1576/467
f 1578/471 1581/469 1577/469
f 1578/471 1582/471 1581/469
f 1577/469 1584/470 1580/470
f 1577/469 1581/469 1584/470
f 1579/472 1582/471 1578/471
f 1579/472 1583/472 1582/471
f 1579/472 1584/470 1583/472
f 1579/472 1580/470 1584/470
f 1589/473 1586/474 1585/473
f 1589/473 1590/474 1586/474
f 1592/475 1585/473 1588/475
f 1592/475 1589/473 1585/473
f 1590/474 1587/476 1586/474
f 1590/474 1591/476 1587/476
f 1591/476 1588/475 1587/476
f 1591/476 1592/475 1588/475
f 1593/461 1598/463 1597/461
f 1593/461 1594/463 1598/463
f 1593/461 1600/462 1596/462
f 1593/461 1597/461 1600/462
f 1595/464 1598/463 1594/463
f 1595/464 1599/464 1598/463
f 1595/464 1600/462 1599/464
f 1595/464 1596/462 1600/462
f 1601/465 1606/466 1602/466
f 1601/465 1605/465 1606/466
f 1608/467 1601/465 1604/467
f 1608/467 1605/465 1601/465
f 1606/466 1603/468 1602/466
f 1606/466 1607/468 1603/468
f 1603/468 1608/467 1604/467
f 1603/468 1607/468 1608/467
f 1609/469 1614/471 1613/469
f 1609/469 1610/471 1614/471
f 1609/469 1616/470 1612/470
f 1609/469 1613/469 1616/470
f 1611/472 1614/471 1610/471
f 1611/472 1615/472 1614/471
f 1611/472 1616/470 1615/472
f 1611/472 1612/470 1616/470
f 1617/473 1622/474 1618/474
f 1617/473 1621/473 1622/474
f 1624/475 1617/473 1620/475
f 1624/475 1621/473 1617/473
f 1622/474 1619/476 1618/474
f 1622/474 1623/476 1619/476
f 1623/476 1620/475 1619/476
f 1623/476 1624/475 1620/475
f 1631/453 1626/478 1632/452
f 1631/453 1625/477 1626/478
f 1632/452 1627/477 1633/453
f 1632/452 1626/478 1627/477
f 1633/453 1628/479 1634/454
f 1633/453 1627/477 1628/479
f 1634/454 1629/480 1635/455
f 1634/454 1628/479 1629/480
f 1635/455 1630/479 1636/454
f 1635/455 1629/480 1630/479
f 1636/454 1625/477 1631/453
f 1636/454 1630/479 1625/477
f 1626/478 1638/481 1639/482
f 1626/478 1625/477 1638/481
f 1626/478 1640/481 1627/477
f 1626/478 1639/482 1640/481
f 1627/477 1641/483 1628/479
f 1627/477 1640/481 1641/483
f 1628/479 1642/484 1629/480
f 1628/479 1641/483 1642/484
f 1630/479 1642/484 1643/483
f 1630/479 1629/480 1642/484
f 1625/477 1643/483 1638/481
f 1625/477 1630/479 1643/483
f 1639/482 1645/457 1646/458
f 1639/482 1638/481 1645/457
f 1639/482 1647/457 1640/481
f 1639/482 1646/458 1647/457
f 1640/481 1648/459 1641/483
f 1640/481 1647/457 1648/459
f 1642/484 1648/459 1649/460
f 1642/484 1641/483 1648/459
f 1642/484 1650/459 1643/483
f 1642/484 1649/460 1650/459
f 1638/481 1650/459 1645/457
f 1638/481 1643/483 1650/459
f 1652/463 1655/461 1651/461
f 1652/463 1656/463 1655/461
f 1651/461 1658/462 1654/462
f 1651/461 1655/461 1658/462
f 1653/464 1656/463 1652/463
f 1653/464 1657/464 1656/463
f 1653/464 1658/462 1657/464
f 1653/464 1654/462 1658/462
f 1663/465 1660/466 1659/465
f 1663/465 1664/466 1660/466
f 1666/467 1659/465 1662/467
f 1666/467 1663/465 1659/465
f 1664/466 1661/468 1660/466
f 1664/466 1665/468 1661/468
f 1661/468 1666/467 1662/467
f 1661/468 1665/468 1666/467
f 1668/471 1671/469 1667/469
f 1668/471 1672/471 1671/469
f 1667/469 1674/470 1670/470
f 1667/469 1671/469 1674/470
f 1669/472 1672/471 1668/471
f 1669/472 1673/472 1672/471
f 1669/472 1674/470 1673/472
f 1669/472 1670/470 1674/470
f 1679/473 1676/474 1675/473
f 1679/473 1680/474 1676/474
f 1682/475 1675/473 1678/475
f 1682/475 1679/473 1675/473
f 1680/474 1677/476 1676/474
f 1680/474 1681/476 1677/476
f 1681/476 1678/475 1677/476
f 1681/476 1682/475 1678/475
f 1683/461 1688/463 1687/461
f 1683/461 1684/463 1688/463
f 1683/461 1690/462 1686/462
f 1683/461 1687/461 1690/462
f 1685/464 1688/463 1684/463
f 1685/464 1689/464 1688/463
f 1685/464 1690/462 1689/464
f 1685/464 1686/462 1690/462
f 1691/465 1696/466 1692/466
f 1691/465 1695/465 1696/466
f 1698/467 1691/465 1694/467
f 1698/467 1695/465 1691/465
f 1696/466 1693/468 1692/466
f 1696/466 1697/468 1693/468
f 1693/468 1698/467 1694/467
f 1693/468 1697/468 1698/467
f 1699/469 1704/471 1703/469
f 1699/469 1700/471 1704/471
f 1699/469 1706/470 1702/470
f 1699/469 1703/469 1706/470
f 1701/472 1704/471 1700/471
f 1701/472 1705/472 1704/471
f 1701/472 1706/470 1705/472
f 1701/472 1702/470 1706/470
f 1707/473 1712/474 1708/474
f 1707/473 1711/473 1712/474
f 1714/475 1707/473 1710/475
f 1714/475 1711/473 1707/473
f 1712/474 1709/476 1708/474
f 1712/474 1713/476 1709/476
f 1713/476 1710/475 1709/476
f 1713/476 1714/475 1710/475
